Month,Year,Gaps,Good,Minimum,Maximum,Mean,Std_Dev,Location,Latitude,Longitude
10,1992,5520,1920,0.181,2.248,1.225,0.556,FIJI,-18.1239696,179.0122737
11,1992,0,7200,0.206,2.194,1.218,0.473,FIJI,-18.1239696,179.0122737
12,1992,0,7440,0.277,2.609,1.283,0.474,FIJI,-18.1239696,179.0122737
1,1993,0,7440,0.042,2.160,1.169,0.480,FIJI,-18.1239696,179.0122737
2,1993,0,6720,0.050,2.270,1.197,0.502,FIJI,-18.1239696,179.0122737
3,1993,0,7440,0.130,2.289,1.183,0.483,FIJI,-18.1239696,179.0122737
4,1993,0,7200,0.138,2.278,1.164,0.484,FIJI,-18.1239696,179.0122737
5,1993,0,7440,0.128,2.196,1.176,0.489,FIJI,-18.1239696,179.0122737
6,1993,0,7200,0.202,2.174,1.177,0.485,FIJI,-18.1239696,179.0122737
7,1993,0,7440,0.191,2.139,1.2,0.486,FIJI,-18.1239696,179.0122737
8,1993,0,7440,0.112,2.145,1.171,0.490,FIJI,-18.1239696,179.0122737
9,1993,0,7200,0.132,2.255,1.169,0.486,FIJI,-18.1239696,179.0122737
10,1993,0,7440,0.148,2.302,1.232,0.478,FIJI,-18.1239696,179.0122737
11,1993,0,7200,0.133,2.363,1.25,0.480,FIJI,-18.1239696,179.0122737
12,1993,720,6720,0.204,2.325,1.269,0.488,FIJI,-18.1239696,179.0122737
1,1994,0,7440,0.189,2.186,1.239,0.498,FIJI,-18.1239696,179.0122737
2,1994,0,6720,0.229,2.231,1.27,0.486,FIJI,-18.1239696,179.0122737
3,1994,0,7440,0.118,2.297,1.249,0.498,FIJI,-18.1239696,179.0122737
4,1994,0,7200,0.095,2.297,1.239,0.489,FIJI,-18.1239696,179.0122737
5,1994,0,7440,0.023,2.231,1.174,0.486,FIJI,-18.1239696,179.0122737
6,1994,0,7200,0.065,2.198,1.154,0.478,FIJI,-18.1239696,179.0122737
7,1994,0,7440,0.175,2.147,1.185,0.467,FIJI,-18.1239696,179.0122737
8,1994,0,7440,0.244,2.093,1.199,0.470,FIJI,-18.1239696,179.0122737
9,1994,0,7200,0.210,2.108,1.144,0.482,FIJI,-18.1239696,179.0122737
10,1994,0,7440,0.171,2.242,1.18,0.490,FIJI,-18.1239696,179.0122737
11,1994,0,7200,0.093,2.313,1.243,0.502,FIJI,-18.1239696,179.0122737
12,1994,0,7440,0.089,2.330,1.238,0.506,FIJI,-18.1239696,179.0122737
1,1995,0,7440,0.114,2.324,1.26,0.497,FIJI,-18.1239696,179.0122737
2,1995,0,6720,0.290,2.272,1.257,0.477,FIJI,-18.1239696,179.0122737
3,1995,0,7440,0.320,2.210,1.265,0.488,FIJI,-18.1239696,179.0122737
4,1995,0,7200,0.181,2.186,1.208,0.481,FIJI,-18.1239696,179.0122737
5,1995,0,7440,0.023,2.187,1.125,0.476,FIJI,-18.1239696,179.0122737
6,1995,0,7200,-0.036,2.178,1.083,0.480,FIJI,-18.1239696,179.0122737
7,1995,0,7440,0.024,2.230,1.136,0.488,FIJI,-18.1239696,179.0122737
8,1995,0,7440,0.092,2.254,1.2,0.493,FIJI,-18.1239696,179.0122737
9,1995,960,6240,0.212,2.174,1.227,0.485,FIJI,-18.1239696,179.0122737
10,1995,7440,0,,,,,FIJI,-18.1239696,179.0122737
11,1995,2580,4620,0.201,2.330,1.294,0.489,FIJI,-18.1239696,179.0122737
12,1995,0,7440,0.149,2.404,1.291,0.495,FIJI,-18.1239696,179.0122737
1,1996,290,7150,0.122,2.404,1.268,0.496,FIJI,-18.1239696,179.0122737
2,1996,0,6960,0.178,2.364,1.271,0.490,FIJI,-18.1239696,179.0122737
3,1996,0,7440,0.276,2.249,1.268,0.480,FIJI,-18.1239696,179.0122737
4,1996,0,7200,0.320,2.152,1.243,0.486,FIJI,-18.1239696,179.0122737
5,1996,0,7440,0.186,2.132,1.173,0.487,FIJI,-18.1239696,179.0122737
6,1996,0,7200,0.105,2.248,1.177,0.482,FIJI,-18.1239696,179.0122737
7,1996,0,7440,0.090,2.350,1.226,0.504,FIJI,-18.1239696,179.0122737
8,1996,0,7440,0.104,2.314,1.218,0.509,FIJI,-18.1239696,179.0122737
9,1996,0,7200,0.243,2.264,1.288,0.497,FIJI,-18.1239696,179.0122737
10,1996,0,7440,0.360,2.310,1.305,0.485,FIJI,-18.1239696,179.0122737
11,1996,231,6969,0.326,2.238,1.306,0.491,FIJI,-18.1239696,179.0122737
12,1996,0,7440,0.276,2.351,1.362,0.490,FIJI,-18.1239696,179.0122737
1,1997,0,7440,0.165,2.381,1.349,0.489,FIJI,-18.1239696,179.0122737
2,1997,0,6720,0.213,2.445,1.369,0.506,FIJI,-18.1239696,179.0122737
3,1997,0,7440,0.233,2.777,1.368,0.503,FIJI,-18.1239696,179.0122737
4,1997,0,7200,0.298,2.389,1.333,0.496,FIJI,-18.1239696,179.0122737
5,1997,0,7440,0.226,2.407,1.242,0.500,FIJI,-18.1239696,179.0122737
6,1997,0,7200,0.216,2.162,1.229,0.498,FIJI,-18.1239696,179.0122737
7,1997,0,7440,0.112,2.206,1.229,0.495,FIJI,-18.1239696,179.0122737
8,1997,0,7440,0.088,2.285,1.2,0.496,FIJI,-18.1239696,179.0122737
9,1997,0,7200,0.113,2.290,1.211,0.495,FIJI,-18.1239696,179.0122737
10,1997,0,7440,0.130,2.268,1.237,0.496,FIJI,-18.1239696,179.0122737
11,1997,0,7200,0.162,2.287,1.223,0.493,FIJI,-18.1239696,179.0122737
12,1997,0,7440,0.172,2.220,1.254,0.497,FIJI,-18.1239696,179.0122737
1,1998,120,7320,0.191,2.315,1.263,0.506,FIJI,-18.1239696,179.0122737
2,1998,277,6443,0.164,2.323,1.252,0.498,FIJI,-18.1239696,179.0122737
3,1998,0,7440,0.100,2.247,1.2,0.515,FIJI,-18.1239696,179.0122737
4,1998,0,7200,0.065,2.197,1.148,0.491,FIJI,-18.1239696,179.0122737
5,1998,0,7440,0.047,2.166,1.131,0.483,FIJI,-18.1239696,179.0122737
6,1998,0,7200,0.111,2.136,1.158,0.476,FIJI,-18.1239696,179.0122737
7,1998,0,7440,0.171,2.047,1.136,0.470,FIJI,-18.1239696,179.0122737
8,1998,0,7440,0.157,2.092,1.131,0.477,FIJI,-18.1239696,179.0122737
9,1998,0,7200,0.062,2.098,1.124,0.488,FIJI,-18.1239696,179.0122737
10,1998,0,7440,0.100,2.224,1.142,0.499,FIJI,-18.1239696,179.0122737
11,1998,0,7200,0.073,2.281,1.187,0.504,FIJI,-18.1239696,179.0122737
12,1998,0,7440,0.028,2.310,1.165,0.512,FIJI,-18.1239696,179.0122737
1,1999,0,7440,-0.054,2.113,1.11,0.497,FIJI,-18.1239696,179.0122737
2,1999,0,6720,0.108,2.121,1.158,0.484,FIJI,-18.1239696,179.0122737
3,1999,0,7440,0.177,2.132,1.191,0.501,FIJI,-18.1239696,179.0122737
4,1999,0,7200,0.136,2.219,1.179,0.491,FIJI,-18.1239696,179.0122737
5,1999,0,7440,0.168,2.316,1.233,0.486,FIJI,-18.1239696,179.0122737
6,1999,0,7200,0.084,2.271,1.219,0.488,FIJI,-18.1239696,179.0122737
7,1999,0,7440,0.136,2.272,1.233,0.493,FIJI,-18.1239696,179.0122737
8,1999,0,7440,0.163,2.239,1.209,0.494,FIJI,-18.1239696,179.0122737
9,1999,0,7200,0.240,2.158,1.231,0.491,FIJI,-18.1239696,179.0122737
10,1999,0,7440,0.188,2.267,1.242,0.492,FIJI,-18.1239696,179.0122737
11,1999,0,7200,0.179,2.343,1.255,0.492,FIJI,-18.1239696,179.0122737
12,1999,0,7440,0.120,2.350,1.246,0.489,FIJI,-18.1239696,179.0122737
1,2000,0,7440,0.215,2.476,1.326,0.485,FIJI,-18.1239696,179.0122737
2,2000,0,6960,0.216,2.338,1.322,0.489,FIJI,-18.1239696,179.0122737
3,2000,0,7440,0.305,2.254,1.309,0.478,FIJI,-18.1239696,179.0122737
4,2000,0,7200,0.324,2.227,1.258,0.481,FIJI,-18.1239696,179.0122737
5,2000,0,7440,0.261,2.195,1.248,0.481,FIJI,-18.1239696,179.0122737
6,2000,0,7200,0.163,2.316,1.281,0.486,FIJI,-18.1239696,179.0122737
7,2000,0,7440,0.179,2.368,1.296,0.497,FIJI,-18.1239696,179.0122737
8,2000,0,7440,0.174,2.401,1.324,0.503,FIJI,-18.1239696,179.0122737
9,2000,0,7200,0.264,2.242,1.301,0.489,FIJI,-18.1239696,179.0122737
10,2000,0,7440,0.351,2.220,1.304,0.477,FIJI,-18.1239696,179.0122737
11,2000,0,7200,0.305,2.248,1.277,0.474,FIJI,-18.1239696,179.0122737
12,2000,0,7440,0.149,2.412,1.277,0.479,FIJI,-18.1239696,179.0122737
1,2001,0,7440,0.128,2.371,1.29,0.477,FIJI,-18.1239696,179.0122737
2,2001,0,6720,0.185,2.452,1.329,0.498,FIJI,-18.1239696,179.0122737
3,2001,0,7440,0.160,2.332,1.276,0.486,FIJI,-18.1239696,179.0122737
4,2001,0,7200,0.280,2.289,1.286,0.484,FIJI,-18.1239696,179.0122737
5,2001,0,7440,0.287,2.222,1.254,0.484,FIJI,-18.1239696,179.0122737
6,2001,0,7200,0.184,2.149,1.201,0.485,FIJI,-18.1239696,179.0122737
7,2001,0,7440,0.087,2.210,1.184,0.480,FIJI,-18.1239696,179.0122737
8,2001,0,7440,0.082,2.281,1.248,0.480,FIJI,-18.1239696,179.0122737
9,2001,0,7200,0.182,2.346,1.289,0.484,FIJI,-18.1239696,179.0122737
10,2001,0,7440,0.295,2.354,1.306,0.482,FIJI,-18.1239696,179.0122737
11,2001,0,7200,0.280,2.328,1.308,0.477,FIJI,-18.1239696,179.0122737
12,2001,0,7440,0.275,2.270,1.301,0.476,FIJI,-18.1239696,179.0122737
1,2002,0,7440,0.189,2.325,1.295,0.492,FIJI,-18.1239696,179.0122737
2,2002,0,6720,0.150,2.305,1.303,0.479,FIJI,-18.1239696,179.0122737
3,2002,0,7440,0.231,2.365,1.293,0.501,FIJI,-18.1239696,179.0122737
4,2002,0,7200,0.251,2.361,1.302,0.485,FIJI,-18.1239696,179.0122737
5,2002,0,7440,0.156,2.188,1.225,0.470,FIJI,-18.1239696,179.0122737
6,2002,0,7200,0.282,2.187,1.234,0.466,FIJI,-18.1239696,179.0122737
7,2002,0,7440,0.255,2.181,1.239,0.461,FIJI,-18.1239696,179.0122737
8,2002,0,7440,0.217,2.199,1.253,0.464,FIJI,-18.1239696,179.0122737
9,2002,0,7200,0.199,2.281,1.252,0.476,FIJI,-18.1239696,179.0122737
10,2002,0,7440,0.287,2.405,1.288,0.479,FIJI,-18.1239696,179.0122737
11,2002,0,7200,0.229,2.403,1.307,0.485,FIJI,-18.1239696,179.0122737
12,2002,0,7440,0.206,2.340,1.257,0.481,FIJI,-18.1239696,179.0122737
1,2003,0,7440,0.207,2.272,1.253,0.487,FIJI,-18.1239696,179.0122737
2,2003,0,6720,0.219,2.205,1.26,0.475,FIJI,-18.1239696,179.0122737
3,2003,0,7440,0.180,2.245,1.253,0.487,FIJI,-18.1239696,179.0122737
4,2003,0,7200,0.133,2.259,1.231,0.481,FIJI,-18.1239696,179.0122737
5,2003,0,7440,0.120,2.258,1.17,0.471,FIJI,-18.1239696,179.0122737
6,2003,0,7200,0.069,2.145,1.143,0.462,FIJI,-18.1239696,179.0122737
7,2003,0,7440,0.127,2.160,1.168,0.472,FIJI,-18.1239696,179.0122737
8,2003,0,7440,0.139,2.056,1.146,0.481,FIJI,-18.1239696,179.0122737
9,2003,0,7200,0.234,2.274,1.179,0.482,FIJI,-18.1239696,179.0122737
10,2003,0,7440,0.184,2.299,1.23,0.475,FIJI,-18.1239696,179.0122737
11,2003,0,7200,0.157,2.295,1.225,0.469,FIJI,-18.1239696,179.0122737
12,2003,0,7440,0.110,2.294,1.257,0.468,FIJI,-18.1239696,179.0122737
1,2004,0,7440,0.132,2.243,1.245,0.467,FIJI,-18.1239696,179.0122737
2,2004,0,6960,0.251,2.237,1.269,0.467,FIJI,-18.1239696,179.0122737
3,2004,0,7440,0.359,2.167,1.279,0.462,FIJI,-18.1239696,179.0122737
4,2004,0,7200,0.393,2.296,1.24,0.464,FIJI,-18.1239696,179.0122737
5,2004,0,7440,0.223,2.244,1.234,0.473,FIJI,-18.1239696,179.0122737
6,2004,0,7200,0.156,2.236,1.207,0.470,FIJI,-18.1239696,179.0122737
7,2004,0,7440,0.108,2.298,1.224,0.483,FIJI,-18.1239696,179.0122737
8,2004,0,7440,0.133,2.285,1.21,0.491,FIJI,-18.1239696,179.0122737
9,2004,0,7200,0.270,2.139,1.236,0.475,FIJI,-18.1239696,179.0122737
10,2004,0,7440,0.390,2.205,1.266,0.463,FIJI,-18.1239696,179.0122737
11,2004,0,7200,0.262,2.249,1.266,0.455,FIJI,-18.1239696,179.0122737
12,2004,0,7440,0.135,2.268,1.23,0.461,FIJI,-18.1239696,179.0122737
1,2005,0,7440,0.069,2.292,1.274,0.469,FIJI,-18.1239696,179.0122737
2,2005,0,6720,0.187,2.363,1.314,0.477,FIJI,-18.1239696,179.0122737
3,2005,0,7440,0.183,2.262,1.237,0.467,FIJI,-18.1239696,179.0122737
4,2005,0,7200,0.288,2.200,1.237,0.470,FIJI,-18.1239696,179.0122737
5,2005,0,7440,0.216,2.119,1.173,0.466,FIJI,-18.1239696,179.0122737
6,2005,0,7200,0.104,2.116,1.155,0.463,FIJI,-18.1239696,179.0122737
7,2005,0,7440,0.088,2.261,1.185,0.460,FIJI,-18.1239696,179.0122737
8,2005,1720,5720,0.022,2.216,1.163,0.489,FIJI,-18.1239696,179.0122737
9,2005,0,7200,0.143,2.215,1.213,0.464,FIJI,-18.1239696,179.0122737
10,2005,2840,4600,0.431,2.049,1.25,0.422,FIJI,-18.1239696,179.0122737
11,2005,0,7200,0.293,2.183,1.246,0.461,FIJI,-18.1239696,179.0122737
12,2005,0,7440,0.237,2.218,1.242,0.464,FIJI,-18.1239696,179.0122737
1,2006,0,7440,0.152,2.359,1.284,0.484,FIJI,-18.1239696,179.0122737
2,2006,0,6720,0.094,2.318,1.233,0.469,FIJI,-18.1239696,179.0122737
3,2006,0,7440,0.165,2.279,1.232,0.492,FIJI,-18.1239696,179.0122737
4,2006,0,7200,0.239,2.196,1.233,0.462,FIJI,-18.1239696,179.0122737
5,2006,0,7440,0.284,2.214,1.222,0.450,FIJI,-18.1239696,179.0122737
6,2006,0,7200,0.300,2.114,1.268,0.450,FIJI,-18.1239696,179.0122737
7,2006,0,7440,0.231,2.203,1.242,0.453,FIJI,-18.1239696,179.0122737
8,2006,0,7440,0.181,2.287,1.253,0.457,FIJI,-18.1239696,179.0122737
9,2006,0,7200,0.148,2.256,1.249,0.465,FIJI,-18.1239696,179.0122737
10,2006,0,7440,0.219,2.289,1.254,0.467,FIJI,-18.1239696,179.0122737
11,2006,0,7200,0.214,2.321,1.292,0.474,FIJI,-18.1239696,179.0122737
12,2006,0,7440,0.283,2.291,1.298,0.478,FIJI,-18.1239696,179.0122737
1,2007,0,7440,0.310,2.265,1.341,0.477,FIJI,-18.1239696,179.0122737
2,2007,0,6720,0.230,2.273,1.306,0.476,FIJI,-18.1239696,179.0122737
3,2007,0,7440,0.256,2.340,1.297,0.477,FIJI,-18.1239696,179.0122737
4,2007,0,7200,0.201,2.314,1.255,0.472,FIJI,-18.1239696,179.0122737
5,2007,0,7440,0.117,2.234,1.218,0.456,FIJI,-18.1239696,179.0122737
6,2007,0,7200,0.210,2.165,1.197,0.447,FIJI,-18.1239696,179.0122737
7,2007,0,7440,0.248,2.178,1.267,0.459,FIJI,-18.1239696,179.0122737
8,2007,0,7440,0.261,2.226,1.297,0.485,FIJI,-18.1239696,179.0122737
9,2007,0,7200,0.328,2.389,1.306,0.489,FIJI,-18.1239696,179.0122737
10,2007,0,7440,0.221,2.349,1.31,0.476,FIJI,-18.1239696,179.0122737
11,2007,0,7200,0.188,2.374,1.323,0.471,FIJI,-18.1239696,179.0122737
12,2007,0,7440,0.219,2.321,1.326,0.459,FIJI,-18.1239696,179.0122737
1,2008,0,7440,0.223,2.266,1.326,0.460,FIJI,-18.1239696,179.0122737
2,2008,0,6960,0.304,2.263,1.302,0.466,FIJI,-18.1239696,179.0122737
3,2008,0,7440,0.453,2.280,1.367,0.458,FIJI,-18.1239696,179.0122737
4,2008,0,7200,0.364,2.351,1.319,0.470,FIJI,-18.1239696,179.0122737
5,2008,0,7440,0.220,2.322,1.26,0.475,FIJI,-18.1239696,179.0122737
6,2008,0,7200,0.143,2.243,1.249,0.468,FIJI,-18.1239696,179.0122737
7,2008,0,7440,0.166,2.306,1.281,0.480,FIJI,-18.1239696,179.0122737
8,2008,0,7440,0.213,2.324,1.329,0.491,FIJI,-18.1239696,179.0122737
9,2008,0,7200,0.428,2.274,1.364,0.487,FIJI,-18.1239696,179.0122737
10,2008,0,7440,0.390,2.374,1.357,0.480,FIJI,-18.1239696,179.0122737
11,2008,0,7200,0.222,2.352,1.338,0.470,FIJI,-18.1239696,179.0122737
12,2008,0,7440,0.230,2.407,1.358,0.468,FIJI,-18.1239696,179.0122737
1,2009,0,7440,0.256,2.519,1.383,0.475,FIJI,-18.1239696,179.0122737
2,2009,0,6720,0.287,2.462,1.39,0.487,FIJI,-18.1239696,179.0122737
3,2009,0,7440,0.371,2.357,1.392,0.482,FIJI,-18.1239696,179.0122737
4,2009,0,7200,0.375,2.255,1.357,0.472,FIJI,-18.1239696,179.0122737
5,2009,0,7440,0.234,2.262,1.296,0.468,FIJI,-18.1239696,179.0122737
6,2009,0,7200,0.157,2.307,1.305,0.474,FIJI,-18.1239696,179.0122737
7,2009,0,7440,0.170,2.400,1.333,0.476,FIJI,-18.1239696,179.0122737
8,2009,0,7440,0.210,2.415,1.348,0.478,FIJI,-18.1239696,179.0122737
9,2009,0,7200,0.261,2.342,1.343,0.478,FIJI,-18.1239696,179.0122737
10,2009,0,7440,0.350,2.274,1.304,0.473,FIJI,-18.1239696,179.0122737
11,2009,0,7200,0.299,2.208,1.3,0.469,FIJI,-18.1239696,179.0122737
12,2009,0,7440,0.219,2.309,1.294,0.485,FIJI,-18.1239696,179.0122737
1,2010,0,7440,0.169,2.437,1.335,0.498,FIJI,-18.1239696,179.0122737
2,2010,0,6720,0.184,2.421,1.307,0.474,FIJI,-18.1239696,179.0122737
3,2010,0,7440,0.237,2.419,1.258,0.492,FIJI,-18.1239696,179.0122737
4,2010,0,7200,0.259,2.391,1.266,0.471,FIJI,-18.1239696,179.0122737
5,2010,0,7440,0.283,2.154,1.237,0.469,FIJI,-18.1239696,179.0122737
6,2010,0,7200,0.199,2.127,1.226,0.471,FIJI,-18.1239696,179.0122737
7,2010,1840,5600,0.149,2.104,1.203,0.447,FIJI,-18.1239696,179.0122737
8,2010,0,7440,0.066,2.200,1.191,0.476,FIJI,-18.1239696,179.0122737
9,2010,0,7200,0.135,2.291,1.211,0.479,FIJI,-18.1239696,179.0122737
10,2010,0,7440,0.201,2.348,1.259,0.475,FIJI,-18.1239696,179.0122737
11,2010,2126,5074,0.221,2.245,1.256,0.492,FIJI,-18.1239696,179.0122737
12,2010,0,7440,0.240,2.203,1.258,0.489,FIJI,-18.1239696,179.0122737
1,2011,0,7440,0.239,2.312,1.287,0.488,FIJI,-18.1239696,179.0122737
2,2011,0,6720,0.184,2.335,1.295,0.494,FIJI,-18.1239696,179.0122737
3,2011,0,7440,0.253,2.388,1.312,0.487,FIJI,-18.1239696,179.0122737
4,2011,0,7200,0.218,2.398,1.293,0.483,FIJI,-18.1239696,179.0122737
5,2011,0,7440,0.263,2.364,1.319,0.469,FIJI,-18.1239696,179.0122737
6,2011,519,6681,0.295,2.271,1.307,0.466,FIJI,-18.1239696,179.0122737
7,2011,0,7440,0.330,2.273,1.319,0.488,FIJI,-18.1239696,179.0122737
8,2011,0,7440,0.317,2.358,1.323,0.506,FIJI,-18.1239696,179.0122737
9,2011,0,7200,0.313,2.478,1.333,0.506,FIJI,-18.1239696,179.0122737
10,2011,0,7440,0.243,2.479,1.357,0.500,FIJI,-18.1239696,179.0122737
11,2011,0,7200,0.179,2.364,1.32,0.484,FIJI,-18.1239696,179.0122737
12,2011,0,7440,0.266,2.415,1.317,0.478,FIJI,-18.1239696,179.0122737
1,2012,0,7440,0.322,2.324,1.359,0.471,FIJI,-18.1239696,179.0122737
2,2012,0,6960,0.338,2.235,1.341,0.486,FIJI,-18.1239696,179.0122737
3,2012,0,7440,0.390,2.393,1.427,0.477,FIJI,-18.1239696,179.0122737
4,2012,0,7200,0.348,2.494,1.413,0.487,FIJI,-18.1239696,179.0122737
5,2012,0,7440,0.275,2.487,1.348,0.491,FIJI,-18.1239696,179.0122737
6,2012,0,7200,0.195,2.343,1.319,0.489,FIJI,-18.1239696,179.0122737
7,2012,0,7440,0.287,2.414,1.37,0.496,FIJI,-18.1239696,179.0122737
8,2012,0,7440,0.319,2.357,1.356,0.503,FIJI,-18.1239696,179.0122737
9,2012,0,7200,0.406,2.348,1.373,0.501,FIJI,-18.1239696,179.0122737
10,2012,0,7440,0.295,2.424,1.359,0.491,FIJI,-18.1239696,179.0122737
11,2012,0,7200,0.184,2.414,1.346,0.491,FIJI,-18.1239696,179.0122737
12,2012,0,7440,0.241,2.529,1.376,0.492,FIJI,-18.1239696,179.0122737
1,2013,0,7440,0.225,2.515,1.383,0.500,FIJI,-18.1239696,179.0122737
2,2013,0,6720,0.198,2.303,1.307,0.499,FIJI,-18.1239696,179.0122737
3,2013,0,7440,0.365,2.256,1.293,0.492,FIJI,-18.1239696,179.0122737
4,2013,0,7200,0.280,2.337,1.305,0.495,FIJI,-18.1239696,179.0122737
5,2013,0,7440,0.186,2.387,1.277,0.498,FIJI,-18.1239696,179.0122737
6,2013,0,7200,0.079,2.318,1.27,0.498,FIJI,-18.1239696,179.0122737
7,2013,0,7440,0.096,2.308,1.241,0.487,FIJI,-18.1239696,179.0122737
8,2013,0,7440,0.193,2.315,1.236,0.484,FIJI,-18.1239696,179.0122737
9,2013,0,7200,0.310,2.272,1.279,0.488,FIJI,-18.1239696,179.0122737
10,2013,0,7440,0.375,2.227,1.299,0.483,FIJI,-18.1239696,179.0122737
11,2013,0,7200,0.276,2.272,1.336,0.489,FIJI,-18.1239696,179.0122737
12,2013,0,7440,0.239,2.403,1.353,0.498,FIJI,-18.1239696,179.0122737
1,2014,0,7440,0.138,2.522,1.367,0.514,FIJI,-18.1239696,179.0122737
2,2014,0,6720,0.192,2.423,1.34,0.490,FIJI,-18.1239696,179.0122737
3,2014,0,7440,0.209,2.377,1.31,0.514,FIJI,-18.1239696,179.0122737
4,2014,0,7200,0.329,2.253,1.32,0.495,FIJI,-18.1239696,179.0122737
5,2014,0,7440,0.293,2.274,1.256,0.492,FIJI,-18.1239696,179.0122737
6,2014,0,7200,0.183,2.277,1.271,0.491,FIJI,-18.1239696,179.0122737
7,2014,0,7440,0.151,2.380,1.256,0.494,FIJI,-18.1239696,179.0122737
8,2014,523,6917,0.079,2.308,1.206,0.492,FIJI,-18.1239696,179.0122737
9,2014,0,7200,0.135,2.309,1.235,0.500,FIJI,-18.1239696,179.0122737
10,2014,0,7440,0.254,2.346,1.256,0.495,FIJI,-18.1239696,179.0122737
11,2014,0,7200,0.276,2.262,1.238,0.496,FIJI,-18.1239696,179.0122737
12,2014,0,7440,0.300,2.354,1.299,0.495,FIJI,-18.1239696,179.0122737
1,2015,0,7440,0.168,2.367,1.329,0.496,FIJI,-18.1239696,179.0122737
2,2015,0,6720,0.204,2.447,1.327,0.506,FIJI,-18.1239696,179.0122737
3,2015,0,7440,0.209,2.353,1.3,0.500,FIJI,-18.1239696,179.0122737
4,2015,0,7200,0.245,2.342,1.271,0.488,FIJI,-18.1239696,179.0122737
5,2015,0,7440,0.169,2.200,1.232,0.487,FIJI,-18.1239696,179.0122737
6,2015,0,7200,0.215,2.161,1.2,0.488,FIJI,-18.1239696,179.0122737
7,2015,0,7440,0.209,2.259,1.191,0.494,FIJI,-18.1239696,179.0122737
8,2015,0,7440,0.118,2.274,1.217,0.512,FIJI,-18.1239696,179.0122737
9,2015,0,7200,0.209,2.348,1.254,0.511,FIJI,-18.1239696,179.0122737
10,2015,0,7440,0.192,2.345,1.276,0.502,FIJI,-18.1239696,179.0122737
11,2015,0,7200,0.300,2.484,1.347,0.492,FIJI,-18.1239696,179.0122737
12,2015,0,7440,0.304,2.327,1.341,0.481,FIJI,-18.1239696,179.0122737
1,2016,0,7440,0.236,2.176,1.241,0.480,FIJI,-18.1239696,179.0122737
2,2016,0,6960,0.273,2.364,1.327,0.498,FIJI,-18.1239696,179.0122737
3,2016,0,7440,0.174,2.270,1.258,0.488,FIJI,-18.1239696,179.0122737
4,2016,0,7200,0.144,2.275,1.241,0.491,FIJI,-18.1239696,179.0122737
5,2016,0,7440,0.050,2.204,1.139,0.487,FIJI,-18.1239696,179.0122737
6,2016,0,7200,0.127,2.257,1.211,0.492,FIJI,-18.1239696,179.0122737
7,2016,0,7440,0.216,2.238,1.23,0.495,FIJI,-18.1239696,179.0122737
8,2016,0,7440,0.249,2.207,1.254,0.500,FIJI,-18.1239696,179.0122737
9,2016,0,7200,0.289,2.280,1.28,0.500,FIJI,-18.1239696,179.0122737
10,2016,0,7440,0.238,2.411,1.304,0.501,FIJI,-18.1239696,179.0122737
11,2016,0,7200,0.139,2.383,1.299,0.495,FIJI,-18.1239696,179.0122737
12,2016,0,7440,0.182,2.395,1.301,0.487,FIJI,-18.1239696,179.0122737
1,2017,0,7440,0.185,2.319,1.296,0.490,FIJI,-18.1239696,179.0122737
2,2017,0,6720,0.267,2.321,1.283,0.495,FIJI,-18.1239696,179.0122737
3,2017,0,7440,0.302,2.214,1.246,0.502,FIJI,-18.1239696,179.0122737
4,2017,0,7200,0.232,2.308,1.262,0.495,FIJI,-18.1239696,179.0122737
5,2017,0,7440,0.127,2.326,1.288,0.490,FIJI,-18.1239696,179.0122737
6,2017,0,7200,0.118,2.364,1.272,0.492,FIJI,-18.1239696,179.0122737
7,2017,0,7440,0.183,2.346,1.262,0.484,FIJI,-18.1239696,179.0122737
8,2017,0,7440,0.256,2.321,1.314,0.478,FIJI,-18.1239696,179.0122737
9,2017,0,7200,0.358,2.213,1.324,0.479,FIJI,-18.1239696,179.0122737
10,2017,0,7440,0.414,2.279,1.355,0.481,FIJI,-18.1239696,179.0122737
11,2017,0,7200,0.294,2.352,1.345,0.486,FIJI,-18.1239696,179.0122737
12,2017,0,7440,0.250,2.404,1.32,0.497,FIJI,-18.1239696,179.0122737
1,2018,0,7440,0.088,2.447,1.327,0.512,FIJI,-18.1239696,179.0122737
2,2018,0,6720,0.222,2.467,1.302,0.497,FIJI,-18.1239696,179.0122737
3,2018,0,7440,0.185,2.431,1.321,0.510,FIJI,-18.1239696,179.0122737
4,2018,0,7200,0.364,2.202,1.264,0.491,FIJI,-18.1239696,179.0122737
5,2018,0,7440,0.259,2.234,1.247,0.478,FIJI,-18.1239696,179.0122737
6,2018,0,7200,0.170,2.255,1.239,0.473,FIJI,-18.1239696,179.0122737
7,2018,0,7440,0.185,2.377,1.278,0.480,FIJI,-18.1239696,179.0122737
8,2018,0,7440,0.154,2.364,1.27,0.485,FIJI,-18.1239696,179.0122737
9,2018,0,7200,0.213,2.314,1.307,0.489,FIJI,-18.1239696,179.0122737
10,2018,0,7440,0.270,2.278,1.309,0.492,FIJI,-18.1239696,179.0122737
11,2018,0,7200,0.279,2.299,1.309,0.497,FIJI,-18.1239696,179.0122737
12,2018,0,7440,0.264,2.368,1.347,0.491,FIJI,-18.1239696,179.0122737
1,2019,0,7440,0.151,2.377,1.338,0.490,FIJI,-18.1239696,179.0122737
2,2019,0,6720,0.144,2.383,1.336,0.497,FIJI,-18.1239696,179.0122737
3,2019,0,7440,0.200,2.345,1.292,0.481,FIJI,-18.1239696,179.0122737
4,2019,0,7200,0.320,2.301,1.302,0.472,FIJI,-18.1239696,179.0122737
5,2019,0,7440,0.294,2.201,1.257,0.468,FIJI,-18.1239696,179.0122737
6,2019,0,7200,0.316,2.160,1.264,0.472,FIJI,-18.1239696,179.0122737
7,2019,0,7440,0.239,2.239,1.265,0.480,FIJI,-18.1239696,179.0122737
8,2019,0,7440,0.160,2.330,1.257,0.502,FIJI,-18.1239696,179.0122737
9,2019,0,7200,0.196,2.333,1.269,0.499,FIJI,-18.1239696,179.0122737
10,2019,0,7440,0.280,2.412,1.287,0.491,FIJI,-18.1239696,179.0122737
11,2019,0,7200,0.328,2.353,1.33,0.477,FIJI,-18.1239696,179.0122737
12,2019,0,7440,0.411,2.468,1.361,0.469,FIJI,-18.1239696,179.0122737
1,2020,0,7440,0.332,2.300,1.333,0.468,FIJI,-18.1239696,179.0122737
2,2020,0,6960,0.266,2.371,1.322,0.482,FIJI,-18.1239696,179.0122737
3,2020,0,7440,0.211,2.323,1.291,0.474,FIJI,-18.1239696,179.0122737
4,2020,0,7200,0.154,2.730,1.276,0.483,FIJI,-18.1239696,179.0122737
5,2020,0,7440,0.163,2.324,1.242,0.479,FIJI,-18.1239696,179.0122737
6,2020,0,7200,0.239,2.292,1.268,0.477,FIJI,-18.1239696,179.0122737
7,2020,0,7440,0.304,2.227,1.302,0.481,FIJI,-18.1239696,179.0122737
8,2020,448,6992,0.270,2.272,1.306,0.489,FIJI,-18.1239696,179.0122737
9,2020,0,7200,0.310,2.368,1.335,0.483,FIJI,-18.1239696,179.0122737
10,2020,0,7440,0.248,2.489,1.356,0.485,FIJI,-18.1239696,179.0122737
11,2020,0,7200,0.241,2.454,1.331,0.481,FIJI,-18.1239696,179.0122737
12,2020,0,7440,0.262,2.407,1.315,0.477,FIJI,-18.1239696,179.0122737
1,2021,0,7440,0.260,2.333,1.331,0.484,FIJI,-18.1239696,179.0122737
2,2021,0,6720,0.209,2.281,1.262,0.479,FIJI,-18.1239696,179.0122737
3,2021,0,7440,0.382,2.414,1.348,0.494,FIJI,-18.1239696,179.0122737
4,2021,0,7200,0.335,2.507,1.397,0.481,FIJI,-18.1239696,179.0122737
5,2021,0,7440,0.195,2.403,1.347,0.477,FIJI,-18.1239696,179.0122737
6,2021,0,7200,0.244,2.368,1.344,0.474,FIJI,-18.1239696,179.0122737
7,2021,0,7440,0.308,2.395,1.372,0.469,FIJI,-18.1239696,179.0122737
8,2021,0,7440,0.344,2.293,1.33,0.462,FIJI,-18.1239696,179.0122737
9,2021,0,7200,0.405,2.236,1.351,0.473,FIJI,-18.1239696,179.0122737
10,2021,0,7440,0.400,2.399,1.373,0.477,FIJI,-18.1239696,179.0122737
11,2021,0,7200,0.291,2.464,1.367,0.484,FIJI,-18.1239696,179.0122737
12,2021,2389,5051,0.292,2.520,1.405,0.513,FIJI,-18.1239696,179.0122737
1,2022,2413,5027,0.337,2.389,1.388,0.454,FIJI,-18.1239696,179.0122737
2,2022,0,6720,0.320,2.441,1.439,0.473,FIJI,-18.1239696,179.0122737
3,2022,2,7438,0.377,2.429,1.449,0.497,FIJI,-18.1239696,179.0122737
4,2022,46,7154,0.454,2.434,1.451,0.485,FIJI,-18.1239696,179.0122737
5,2022,1,7439,0.327,2.366,1.378,0.471,FIJI,-18.1239696,179.0122737
6,2022,0,7200,0.238,2.394,1.365,0.470,FIJI,-18.1239696,179.0122737
7,2022,1,7439,0.258,2.450,1.386,0.474,FIJI,-18.1239696,179.0122737
8,2022,2,7438,0.241,2.433,1.412,0.480,FIJI,-18.1239696,179.0122737
9,2022,2,7198,0.355,2.434,1.427,0.484,FIJI,-18.1239696,179.0122737
10,2022,0,7440,0.466,2.382,1.405,0.485,FIJI,-18.1239696,179.0122737
11,2022,0,7200,0.334,2.392,1.387,0.480,FIJI,-18.1239696,179.0122737
12,2022,1,7439,0.288,2.448,1.424,0.473,FIJI,-18.1239696,179.0122737
1,2023,0,7440,0.196,2.460,1.407,0.472,FIJI,-18.1239696,179.0122737
2,2023,1,6719,0.223,2.497,1.415,0.491,FIJI,-18.1239696,179.0122737
3,2023,8,7432,0.341,2.422,1.388,0.471,FIJI,-18.1239696,179.0122737
4,2023,1,7199,0.444,2.351,1.366,0.466,FIJI,-18.1239696,179.0122737
5,2023,2,7438,0.430,2.281,1.351,0.465,FIJI,-18.1239696,179.0122737
6,2023,3,7197,0.299,2.210,1.285,0.463,FIJI,-18.1239696,179.0122737
7,2023,0,7440,0.179,2.302,1.305,0.476,FIJI,-18.1239696,179.0122737
8,2023,138,7302,0.165,2.398,1.297,0.495,FIJI,-18.1239696,179.0122737
9,2023,4,7196,0.185,2.329,1.326,0.493,FIJI,-18.1239696,179.0122737
10,2023,0,7440,0.326,2.330,1.308,0.483,FIJI,-18.1239696,179.0122737
11,2023,0,7200,0.354,2.246,1.334,0.462,FIJI,-18.1239696,179.0122737
12,2023,1,7439,0.376,2.238,1.344,0.452,FIJI,-18.1239696,179.0122737
1,2024,0,7440,0.249,2.326,1.327,0.453,FIJI,-18.1239696,179.0122737
2,2024,2,6958,0.215,2.462,1.307,0.471,FIJI,-18.1239696,179.0122737
3,2024,6,7434,0.192,2.384,1.303,0.472,FIJI,-18.1239696,179.0122737
4,2024,1,7199,0.276,2.371,1.313,0.471,FIJI,-18.1239696,179.0122737
5,2024,21,7419,0.193,2.339,1.271,0.474,FIJI,-18.1239696,179.0122737
6,2024,1,7199,0.264,2.188,1.256,0.470,FIJI,-18.1239696,179.0122737
7,2024,0,7440,0.239,2.199,1.26,0.468,FIJI,-18.1239696,179.0122737
8,2024,0,7440,0.199,2.320,1.264,0.470,FIJI,-18.1239696,179.0122737
9,2024,3,7197,0.198,2.312,1.287,0.476,FIJI,-18.1239696,179.0122737
10,2024,1,7439,0.286,2.465,1.319,0.469,FIJI,-18.1239696,179.0122737
11,2024,1,7199,0.233,2.401,1.331,0.467,FIJI,-18.1239696,179.0122737
12,2024,1,7439,0.324,2.401,1.356,0.466,FIJI,-18.1239696,179.0122737
1,2025,0,7440,0.322,2.242,1.334,0.472,FIJI,-18.1239696,179.0122737
Totals,33206,2801434,,,,,,FIJI,-18.1239696,179.0122737
Standard,deviation,of,the,observations,=,0.4875,metres,FIJI,-18.1239696,179.0122737
Skewness,=,-0.0212,,,,,,FIJI,-18.1239696,179.0122737
12,1992,3360,4080,0.681,2.734,1.679,0.477,KIRIBATI,0.3448612,173.6641773
1,1993,7440,0,,,,,KIRIBATI,0.3448612,173.6641773
2,1993,6720,0,,,,,KIRIBATI,0.3448612,173.6641773
3,1993,6480,960,0.856,2.424,1.649,0.392,KIRIBATI,0.3448612,173.6641773
4,1993,0,7200,0.515,2.849,1.627,0.501,KIRIBATI,0.3448612,173.6641773
5,1993,4800,2640,0.524,2.717,1.607,0.568,KIRIBATI,0.3448612,173.6641773
6,1993,7200,0,,,,,KIRIBATI,0.3448612,173.6641773
7,1993,240,7200,0.594,2.687,1.628,0.472,KIRIBATI,0.3448612,173.6641773
8,1993,0,7440,0.589,2.876,1.67,0.501,KIRIBATI,0.3448612,173.6641773
9,1993,0,7200,0.477,2.805,1.644,0.516,KIRIBATI,0.3448612,173.6641773
10,1993,0,7440,0.517,2.891,1.675,0.508,KIRIBATI,0.3448612,173.6641773
11,1993,0,7200,0.575,2.923,1.648,0.495,KIRIBATI,0.3448612,173.6641773
12,1993,0,7440,0.615,2.760,1.666,0.482,KIRIBATI,0.3448612,173.6641773
1,1994,3120,4320,0.702,2.788,1.688,0.498,KIRIBATI,0.3448612,173.6641773
2,1994,6720,0,,,,,KIRIBATI,0.3448612,173.6641773
3,1994,7440,0,,,,,KIRIBATI,0.3448612,173.6641773
4,1994,6366,834,0.650,2.744,1.669,0.551,KIRIBATI,0.3448612,173.6641773
5,1994,0,7440,0.587,2.816,1.612,0.476,KIRIBATI,0.3448612,173.6641773
6,1994,260,6940,0.603,2.726,1.6,0.468,KIRIBATI,0.3448612,173.6641773
7,1994,0,7440,0.726,2.803,1.676,0.474,KIRIBATI,0.3448612,173.6641773
8,1994,0,7440,0.673,2.735,1.698,0.478,KIRIBATI,0.3448612,173.6641773
9,1994,0,7200,0.645,2.846,1.739,0.508,KIRIBATI,0.3448612,173.6641773
10,1994,0,7440,0.570,2.916,1.698,0.517,KIRIBATI,0.3448612,173.6641773
11,1994,0,7200,0.587,2.927,1.715,0.501,KIRIBATI,0.3448612,173.6641773
12,1994,480,6960,0.586,2.959,1.735,0.500,KIRIBATI,0.3448612,173.6641773
1,1995,0,7440,0.618,2.871,1.675,0.528,KIRIBATI,0.3448612,173.6641773
2,1995,0,6720,0.538,2.812,1.608,0.507,KIRIBATI,0.3448612,173.6641773
3,1995,720,6720,0.439,2.731,1.564,0.510,KIRIBATI,0.3448612,173.6641773
4,1995,0,7200,0.480,2.713,1.586,0.505,KIRIBATI,0.3448612,173.6641773
5,1995,0,7440,0.521,2.752,1.59,0.481,KIRIBATI,0.3448612,173.6641773
6,1995,0,7200,0.508,2.767,1.565,0.468,KIRIBATI,0.3448612,173.6641773
7,1995,0,7440,0.514,2.787,1.582,0.487,KIRIBATI,0.3448612,173.6641773
8,1995,0,7440,0.470,2.691,1.576,0.500,KIRIBATI,0.3448612,173.6641773
9,1995,0,7200,0.489,2.664,1.584,0.516,KIRIBATI,0.3448612,173.6641773
10,1995,0,7440,0.532,2.785,1.623,0.521,KIRIBATI,0.3448612,173.6641773
11,1995,0,7200,0.530,2.827,1.616,0.509,KIRIBATI,0.3448612,173.6641773
12,1995,240,7200,0.550,2.889,1.656,0.479,KIRIBATI,0.3448612,173.6641773
1,1996,0,7440,0.538,2.947,1.659,0.494,KIRIBATI,0.3448612,173.6641773
2,1996,0,6960,0.429,2.861,1.614,0.522,KIRIBATI,0.3448612,173.6641773
3,1996,0,7440,0.493,2.739,1.616,0.516,KIRIBATI,0.3448612,173.6641773
4,1996,0,7200,0.536,2.652,1.596,0.508,KIRIBATI,0.3448612,173.6641773
5,1996,0,7440,0.630,2.691,1.621,0.496,KIRIBATI,0.3448612,173.6641773
6,1996,0,7200,0.525,2.785,1.59,0.485,KIRIBATI,0.3448612,173.6641773
7,1996,0,7440,0.446,2.812,1.599,0.507,KIRIBATI,0.3448612,173.6641773
8,1996,0,7440,0.420,2.820,1.616,0.519,KIRIBATI,0.3448612,173.6641773
9,1996,0,7200,0.569,2.826,1.642,0.516,KIRIBATI,0.3448612,173.6641773
10,1996,0,7440,0.573,2.711,1.622,0.507,KIRIBATI,0.3448612,173.6641773
11,1996,0,7200,0.641,2.729,1.662,0.491,KIRIBATI,0.3448612,173.6641773
12,1996,328,7112,0.716,2.856,1.714,0.467,KIRIBATI,0.3448612,173.6641773
1,1997,0,7440,0.694,2.968,1.759,0.496,KIRIBATI,0.3448612,173.6641773
2,1997,0,6720,0.586,2.961,1.712,0.527,KIRIBATI,0.3448612,173.6641773
3,1997,0,7440,0.580,2.986,1.821,0.519,KIRIBATI,0.3448612,173.6641773
4,1997,0,7200,0.593,2.891,1.744,0.518,KIRIBATI,0.3448612,173.6641773
5,1997,0,7440,0.687,2.818,1.675,0.497,KIRIBATI,0.3448612,173.6641773
6,1997,0,7200,0.615,2.746,1.662,0.488,KIRIBATI,0.3448612,173.6641773
7,1997,0,7440,0.628,2.814,1.665,0.483,KIRIBATI,0.3448612,173.6641773
8,1997,0,7440,0.534,2.906,1.685,0.508,KIRIBATI,0.3448612,173.6641773
9,1997,0,7200,0.463,2.847,1.651,0.522,KIRIBATI,0.3448612,173.6641773
10,1997,0,7440,0.485,2.869,1.641,0.521,KIRIBATI,0.3448612,173.6641773
11,1997,0,7200,0.491,2.671,1.537,0.503,KIRIBATI,0.3448612,173.6641773
12,1997,0,7440,0.450,2.573,1.503,0.500,KIRIBATI,0.3448612,173.6641773
1,1998,0,7440,0.302,2.604,1.435,0.517,KIRIBATI,0.3448612,173.6641773
2,1998,0,6720,0.167,2.648,1.37,0.518,KIRIBATI,0.3448612,173.6641773
3,1998,0,7440,0.193,2.596,1.407,0.540,KIRIBATI,0.3448612,173.6641773
4,1998,0,7200,0.236,2.587,1.4,0.518,KIRIBATI,0.3448612,173.6641773
5,1998,0,7440,0.418,2.589,1.44,0.474,KIRIBATI,0.3448612,173.6641773
6,1998,0,7200,0.563,2.522,1.48,0.463,KIRIBATI,0.3448612,173.6641773
7,1998,0,7440,0.552,2.547,1.479,0.469,KIRIBATI,0.3448612,173.6641773
8,1998,0,7440,0.457,2.603,1.496,0.475,KIRIBATI,0.3448612,173.6641773
9,1998,260,6940,0.365,2.732,1.52,0.519,KIRIBATI,0.3448612,173.6641773
10,1998,0,7440,0.285,2.663,1.491,0.513,KIRIBATI,0.3448612,173.6641773
11,1998,0,7200,0.326,2.756,1.552,0.509,KIRIBATI,0.3448612,173.6641773
12,1998,0,7440,0.542,2.834,1.605,0.509,KIRIBATI,0.3448612,173.6641773
1,1999,0,7440,0.511,2.683,1.541,0.500,KIRIBATI,0.3448612,173.6641773
2,1999,0,6720,0.417,2.710,1.535,0.508,KIRIBATI,0.3448612,173.6641773
3,1999,0,7440,0.459,2.732,1.578,0.528,KIRIBATI,0.3448612,173.6641773
4,1999,0,7200,0.430,2.757,1.575,0.508,KIRIBATI,0.3448612,173.6641773
5,1999,0,7440,0.551,2.824,1.598,0.494,KIRIBATI,0.3448612,173.6641773
6,1999,745,6455,0.561,2.772,1.586,0.497,KIRIBATI,0.3448612,173.6641773
7,1999,0,7440,0.480,2.656,1.587,0.476,KIRIBATI,0.3448612,173.6641773
8,1999,0,7440,0.586,2.740,1.621,0.498,KIRIBATI,0.3448612,173.6641773
9,1999,0,7200,0.513,2.760,1.602,0.524,KIRIBATI,0.3448612,173.6641773
10,1999,0,7440,0.471,2.681,1.591,0.503,KIRIBATI,0.3448612,173.6641773
11,1999,286,6914,0.515,2.896,1.628,0.513,KIRIBATI,0.3448612,173.6641773
12,1999,0,7440,0.569,2.814,1.643,0.477,KIRIBATI,0.3448612,173.6641773
1,2000,0,7440,0.527,2.850,1.654,0.479,KIRIBATI,0.3448612,173.6641773
2,2000,0,6960,0.505,2.852,1.601,0.506,KIRIBATI,0.3448612,173.6641773
3,2000,0,7440,0.542,2.698,1.612,0.509,KIRIBATI,0.3448612,173.6641773
4,2000,0,7200,0.604,2.706,1.608,0.506,KIRIBATI,0.3448612,173.6641773
5,2000,0,7440,0.588,2.741,1.625,0.495,KIRIBATI,0.3448612,173.6641773
6,2000,0,7200,0.576,2.775,1.614,0.472,KIRIBATI,0.3448612,173.6641773
7,2000,0,7440,0.542,2.834,1.631,0.498,KIRIBATI,0.3448612,173.6641773
8,2000,0,7440,0.565,2.867,1.643,0.512,KIRIBATI,0.3448612,173.6641773
9,2000,0,7200,0.532,2.736,1.659,0.512,KIRIBATI,0.3448612,173.6641773
10,2000,0,7440,0.634,2.693,1.635,0.509,KIRIBATI,0.3448612,173.6641773
11,2000,0,7200,0.633,2.766,1.645,0.486,KIRIBATI,0.3448612,173.6641773
12,2000,0,7440,0.691,2.873,1.662,0.476,KIRIBATI,0.3448612,173.6641773
1,2001,0,7440,0.554,2.845,1.628,0.481,KIRIBATI,0.3448612,173.6641773
2,2001,0,6720,0.495,2.864,1.618,0.501,KIRIBATI,0.3448612,173.6641773
3,2001,0,7440,0.515,2.884,1.666,0.516,KIRIBATI,0.3448612,173.6641773
4,2001,0,7200,0.580,2.815,1.637,0.507,KIRIBATI,0.3448612,173.6641773
5,2001,0,7440,0.615,2.695,1.634,0.489,KIRIBATI,0.3448612,173.6641773
6,2001,0,7200,0.679,2.711,1.635,0.476,KIRIBATI,0.3448612,173.6641773
7,2001,0,7440,0.650,2.826,1.698,0.468,KIRIBATI,0.3448612,173.6641773
8,2001,0,7440,0.596,2.900,1.705,0.485,KIRIBATI,0.3448612,173.6641773
9,2001,0,7200,0.534,2.952,1.7,0.513,KIRIBATI,0.3448612,173.6641773
10,2001,0,7440,0.490,2.835,1.674,0.518,KIRIBATI,0.3448612,173.6641773
11,2001,0,7200,0.636,2.817,1.693,0.494,KIRIBATI,0.3448612,173.6641773
12,2001,0,7440,0.816,2.848,1.791,0.478,KIRIBATI,0.3448612,173.6641773
1,2002,0,7440,0.567,2.872,1.72,0.494,KIRIBATI,0.3448612,173.6641773
2,2002,0,6720,0.473,2.927,1.66,0.499,KIRIBATI,0.3448612,173.6641773
3,2002,0,7440,0.550,2.960,1.713,0.537,KIRIBATI,0.3448612,173.6641773
4,2002,0,7200,0.451,2.758,1.652,0.507,KIRIBATI,0.3448612,173.6641773
5,2002,0,7440,0.629,2.837,1.64,0.478,KIRIBATI,0.3448612,173.6641773
6,2002,0,7200,0.775,2.651,1.66,0.455,KIRIBATI,0.3448612,173.6641773
7,2002,0,7440,0.844,2.855,1.769,0.455,KIRIBATI,0.3448612,173.6641773
8,2002,0,7440,0.629,2.955,1.752,0.483,KIRIBATI,0.3448612,173.6641773
9,2002,0,7200,0.625,2.954,1.747,0.502,KIRIBATI,0.3448612,173.6641773
10,2002,0,7440,0.625,2.932,1.803,0.511,KIRIBATI,0.3448612,173.6641773
11,2002,0,7200,0.607,2.933,1.721,0.496,KIRIBATI,0.3448612,173.6641773
12,2002,0,7440,0.786,2.891,1.725,0.480,KIRIBATI,0.3448612,173.6641773
1,2003,0,7440,0.676,2.743,1.647,0.476,KIRIBATI,0.3448612,173.6641773
2,2003,4280,2440,0.518,2.853,1.633,0.624,KIRIBATI,0.3448612,173.6641773
3,2003,720,6720,0.437,2.774,1.592,0.545,KIRIBATI,0.3448612,173.6641773
4,2003,0,7200,0.485,2.893,1.619,0.520,KIRIBATI,0.3448612,173.6641773
5,2003,0,7440,0.556,2.797,1.602,0.486,KIRIBATI,0.3448612,173.6641773
6,2003,260,6940,0.684,2.766,1.651,0.447,KIRIBATI,0.3448612,173.6641773
7,2003,0,7440,0.641,2.697,1.656,0.463,KIRIBATI,0.3448612,173.6641773
8,2003,0,7440,0.643,2.814,1.704,0.499,KIRIBATI,0.3448612,173.6641773
9,2003,0,7200,0.592,2.863,1.677,0.515,KIRIBATI,0.3448612,173.6641773
10,2003,4580,2860,0.705,2.626,1.666,0.496,KIRIBATI,0.3448612,173.6641773
11,2003,7200,0,,,,,KIRIBATI,0.3448612,173.6641773
12,2003,2165,5275,0.597,2.807,1.687,0.467,KIRIBATI,0.3448612,173.6641773
1,2004,0,7440,0.685,2.889,1.732,0.468,KIRIBATI,0.3448612,173.6641773
2,2004,0,6960,0.597,2.826,1.645,0.494,KIRIBATI,0.3448612,173.6641773
3,2004,0,7440,0.576,2.746,1.65,0.500,KIRIBATI,0.3448612,173.6641773
4,2004,0,7200,0.620,2.848,1.735,0.508,KIRIBATI,0.3448612,173.6641773
5,2004,0,7440,0.634,2.876,1.657,0.482,KIRIBATI,0.3448612,173.6641773
6,2004,0,7200,0.606,2.764,1.701,0.459,KIRIBATI,0.3448612,173.6641773
7,2004,3099,4341,0.638,2.893,1.74,0.515,KIRIBATI,0.3448612,173.6641773
8,2004,0,7440,0.631,2.899,1.748,0.500,KIRIBATI,0.3448612,173.6641773
9,2004,0,7200,0.637,2.754,1.729,0.514,KIRIBATI,0.3448612,173.6641773
10,2004,0,7440,0.696,2.889,1.743,0.511,KIRIBATI,0.3448612,173.6641773
11,2004,0,7200,0.681,2.885,1.741,0.469,KIRIBATI,0.3448612,173.6641773
12,2004,0,7440,0.764,2.935,1.76,0.460,KIRIBATI,0.3448612,173.6641773
1,2005,0,7440,0.552,2.880,1.698,0.478,KIRIBATI,0.3448612,173.6641773
2,2005,0,6720,0.550,3.024,1.753,0.516,KIRIBATI,0.3448612,173.6641773
3,2005,0,7440,0.518,2.923,1.663,0.519,KIRIBATI,0.3448612,173.6641773
4,2005,0,7200,0.505,2.719,1.588,0.502,KIRIBATI,0.3448612,173.6641773
5,2005,0,7440,0.670,2.655,1.612,0.465,KIRIBATI,0.3448612,173.6641773
6,2005,0,7200,0.603,2.667,1.615,0.447,KIRIBATI,0.3448612,173.6641773
7,2005,0,7440,0.626,2.832,1.633,0.444,KIRIBATI,0.3448612,173.6641773
8,2005,0,7440,0.553,2.945,1.684,0.483,KIRIBATI,0.3448612,173.6641773
9,2005,0,7200,0.430,2.893,1.67,0.511,KIRIBATI,0.3448612,173.6641773
10,2005,0,7440,0.555,2.799,1.68,0.522,KIRIBATI,0.3448612,173.6641773
11,2005,0,7200,0.701,2.730,1.686,0.479,KIRIBATI,0.3448612,173.6641773
12,2005,0,7440,0.683,2.778,1.662,0.468,KIRIBATI,0.3448612,173.6641773
1,2006,0,7440,0.492,2.869,1.644,0.501,KIRIBATI,0.3448612,173.6641773
2,2006,0,6720,0.453,2.977,1.634,0.501,KIRIBATI,0.3448612,173.6641773
3,2006,0,7440,0.483,2.960,1.649,0.546,KIRIBATI,0.3448612,173.6641773
4,2006,0,7200,0.658,2.769,1.644,0.498,KIRIBATI,0.3448612,173.6641773
5,2006,0,7440,0.730,2.617,1.638,0.457,KIRIBATI,0.3448612,173.6641773
6,2006,4360,2840,0.781,2.613,1.647,0.388,KIRIBATI,0.3448612,173.6641773
7,2006,1200,6240,0.698,2.801,1.697,0.480,KIRIBATI,0.3448612,173.6641773
8,2006,0,7440,0.621,2.916,1.745,0.481,KIRIBATI,0.3448612,173.6641773
9,2006,0,7200,0.558,2.964,1.722,0.502,KIRIBATI,0.3448612,173.6641773
10,2006,0,7440,0.634,2.955,1.788,0.494,KIRIBATI,0.3448612,173.6641773
11,2006,0,7200,0.727,2.940,1.766,0.483,KIRIBATI,0.3448612,173.6641773
12,2006,0,7440,0.751,2.710,1.691,0.456,KIRIBATI,0.3448612,173.6641773
1,2007,0,7440,0.706,2.846,1.659,0.475,KIRIBATI,0.3448612,173.6641773
2,2007,0,6720,0.497,2.973,1.642,0.513,KIRIBATI,0.3448612,173.6641773
3,2007,0,7440,0.463,2.913,1.619,0.524,KIRIBATI,0.3448612,173.6641773
4,2007,0,7200,0.527,2.879,1.635,0.496,KIRIBATI,0.3448612,173.6641773
5,2007,0,7440,0.605,2.792,1.632,0.466,KIRIBATI,0.3448612,173.6641773
6,2007,3160,4040,0.654,2.672,1.619,0.478,KIRIBATI,0.3448612,173.6641773
7,2007,7440,0,,,,,KIRIBATI,0.3448612,173.6641773
8,2007,1922,5518,0.516,2.800,1.642,0.527,KIRIBATI,0.3448612,173.6641773
9,2007,0,7200,0.467,2.805,1.621,0.517,KIRIBATI,0.3448612,173.6641773
10,2007,0,7440,0.551,2.837,1.627,0.497,KIRIBATI,0.3448612,173.6641773
11,2007,0,7200,0.575,2.831,1.638,0.477,KIRIBATI,0.3448612,173.6641773
12,2007,0,7440,0.591,2.672,1.641,0.454,KIRIBATI,0.3448612,173.6641773
1,2008,0,7440,0.652,2.817,1.62,0.466,KIRIBATI,0.3448612,173.6641773
2,2008,0,6960,0.539,2.714,1.59,0.512,KIRIBATI,0.3448612,173.6641773
3,2008,0,7440,0.486,2.767,1.607,0.503,KIRIBATI,0.3448612,173.6641773
4,2008,0,7200,0.521,2.804,1.634,0.496,KIRIBATI,0.3448612,173.6641773
5,2008,0,7440,0.585,2.781,1.627,0.469,KIRIBATI,0.3448612,173.6641773
6,2008,0,7200,0.591,2.710,1.615,0.454,KIRIBATI,0.3448612,173.6641773
7,2008,0,7440,0.550,2.683,1.599,0.472,KIRIBATI,0.3448612,173.6641773
8,2008,0,7440,0.624,2.755,1.612,0.504,KIRIBATI,0.3448612,173.6641773
9,2008,0,7200,0.567,2.699,1.614,0.516,KIRIBATI,0.3448612,173.6641773
10,2008,0,7440,0.586,2.805,1.625,0.489,KIRIBATI,0.3448612,173.6641773
11,2008,0,7200,0.587,2.753,1.592,0.457,KIRIBATI,0.3448612,173.6641773
12,2008,0,7440,0.570,2.768,1.626,0.461,KIRIBATI,0.3448612,173.6641773
1,2009,0,7440,0.589,2.963,1.66,0.482,KIRIBATI,0.3448612,173.6641773
2,2009,0,6720,0.487,2.871,1.632,0.508,KIRIBATI,0.3448612,173.6641773
3,2009,0,7440,0.514,2.839,1.646,0.525,KIRIBATI,0.3448612,173.6641773
4,2009,0,7200,0.618,2.717,1.643,0.500,KIRIBATI,0.3448612,173.6641773
5,2009,0,7440,0.661,2.712,1.646,0.462,KIRIBATI,0.3448612,173.6641773
6,2009,0,7200,0.608,2.986,1.655,0.468,KIRIBATI,0.3448612,173.6641773
7,2009,0,7440,0.568,2.958,1.699,0.472,KIRIBATI,0.3448612,173.6641773
8,2009,0,7440,0.602,2.960,1.766,0.491,KIRIBATI,0.3448612,173.6641773
9,2009,0,7200,0.673,2.985,1.79,0.512,KIRIBATI,0.3448612,173.6641773
10,2009,0,7440,0.818,2.951,1.823,0.504,KIRIBATI,0.3448612,173.6641773
11,2009,0,7200,0.778,2.899,1.769,0.476,KIRIBATI,0.3448612,173.6641773
12,2009,0,7440,0.707,2.940,1.802,0.472,KIRIBATI,0.3448612,173.6641773
1,2010,0,7440,0.540,2.976,1.712,0.505,KIRIBATI,0.3448612,173.6641773
2,2010,0,6720,0.407,3.006,1.668,0.514,KIRIBATI,0.3448612,173.6641773
3,2010,0,7440,0.393,3.054,1.601,0.547,KIRIBATI,0.3448612,173.6641773
4,2010,0,7200,0.592,2.637,1.57,0.492,KIRIBATI,0.3448612,173.6641773
5,2010,0,7440,0.684,2.589,1.565,0.459,KIRIBATI,0.3448612,173.6641773
6,2010,0,7200,0.623,2.557,1.554,0.450,KIRIBATI,0.3448612,173.6641773
7,2010,478,6962,0.554,2.729,1.579,0.473,KIRIBATI,0.3448612,173.6641773
8,2010,1299,6141,0.464,2.771,1.561,0.478,KIRIBATI,0.3448612,173.6641773
9,2010,271,6929,0.383,2.876,1.578,0.511,KIRIBATI,0.3448612,173.6641773
10,2010,0,7440,0.505,2.818,1.625,0.496,KIRIBATI,0.3448612,173.6641773
11,2010,0,7200,0.582,2.742,1.644,0.484,KIRIBATI,0.3448612,173.6641773
12,2010,0,7440,0.598,2.764,1.636,0.477,KIRIBATI,0.3448612,173.6641773
1,2011,0,7440,0.630,2.901,1.677,0.494,KIRIBATI,0.3448612,173.6641773
2,2011,0,6720,0.520,2.984,1.677,0.518,KIRIBATI,0.3448612,173.6641773
3,2011,0,7440,0.386,2.941,1.68,0.523,KIRIBATI,0.3448612,173.6641773
4,2011,0,7200,0.563,2.977,1.682,0.505,KIRIBATI,0.3448612,173.6641773
5,2011,0,7440,0.681,2.784,1.679,0.465,KIRIBATI,0.3448612,173.6641773
6,2011,0,7200,0.658,2.685,1.659,0.460,KIRIBATI,0.3448612,173.6641773
7,2011,0,7440,0.655,2.794,1.673,0.484,KIRIBATI,0.3448612,173.6641773
8,2011,0,7440,0.560,2.854,1.704,0.513,KIRIBATI,0.3448612,173.6641773
9,2011,0,7200,0.455,2.871,1.651,0.524,KIRIBATI,0.3448612,173.6641773
10,2011,3798,3642,0.610,2.891,1.688,0.526,KIRIBATI,0.3448612,173.6641773
11,2011,0,7200,0.635,2.880,1.683,0.477,KIRIBATI,0.3448612,173.6641773
12,2011,0,7440,0.663,2.793,1.64,0.466,KIRIBATI,0.3448612,173.6641773
1,2012,0,7440,0.702,2.805,1.669,0.485,KIRIBATI,0.3448612,173.6641773
2,2012,0,6960,0.589,2.864,1.659,0.521,KIRIBATI,0.3448612,173.6641773
3,2012,0,7440,0.527,2.893,1.673,0.500,KIRIBATI,0.3448612,173.6641773
4,2012,0,7200,0.592,2.940,1.715,0.498,KIRIBATI,0.3448612,173.6641773
5,2012,0,7440,0.579,2.943,1.692,0.491,KIRIBATI,0.3448612,173.6641773
6,2012,0,7200,0.621,2.884,1.674,0.487,KIRIBATI,0.3448612,173.6641773
7,2012,236,7204,0.679,2.843,1.709,0.489,KIRIBATI,0.3448612,173.6641773
8,2012,2160,5280,0.665,2.948,1.71,0.511,KIRIBATI,0.3448612,173.6641773
9,2012,0,7200,0.611,2.860,1.738,0.516,KIRIBATI,0.3448612,173.6641773
10,2012,0,7440,0.642,2.909,1.75,0.508,KIRIBATI,0.3448612,173.6641773
11,2012,0,7200,0.600,2.928,1.711,0.481,KIRIBATI,0.3448612,173.6641773
12,2012,0,7440,0.619,2.878,1.711,0.484,KIRIBATI,0.3448612,173.6641773
1,2013,0,7440,0.568,2.904,1.695,0.510,KIRIBATI,0.3448612,173.6641773
2,2013,0,6720,0.568,2.899,1.682,0.525,KIRIBATI,0.3448612,173.6641773
3,2013,0,7440,0.585,2.774,1.644,0.522,KIRIBATI,0.3448612,173.6641773
4,2013,0,7200,0.562,2.836,1.655,0.505,KIRIBATI,0.3448612,173.6641773
5,2013,0,7440,0.577,2.872,1.65,0.490,KIRIBATI,0.3448612,173.6641773
6,2013,0,7200,0.562,2.855,1.661,0.481,KIRIBATI,0.3448612,173.6641773
7,2013,0,7440,0.530,2.857,1.671,0.465,KIRIBATI,0.3448612,173.6641773
8,2013,0,7440,0.578,2.913,1.682,0.494,KIRIBATI,0.3448612,173.6641773
9,2013,0,7200,0.569,2.794,1.686,0.505,KIRIBATI,0.3448612,173.6641773
10,2013,0,7440,0.726,2.778,1.739,0.509,KIRIBATI,0.3448612,173.6641773
11,2013,0,7200,0.702,2.922,1.714,0.503,KIRIBATI,0.3448612,173.6641773
12,2013,0,7440,0.611,2.831,1.672,0.497,KIRIBATI,0.3448612,173.6641773
1,2014,0,7440,0.498,2.915,1.717,0.519,KIRIBATI,0.3448612,173.6641773
2,2014,0,6720,0.656,3.051,1.807,0.514,KIRIBATI,0.3448612,173.6641773
3,2014,0,7440,0.642,3.120,1.818,0.547,KIRIBATI,0.3448612,173.6641773
4,2014,0,7200,0.718,2.851,1.772,0.507,KIRIBATI,0.3448612,173.6641773
5,2014,0,7440,0.722,2.820,1.701,0.476,KIRIBATI,0.3448612,173.6641773
6,2014,0,7200,0.634,2.810,1.674,0.470,KIRIBATI,0.3448612,173.6641773
7,2014,0,7440,0.610,2.934,1.737,0.488,KIRIBATI,0.3448612,173.6641773
8,2014,0,7440,0.577,3.019,1.761,0.510,KIRIBATI,0.3448612,173.6641773
9,2014,0,7200,0.562,2.940,1.752,0.515,KIRIBATI,0.3448612,173.6641773
10,2014,1709,5731,0.782,2.904,1.775,0.466,KIRIBATI,0.3448612,173.6641773
11,2014,0,7200,0.718,2.837,1.742,0.508,KIRIBATI,0.3448612,173.6641773
12,2014,0,7440,0.704,2.919,1.728,0.490,KIRIBATI,0.3448612,173.6641773
1,2015,0,7440,0.589,2.962,1.753,0.500,KIRIBATI,0.3448612,173.6641773
2,2015,0,6720,0.610,3.124,1.799,0.528,KIRIBATI,0.3448612,173.6641773
3,2015,0,7440,0.592,3.016,1.838,0.528,KIRIBATI,0.3448612,173.6641773
4,2015,0,7200,0.645,2.942,1.745,0.504,KIRIBATI,0.3448612,173.6641773
5,2015,0,7440,0.786,2.886,1.763,0.491,KIRIBATI,0.3448612,173.6641773
6,2015,0,7200,0.791,2.767,1.701,0.469,KIRIBATI,0.3448612,173.6641773
7,2015,0,7440,0.690,2.926,1.756,0.492,KIRIBATI,0.3448612,173.6641773
8,2015,0,7440,0.560,2.984,1.736,0.529,KIRIBATI,0.3448612,173.6641773
9,2015,0,7200,0.598,3.043,1.767,0.534,KIRIBATI,0.3448612,173.6641773
10,2015,0,7440,0.575,2.896,1.751,0.519,KIRIBATI,0.3448612,173.6641773
11,2015,0,7200,0.672,2.910,1.713,0.498,KIRIBATI,0.3448612,173.6641773
12,2015,0,7440,0.803,2.847,1.748,0.483,KIRIBATI,0.3448612,173.6641773
1,2016,0,7440,0.556,2.763,1.636,0.497,KIRIBATI,0.3448612,173.6641773
2,2016,0,6960,0.441,2.790,1.563,0.517,KIRIBATI,0.3448612,173.6641773
3,2016,0,7440,0.398,2.801,1.548,0.513,KIRIBATI,0.3448612,173.6641773
4,2016,313,6887,0.373,2.747,1.547,0.520,KIRIBATI,0.3448612,173.6641773
5,2016,962,6478,0.483,2.733,1.552,0.481,KIRIBATI,0.3448612,173.6641773
6,2016,194,7006,0.526,2.667,1.597,0.475,KIRIBATI,0.3448612,173.6641773
7,2016,0,7440,0.647,2.771,1.652,0.494,KIRIBATI,0.3448612,173.6641773
8,2016,0,7440,0.661,2.843,1.676,0.514,KIRIBATI,0.3448612,173.6641773
9,2016,0,7200,0.540,2.790,1.673,0.515,KIRIBATI,0.3448612,173.6641773
10,2016,0,7440,0.545,2.894,1.653,0.525,KIRIBATI,0.3448612,173.6641773
11,2016,0,7200,0.501,2.923,1.685,0.501,KIRIBATI,0.3448612,173.6641773
12,2016,0,7440,0.636,2.913,1.711,0.495,KIRIBATI,0.3448612,173.6641773
1,2017,0,7440,0.568,2.824,1.698,0.514,KIRIBATI,0.3448612,173.6641773
2,2017,0,6720,0.567,2.862,1.681,0.519,KIRIBATI,0.3448612,173.6641773
3,2017,0,7440,0.586,2.815,1.655,0.534,KIRIBATI,0.3448612,173.6641773
4,2017,0,7200,0.608,2.862,1.683,0.505,KIRIBATI,0.3448612,173.6641773
5,2017,0,7440,0.553,2.799,1.656,0.491,KIRIBATI,0.3448612,173.6641773
6,2017,0,7200,0.590,2.877,1.661,0.483,KIRIBATI,0.3448612,173.6641773
7,2017,0,7440,0.662,2.796,1.688,0.465,KIRIBATI,0.3448612,173.6641773
8,2017,0,7440,0.671,2.829,1.701,0.479,KIRIBATI,0.3448612,173.6641773
9,2017,0,7200,0.606,2.720,1.646,0.513,KIRIBATI,0.3448612,173.6641773
10,2017,785,6655,0.596,2.777,1.652,0.499,KIRIBATI,0.3448612,173.6641773
11,2017,0,7200,0.608,2.929,1.742,0.512,KIRIBATI,0.3448612,173.6641773
12,2017,0,7440,0.608,3.000,1.765,0.504,KIRIBATI,0.3448612,173.6641773
1,2018,0,7440,0.554,2.977,1.7,0.513,KIRIBATI,0.3448612,173.6641773
2,2018,0,6720,0.572,2.909,1.762,0.505,KIRIBATI,0.3448612,173.6641773
3,2018,0,7440,0.636,2.917,1.754,0.544,KIRIBATI,0.3448612,173.6641773
4,2018,0,7200,0.693,2.813,1.738,0.517,KIRIBATI,0.3448612,173.6641773
5,2018,0,7440,0.687,2.881,1.718,0.491,KIRIBATI,0.3448612,173.6641773
6,2018,0,7200,0.692,2.859,1.697,0.469,KIRIBATI,0.3448612,173.6641773
7,2018,0,7440,0.721,2.908,1.736,0.484,KIRIBATI,0.3448612,173.6641773
8,2018,0,7440,0.655,2.928,1.779,0.502,KIRIBATI,0.3448612,173.6641773
9,2018,0,7200,0.637,2.954,1.811,0.524,KIRIBATI,0.3448612,173.6641773
10,2018,0,7440,0.746,2.927,1.803,0.511,KIRIBATI,0.3448612,173.6641773
11,2018,0,7200,0.767,2.899,1.814,0.500,KIRIBATI,0.3448612,173.6641773
12,2018,0,7440,0.716,2.897,1.814,0.479,KIRIBATI,0.3448612,173.6641773
1,2019,0,7440,0.755,2.956,1.851,0.493,KIRIBATI,0.3448612,173.6641773
2,2019,0,6720,0.658,3.146,1.784,0.519,KIRIBATI,0.3448612,173.6641773
3,2019,0,7440,0.562,2.910,1.731,0.503,KIRIBATI,0.3448612,173.6641773
4,2019,1528,5672,0.654,2.834,1.712,0.523,KIRIBATI,0.3448612,173.6641773
5,2019,0,7440,0.705,2.784,1.702,0.490,KIRIBATI,0.3448612,173.6641773
6,2019,1420,5780,0.786,2.760,1.691,0.486,KIRIBATI,0.3448612,173.6641773
7,2019,0,7440,0.730,2.903,1.757,0.478,KIRIBATI,0.3448612,173.6641773
8,2019,0,7440,0.638,2.956,1.786,0.514,KIRIBATI,0.3448612,173.6641773
9,2019,0,7200,0.622,2.958,1.815,0.525,KIRIBATI,0.3448612,173.6641773
10,2019,0,7440,0.629,2.912,1.749,0.518,KIRIBATI,0.3448612,173.6641773
11,2019,0,7200,0.811,2.928,1.776,0.490,KIRIBATI,0.3448612,173.6641773
12,2019,0,7440,0.872,2.856,1.828,0.474,KIRIBATI,0.3448612,173.6641773
1,2020,0,7440,0.717,2.893,1.801,0.481,KIRIBATI,0.3448612,173.6641773
2,2020,0,6960,0.673,3.017,1.773,0.502,KIRIBATI,0.3448612,173.6641773
3,2020,0,7440,0.472,2.959,1.648,0.509,KIRIBATI,0.3448612,173.6641773
4,2020,0,7200,0.443,2.819,1.616,0.509,KIRIBATI,0.3448612,173.6641773
5,2020,0,7440,0.528,2.801,1.645,0.485,KIRIBATI,0.3448612,173.6641773
6,2020,0,7200,0.657,2.722,1.662,0.466,KIRIBATI,0.3448612,173.6641773
7,2020,0,7440,0.716,2.719,1.667,0.463,KIRIBATI,0.3448612,173.6641773
8,2020,0,7440,0.576,2.868,1.664,0.494,KIRIBATI,0.3448612,173.6641773
9,2020,0,7200,0.505,2.874,1.676,0.512,KIRIBATI,0.3448612,173.6641773
10,2020,0,7440,0.434,2.896,1.675,0.530,KIRIBATI,0.3448612,173.6641773
11,2020,0,7200,0.582,3.018,1.682,0.500,KIRIBATI,0.3448612,173.6641773
12,2020,0,7440,0.691,2.898,1.69,0.473,KIRIBATI,0.3448612,173.6641773
1,2021,0,7440,0.650,2.809,1.638,0.488,KIRIBATI,0.3448612,173.6641773
2,2021,0,6720,0.592,2.945,1.698,0.495,KIRIBATI,0.3448612,173.6641773
3,2021,0,7440,0.561,2.955,1.72,0.551,KIRIBATI,0.3448612,173.6641773
4,2021,0,7200,0.618,2.939,1.733,0.523,KIRIBATI,0.3448612,173.6641773
5,2021,0,7440,0.646,2.864,1.706,0.471,KIRIBATI,0.3448612,173.6641773
6,2021,0,7200,0.699,2.842,1.685,0.458,KIRIBATI,0.3448612,173.6641773
7,2021,0,7440,0.685,2.716,1.674,0.445,KIRIBATI,0.3448612,173.6641773
8,2021,0,7440,0.746,2.757,1.692,0.460,KIRIBATI,0.3448612,173.6641773
9,2021,0,7200,0.590,2.785,1.664,0.495,KIRIBATI,0.3448612,173.6641773
10,2021,356,7084,0.565,2.843,1.685,0.505,KIRIBATI,0.3448612,173.6641773
11,2021,1916,5284,0.857,2.596,1.667,0.408,KIRIBATI,0.3448612,173.6641773
12,2021,0,7440,0.675,2.894,1.756,0.480,KIRIBATI,0.3448612,173.6641773
1,2022,0,7440,0.675,2.990,1.744,0.489,KIRIBATI,0.3448612,173.6641773
2,2022,1,6719,0.610,2.927,1.697,0.498,KIRIBATI,0.3448612,173.6641773
3,2022,0,7440,0.585,2.835,1.685,0.536,KIRIBATI,0.3448612,173.6641773
4,2022,0,7200,0.701,2.878,1.721,0.516,KIRIBATI,0.3448612,173.6641773
5,2022,0,7440,0.669,2.755,1.675,0.469,KIRIBATI,0.3448612,173.6641773
6,2022,1,7199,0.651,2.756,1.677,0.453,KIRIBATI,0.3448612,173.6641773
7,2022,1,7439,0.654,2.873,1.676,0.463,KIRIBATI,0.3448612,173.6641773
8,2022,1,7439,0.598,2.863,1.707,0.487,KIRIBATI,0.3448612,173.6641773
9,2022,0,7200,0.587,2.906,1.715,0.510,KIRIBATI,0.3448612,173.6641773
10,2022,0,7440,0.638,2.822,1.723,0.502,KIRIBATI,0.3448612,173.6641773
11,2022,0,7200,0.711,2.854,1.739,0.484,KIRIBATI,0.3448612,173.6641773
12,2022,273,7167,0.758,2.902,1.745,0.463,KIRIBATI,0.3448612,173.6641773
1,2023,0,7440,0.675,3.030,1.765,0.475,KIRIBATI,0.3448612,173.6641773
2,2023,1,6719,0.585,3.031,1.738,0.517,KIRIBATI,0.3448612,173.6641773
3,2023,0,7440,0.608,3.024,1.749,0.512,KIRIBATI,0.3448612,173.6641773
4,2023,0,7200,0.734,2.927,1.75,0.507,KIRIBATI,0.3448612,173.6641773
5,2023,0,7440,0.757,2.799,1.749,0.479,KIRIBATI,0.3448612,173.6641773
6,2023,3,7197,0.777,2.772,1.748,0.447,KIRIBATI,0.3448612,173.6641773
7,2023,0,7440,0.739,2.843,1.736,0.465,KIRIBATI,0.3448612,173.6641773
8,2023,46,7394,0.610,3.024,1.792,0.512,KIRIBATI,0.3448612,173.6641773
9,2023,1,7199,0.625,3.006,1.769,0.526,KIRIBATI,0.3448612,173.6641773
10,2023,2,7438,0.696,2.911,1.821,0.518,KIRIBATI,0.3448612,173.6641773
11,2023,0,7200,0.851,3.012,1.837,0.471,KIRIBATI,0.3448612,173.6641773
12,2023,0,7440,0.798,2.748,1.73,0.442,KIRIBATI,0.3448612,173.6641773
1,2024,1,7439,0.658,2.795,1.65,0.464,KIRIBATI,0.3448612,173.6641773
2,2024,0,6960,0.496,2.907,1.652,0.505,KIRIBATI,0.3448612,173.6641773
3,2024,0,7440,0.385,2.959,1.604,0.515,KIRIBATI,0.3448612,173.6641773
4,2024,0,7200,0.495,2.793,1.636,0.493,KIRIBATI,0.3448612,173.6641773
5,2024,0,7440,0.705,2.813,1.676,0.457,KIRIBATI,0.3448612,173.6641773
6,2024,0,7200,0.749,2.658,1.664,0.451,KIRIBATI,0.3448612,173.6641773
7,2024,2,7438,0.655,2.794,1.683,0.451,KIRIBATI,0.3448612,173.6641773
8,2024,0,7440,0.583,2.968,1.69,0.491,KIRIBATI,0.3448612,173.6641773
9,2024,0,7200,0.444,2.947,1.684,0.514,KIRIBATI,0.3448612,173.6641773
10,2024,2,7438,0.493,2.933,1.685,0.513,KIRIBATI,0.3448612,173.6641773
11,2024,0,7200,0.693,2.884,1.713,0.469,KIRIBATI,0.3448612,173.6641773
12,2024,0,7440,0.780,2.803,1.663,0.457,KIRIBATI,0.3448612,173.6641773
1,2025,0,7440,0.661,2.872,1.682,0.486,KIRIBATI,0.3448612,173.6641773
Totals,121351,2698649,,,,,,KIRIBATI,0.3448612,173.6641773
Standard,deviation,of,the,observations,=,0.5011,metres,KIRIBATI,0.3448612,173.6641773
Skewness,=,0.0519,,,,,,KIRIBATI,0.3448612,173.6641773
7,1993,1680,5760,0.309,2.532,1.344,0.450,NAURU,-0.5252306,166.9324426
8,1993,0,7440,0.267,2.569,1.373,0.493,NAURU,-0.5252306,166.9324426
9,1993,0,7200,0.204,2.494,1.356,0.487,NAURU,-0.5252306,166.9324426
10,1993,861,6579,0.305,2.628,1.407,0.473,NAURU,-0.5252306,166.9324426
11,1993,2880,4320,0.381,2.579,1.394,0.518,NAURU,-0.5252306,166.9324426
12,1993,232,7208,0.428,2.752,1.466,0.461,NAURU,-0.5252306,166.9324426
1,1994,0,7440,0.330,2.601,1.441,0.481,NAURU,-0.5252306,166.9324426
2,1994,0,6720,0.205,2.521,1.321,0.484,NAURU,-0.5252306,166.9324426
3,1994,0,7440,0.236,2.570,1.351,0.499,NAURU,-0.5252306,166.9324426
4,1994,0,7200,0.326,2.586,1.387,0.476,NAURU,-0.5252306,166.9324426
5,1994,6480,960,0.862,1.830,1.357,0.243,NAURU,-0.5252306,166.9324426
6,1994,7200,0,,,,,NAURU,-0.5252306,166.9324426
7,1994,1440,6000,0.488,2.612,1.454,0.478,NAURU,-0.5252306,166.9324426
8,1994,0,7440,0.404,2.468,1.443,0.464,NAURU,-0.5252306,166.9324426
9,1994,0,7200,0.397,2.547,1.456,0.485,NAURU,-0.5252306,166.9324426
10,1994,0,7440,0.327,2.572,1.413,0.485,NAURU,-0.5252306,166.9324426
11,1994,1221,5979,0.357,2.663,1.43,0.478,NAURU,-0.5252306,166.9324426
12,1994,1440,6000,0.399,2.917,1.558,0.496,NAURU,-0.5252306,166.9324426
1,1995,7440,0,,,,,NAURU,-0.5252306,166.9324426
2,1995,6720,0,,,,,NAURU,-0.5252306,166.9324426
3,1995,7440,0,,,,,NAURU,-0.5252306,166.9324426
4,1995,7200,0,,,,,NAURU,-0.5252306,166.9324426
5,1995,0,7440,0.289,2.546,1.349,0.462,NAURU,-0.5252306,166.9324426
6,1995,0,7200,0.201,2.517,1.303,0.463,NAURU,-0.5252306,166.9324426
7,1995,0,7440,0.233,2.504,1.31,0.468,NAURU,-0.5252306,166.9324426
8,1995,0,7440,0.228,2.451,1.309,0.477,NAURU,-0.5252306,166.9324426
9,1995,0,7200,0.263,2.400,1.328,0.490,NAURU,-0.5252306,166.9324426
10,1995,0,7440,0.335,2.535,1.354,0.483,NAURU,-0.5252306,166.9324426
11,1995,0,7200,0.320,2.572,1.365,0.477,NAURU,-0.5252306,166.9324426
12,1995,728,6712,0.319,2.653,1.413,0.472,NAURU,-0.5252306,166.9324426
1,1996,2940,4500,0.289,2.769,1.437,0.511,NAURU,-0.5252306,166.9324426
2,1996,0,6960,0.149,2.646,1.359,0.497,NAURU,-0.5252306,166.9324426
3,1996,2608,4832,0.355,2.505,1.391,0.507,NAURU,-0.5252306,166.9324426
4,1996,251,6949,0.375,2.426,1.348,0.475,NAURU,-0.5252306,166.9324426
5,1996,0,7440,0.394,2.437,1.376,0.466,NAURU,-0.5252306,166.9324426
6,1996,2485,4715,0.297,2.536,1.326,0.483,NAURU,-0.5252306,166.9324426
7,1996,0,7440,0.293,2.565,1.341,0.488,NAURU,-0.5252306,166.9324426
8,1996,0,7440,0.199,2.664,1.356,0.501,NAURU,-0.5252306,166.9324426
9,1996,184,7016,0.310,2.485,1.387,0.486,NAURU,-0.5252306,166.9324426
10,1996,0,7440,0.415,2.588,1.368,0.474,NAURU,-0.5252306,166.9324426
11,1996,798,6402,0.448,2.474,1.406,0.479,NAURU,-0.5252306,166.9324426
12,1996,254,7186,0.413,2.612,1.476,0.453,NAURU,-0.5252306,166.9324426
1,1997,0,7440,0.464,2.694,1.517,0.471,NAURU,-0.5252306,166.9324426
2,1997,0,6720,0.338,2.774,1.487,0.501,NAURU,-0.5252306,166.9324426
3,1997,0,7440,0.485,2.805,1.643,0.499,NAURU,-0.5252306,166.9324426
4,1997,0,7200,0.394,2.694,1.549,0.501,NAURU,-0.5252306,166.9324426
5,1997,0,7440,0.461,2.540,1.429,0.470,NAURU,-0.5252306,166.9324426
6,1997,0,7200,0.435,2.445,1.396,0.457,NAURU,-0.5252306,166.9324426
7,1997,0,7440,0.421,2.621,1.417,0.461,NAURU,-0.5252306,166.9324426
8,1997,0,7440,0.322,2.682,1.395,0.474,NAURU,-0.5252306,166.9324426
9,1997,0,7200,0.163,2.498,1.357,0.497,NAURU,-0.5252306,166.9324426
10,1997,0,7440,0.223,2.463,1.335,0.493,NAURU,-0.5252306,166.9324426
11,1997,0,7200,0.214,2.401,1.226,0.475,NAURU,-0.5252306,166.9324426
12,1997,0,7440,0.216,2.345,1.231,0.472,NAURU,-0.5252306,166.9324426
1,1998,0,7440,0.051,2.402,1.191,0.493,NAURU,-0.5252306,166.9324426
2,1998,514,6206,-0.081,2.359,1.097,0.488,NAURU,-0.5252306,166.9324426
3,1998,0,7440,0.013,2.315,1.131,0.513,NAURU,-0.5252306,166.9324426
4,1998,0,7200,0.090,2.290,1.131,0.482,NAURU,-0.5252306,166.9324426
5,1998,0,7440,0.168,2.371,1.174,0.462,NAURU,-0.5252306,166.9324426
6,1998,0,7200,0.282,2.290,1.232,0.447,NAURU,-0.5252306,166.9324426
7,1998,180,7260,0.294,2.247,1.22,0.442,NAURU,-0.5252306,166.9324426
8,1998,0,7440,0.230,2.393,1.229,0.462,NAURU,-0.5252306,166.9324426
9,1998,270,6930,0.139,2.440,1.259,0.502,NAURU,-0.5252306,166.9324426
10,1998,0,7440,0.123,2.384,1.251,0.487,NAURU,-0.5252306,166.9324426
11,1998,0,7200,0.216,2.492,1.304,0.483,NAURU,-0.5252306,166.9324426
12,1998,0,7440,0.331,2.555,1.365,0.480,NAURU,-0.5252306,166.9324426
1,1999,0,7440,0.278,2.465,1.297,0.476,NAURU,-0.5252306,166.9324426
2,1999,0,6720,0.247,2.412,1.286,0.476,NAURU,-0.5252306,166.9324426
3,1999,0,7440,0.218,2.446,1.315,0.504,NAURU,-0.5252306,166.9324426
4,1999,0,7200,0.243,2.523,1.335,0.492,NAURU,-0.5252306,166.9324426
5,1999,0,7440,0.332,2.577,1.348,0.472,NAURU,-0.5252306,166.9324426
6,1999,0,7200,0.370,2.524,1.351,0.456,NAURU,-0.5252306,166.9324426
7,1999,0,7440,0.332,2.486,1.346,0.462,NAURU,-0.5252306,166.9324426
8,1999,0,7440,0.325,2.471,1.369,0.476,NAURU,-0.5252306,166.9324426
9,1999,0,7200,0.309,2.408,1.35,0.488,NAURU,-0.5252306,166.9324426
10,1999,0,7440,0.324,2.526,1.361,0.485,NAURU,-0.5252306,166.9324426
11,1999,0,7200,0.399,2.704,1.39,0.474,NAURU,-0.5252306,166.9324426
12,1999,0,7440,0.364,2.612,1.417,0.460,NAURU,-0.5252306,166.9324426
1,2000,0,7440,0.421,2.614,1.438,0.443,NAURU,-0.5252306,166.9324426
2,2000,0,6960,0.396,2.570,1.414,0.454,NAURU,-0.5252306,166.9324426
3,2000,0,7440,0.377,2.391,1.367,0.461,NAURU,-0.5252306,166.9324426
4,2000,0,7200,0.366,2.439,1.365,0.481,NAURU,-0.5252306,166.9324426
5,2000,0,7440,0.365,2.535,1.388,0.470,NAURU,-0.5252306,166.9324426
6,2000,0,7200,0.396,2.517,1.37,0.452,NAURU,-0.5252306,166.9324426
7,2000,0,7440,0.346,2.552,1.375,0.465,NAURU,-0.5252306,166.9324426
8,2000,0,7440,0.343,2.595,1.385,0.489,NAURU,-0.5252306,166.9324426
9,2000,0,7200,0.326,2.404,1.38,0.489,NAURU,-0.5252306,166.9324426
10,2000,0,7440,0.458,2.406,1.377,0.475,NAURU,-0.5252306,166.9324426
11,2000,0,7200,0.404,2.684,1.394,0.466,NAURU,-0.5252306,166.9324426
12,2000,0,7440,0.500,2.588,1.429,0.438,NAURU,-0.5252306,166.9324426
1,2001,0,7440,0.361,2.600,1.395,0.449,NAURU,-0.5252306,166.9324426
2,2001,0,6720,0.295,2.631,1.386,0.480,NAURU,-0.5252306,166.9324426
3,2001,430,7010,0.353,2.591,1.438,0.484,NAURU,-0.5252306,166.9324426
4,2001,0,7200,0.424,2.456,1.418,0.468,NAURU,-0.5252306,166.9324426
5,2001,0,7440,0.500,2.509,1.446,0.452,NAURU,-0.5252306,166.9324426
6,2001,0,7200,0.529,2.489,1.442,0.437,NAURU,-0.5252306,166.9324426
7,2001,0,7440,0.563,2.667,1.494,0.430,NAURU,-0.5252306,166.9324426
8,2001,0,7440,0.520,2.703,1.465,0.435,NAURU,-0.5252306,166.9324426
9,2001,0,7200,0.363,2.640,1.439,0.483,NAURU,-0.5252306,166.9324426
10,2001,0,7440,0.318,2.626,1.434,0.495,NAURU,-0.5252306,166.9324426
11,2001,0,7200,0.508,2.600,1.461,0.474,NAURU,-0.5252306,166.9324426
12,2001,0,7440,0.518,3.069,1.647,0.481,NAURU,-0.5252306,166.9324426
1,2002,6720,720,0.550,2.707,1.545,0.493,NAURU,-0.5252306,166.9324426
2,2002,5972,748,0.558,2.773,1.521,0.543,NAURU,-0.5252306,166.9324426
3,2002,987,6453,0.358,2.806,1.511,0.493,NAURU,-0.5252306,166.9324426
4,2002,690,6510,0.396,2.573,1.439,0.483,NAURU,-0.5252306,166.9324426
5,2002,0,7440,0.470,2.509,1.409,0.449,NAURU,-0.5252306,166.9324426
6,2002,0,7200,0.501,2.488,1.421,0.443,NAURU,-0.5252306,166.9324426
7,2002,0,7440,0.531,2.554,1.51,0.439,NAURU,-0.5252306,166.9324426
8,2002,0,7440,0.449,2.727,1.484,0.458,NAURU,-0.5252306,166.9324426
9,2002,0,7200,0.331,2.605,1.421,0.475,NAURU,-0.5252306,166.9324426
10,2002,0,7440,0.500,2.803,1.548,0.489,NAURU,-0.5252306,166.9324426
11,2002,0,7200,0.377,2.681,1.453,0.485,NAURU,-0.5252306,166.9324426
12,2002,0,7440,0.481,2.667,1.413,0.475,NAURU,-0.5252306,166.9324426
1,2003,0,7440,0.290,2.445,1.328,0.483,NAURU,-0.5252306,166.9324426
2,2003,0,6720,0.186,2.591,1.312,0.503,NAURU,-0.5252306,166.9324426
3,2003,4320,3120,0.364,2.499,1.38,0.480,NAURU,-0.5252306,166.9324426
4,2003,7200,0,,,,,NAURU,-0.5252306,166.9324426
5,2003,4361,3079,0.598,2.362,1.406,0.401,NAURU,-0.5252306,166.9324426
6,2003,0,7200,0.440,2.619,1.43,0.440,NAURU,-0.5252306,166.9324426
7,2003,0,7440,0.471,2.485,1.424,0.441,NAURU,-0.5252306,166.9324426
8,2003,0,7440,0.424,2.585,1.469,0.474,NAURU,-0.5252306,166.9324426
9,2003,0,7200,0.393,2.593,1.435,0.493,NAURU,-0.5252306,166.9324426
10,2003,0,7440,0.364,2.746,1.432,0.485,NAURU,-0.5252306,166.9324426
11,2003,0,7200,0.472,2.794,1.498,0.469,NAURU,-0.5252306,166.9324426
12,2003,0,7440,0.416,2.710,1.472,0.448,NAURU,-0.5252306,166.9324426
1,2004,0,7440,0.440,2.765,1.522,0.460,NAURU,-0.5252306,166.9324426
2,2004,0,6960,0.327,2.777,1.445,0.482,NAURU,-0.5252306,166.9324426
3,2004,1920,5520,0.382,2.536,1.404,0.534,NAURU,-0.5252306,166.9324426
4,2004,7200,0,,,,,NAURU,-0.5252306,166.9324426
5,2004,7440,0,,,,,NAURU,-0.5252306,166.9324426
6,2004,7200,0,,,,,NAURU,-0.5252306,166.9324426
7,2004,4721,2719,0.413,2.613,1.476,0.447,NAURU,-0.5252306,166.9324426
8,2004,0,7440,0.410,2.690,1.49,0.495,NAURU,-0.5252306,166.9324426
9,2004,0,7200,0.436,2.494,1.457,0.495,NAURU,-0.5252306,166.9324426
10,2004,0,7440,0.442,2.633,1.46,0.502,NAURU,-0.5252306,166.9324426
11,2004,0,7200,0.381,2.650,1.424,0.484,NAURU,-0.5252306,166.9324426
12,2004,0,7440,0.475,2.729,1.457,0.462,NAURU,-0.5252306,166.9324426
1,2005,0,7440,0.262,2.661,1.421,0.482,NAURU,-0.5252306,166.9324426
2,2005,0,6720,0.298,2.797,1.49,0.501,NAURU,-0.5252306,166.9324426
3,2005,0,7440,0.267,2.821,1.455,0.533,NAURU,-0.5252306,166.9324426
4,2005,0,7200,0.350,2.514,1.35,0.490,NAURU,-0.5252306,166.9324426
5,2005,0,7440,0.375,2.439,1.343,0.458,NAURU,-0.5252306,166.9324426
6,2005,0,7200,0.389,2.431,1.373,0.434,NAURU,-0.5252306,166.9324426
7,2005,0,7440,0.330,2.573,1.383,0.432,NAURU,-0.5252306,166.9324426
8,2005,0,7440,0.334,2.709,1.428,0.468,NAURU,-0.5252306,166.9324426
9,2005,0,7200,0.248,2.638,1.423,0.495,NAURU,-0.5252306,166.9324426
10,2005,0,7440,0.375,2.576,1.437,0.495,NAURU,-0.5252306,166.9324426
11,2005,0,7200,0.511,2.693,1.449,0.471,NAURU,-0.5252306,166.9324426
12,2005,0,7440,0.399,2.632,1.448,0.458,NAURU,-0.5252306,166.9324426
1,2006,0,7440,0.246,2.709,1.427,0.481,NAURU,-0.5252306,166.9324426
2,2006,0,6720,0.221,2.718,1.421,0.485,NAURU,-0.5252306,166.9324426
3,2006,0,7440,0.317,2.671,1.435,0.520,NAURU,-0.5252306,166.9324426
4,2006,0,7200,0.400,2.577,1.415,0.488,NAURU,-0.5252306,166.9324426
5,2006,246,7194,0.537,2.461,1.451,0.431,NAURU,-0.5252306,166.9324426
6,2006,0,7200,0.469,2.456,1.406,0.422,NAURU,-0.5252306,166.9324426
7,2006,0,7440,0.516,2.634,1.475,0.434,NAURU,-0.5252306,166.9324426
8,2006,270,7170,0.468,2.743,1.51,0.463,NAURU,-0.5252306,166.9324426
9,2006,0,7200,0.338,2.751,1.47,0.488,NAURU,-0.5252306,166.9324426
10,2006,0,7440,0.485,2.765,1.552,0.478,NAURU,-0.5252306,166.9324426
11,2006,0,7200,0.479,2.752,1.492,0.466,NAURU,-0.5252306,166.9324426
12,2006,0,7440,0.514,2.541,1.444,0.441,NAURU,-0.5252306,166.9324426
1,2007,0,7440,0.376,2.549,1.358,0.460,NAURU,-0.5252306,166.9324426
2,2007,0,6720,0.216,2.617,1.342,0.484,NAURU,-0.5252306,166.9324426
3,2007,960,6480,0.235,2.582,1.381,0.493,NAURU,-0.5252306,166.9324426
4,2007,0,7200,0.365,2.664,1.411,0.488,NAURU,-0.5252306,166.9324426
5,2007,0,7440,0.447,2.597,1.416,0.451,NAURU,-0.5252306,166.9324426
6,2007,0,7200,0.472,2.440,1.376,0.428,NAURU,-0.5252306,166.9324426
7,2007,0,7440,0.395,2.584,1.389,0.453,NAURU,-0.5252306,166.9324426
8,2007,0,7440,0.326,2.527,1.39,0.488,NAURU,-0.5252306,166.9324426
9,2007,0,7200,0.261,2.644,1.381,0.500,NAURU,-0.5252306,166.9324426
10,2007,0,7440,0.302,2.703,1.396,0.483,NAURU,-0.5252306,166.9324426
11,2007,0,7200,0.419,2.698,1.418,0.457,NAURU,-0.5252306,166.9324426
12,2007,0,7440,0.362,2.472,1.402,0.436,NAURU,-0.5252306,166.9324426
1,2008,0,7440,0.432,2.557,1.386,0.442,NAURU,-0.5252306,166.9324426
2,2008,0,6960,0.318,2.461,1.322,0.484,NAURU,-0.5252306,166.9324426
3,2008,0,7440,0.299,2.467,1.35,0.476,NAURU,-0.5252306,166.9324426
4,2008,0,7200,0.360,2.500,1.352,0.467,NAURU,-0.5252306,166.9324426
5,2008,0,7440,0.369,2.611,1.387,0.456,NAURU,-0.5252306,166.9324426
6,2008,0,7200,0.381,2.443,1.362,0.435,NAURU,-0.5252306,166.9324426
7,2008,0,7440,0.332,2.481,1.362,0.459,NAURU,-0.5252306,166.9324426
8,2008,0,7440,0.340,2.506,1.362,0.491,NAURU,-0.5252306,166.9324426
9,2008,0,7200,0.392,2.438,1.369,0.491,NAURU,-0.5252306,166.9324426
10,2008,0,7440,0.421,2.527,1.374,0.463,NAURU,-0.5252306,166.9324426
11,2008,0,7200,0.347,2.556,1.361,0.447,NAURU,-0.5252306,166.9324426
12,2008,0,7440,0.300,2.628,1.386,0.457,NAURU,-0.5252306,166.9324426
1,2009,0,7440,0.443,2.616,1.433,0.448,NAURU,-0.5252306,166.9324426
2,2009,0,6720,0.325,2.619,1.414,0.477,NAURU,-0.5252306,166.9324426
3,2009,0,7440,0.389,2.478,1.428,0.473,NAURU,-0.5252306,166.9324426
4,2009,0,7200,0.487,2.470,1.445,0.453,NAURU,-0.5252306,166.9324426
5,2009,0,7440,0.456,2.454,1.444,0.420,NAURU,-0.5252306,166.9324426
6,2009,0,7200,0.434,2.539,1.394,0.440,NAURU,-0.5252306,166.9324426
7,2009,0,7440,0.420,2.702,1.474,0.453,NAURU,-0.5252306,166.9324426
8,2009,0,7440,0.378,2.665,1.49,0.466,NAURU,-0.5252306,166.9324426
9,2009,0,7200,0.516,2.653,1.552,0.486,NAURU,-0.5252306,166.9324426
10,2009,0,7440,0.554,2.673,1.568,0.485,NAURU,-0.5252306,166.9324426
11,2009,0,7200,0.577,2.615,1.513,0.457,NAURU,-0.5252306,166.9324426
12,2009,0,7440,0.452,2.675,1.542,0.455,NAURU,-0.5252306,166.9324426
1,2010,0,7440,0.289,2.742,1.474,0.488,NAURU,-0.5252306,166.9324426
2,2010,0,6720,0.217,2.670,1.386,0.486,NAURU,-0.5252306,166.9324426
3,2010,240,7200,0.193,2.562,1.36,0.517,NAURU,-0.5252306,166.9324426
4,2010,0,7200,0.371,2.389,1.34,0.474,NAURU,-0.5252306,166.9324426
5,2010,0,7440,0.414,2.361,1.326,0.439,NAURU,-0.5252306,166.9324426
6,2010,0,7200,0.382,2.367,1.306,0.439,NAURU,-0.5252306,166.9324426
7,2010,0,7440,0.354,2.496,1.332,0.452,NAURU,-0.5252306,166.9324426
8,2010,0,7440,0.182,2.543,1.329,0.475,NAURU,-0.5252306,166.9324426
9,2010,0,7200,0.234,2.524,1.346,0.495,NAURU,-0.5252306,166.9324426
10,2010,0,7440,0.339,2.562,1.403,0.477,NAURU,-0.5252306,166.9324426
11,2010,278,6922,0.385,2.533,1.404,0.470,NAURU,-0.5252306,166.9324426
12,2010,0,7440,0.422,2.636,1.385,0.452,NAURU,-0.5252306,166.9324426
1,2011,0,7440,0.356,2.714,1.423,0.471,NAURU,-0.5252306,166.9324426
2,2011,0,6720,0.317,2.702,1.435,0.498,NAURU,-0.5252306,166.9324426
3,2011,0,7440,0.291,2.604,1.432,0.499,NAURU,-0.5252306,166.9324426
4,2011,0,7200,0.440,2.658,1.442,0.465,NAURU,-0.5252306,166.9324426
5,2011,0,7440,0.519,2.555,1.438,0.448,NAURU,-0.5252306,166.9324426
6,2011,0,7200,0.421,2.424,1.411,0.447,NAURU,-0.5252306,166.9324426
7,2011,0,7440,0.465,2.572,1.427,0.470,NAURU,-0.5252306,166.9324426
8,2011,0,7440,0.355,2.658,1.462,0.501,NAURU,-0.5252306,166.9324426
9,2011,0,7200,0.330,2.644,1.406,0.497,NAURU,-0.5252306,166.9324426
10,2011,0,7440,0.383,2.671,1.434,0.473,NAURU,-0.5252306,166.9324426
11,2011,0,7200,0.396,2.641,1.428,0.463,NAURU,-0.5252306,166.9324426
12,2011,240,7200,0.405,2.604,1.399,0.453,NAURU,-0.5252306,166.9324426
1,2012,0,7440,0.395,2.554,1.432,0.473,NAURU,-0.5252306,166.9324426
2,2012,0,6960,0.393,2.593,1.432,0.499,NAURU,-0.5252306,166.9324426
3,2012,0,7440,0.311,2.559,1.434,0.479,NAURU,-0.5252306,166.9324426
4,2012,0,7200,0.496,2.745,1.493,0.472,NAURU,-0.5252306,166.9324426
5,2012,0,7440,0.452,2.712,1.484,0.457,NAURU,-0.5252306,166.9324426
6,2012,0,7200,0.438,2.698,1.48,0.451,NAURU,-0.5252306,166.9324426
7,2012,0,7440,0.521,2.658,1.498,0.466,NAURU,-0.5252306,166.9324426
8,2012,0,7440,0.478,2.716,1.506,0.491,NAURU,-0.5252306,166.9324426
9,2012,0,7200,0.493,2.565,1.49,0.490,NAURU,-0.5252306,166.9324426
10,2012,0,7440,0.473,2.731,1.519,0.481,NAURU,-0.5252306,166.9324426
11,2012,0,7200,0.350,2.698,1.466,0.464,NAURU,-0.5252306,166.9324426
12,2012,0,7440,0.406,2.679,1.479,0.467,NAURU,-0.5252306,166.9324426
1,2013,0,7440,0.281,2.646,1.476,0.488,NAURU,-0.5252306,166.9324426
2,2013,0,6720,0.367,2.691,1.452,0.503,NAURU,-0.5252306,166.9324426
3,2013,0,7440,0.337,2.515,1.403,0.507,NAURU,-0.5252306,166.9324426
4,2013,0,7200,0.367,2.564,1.409,0.481,NAURU,-0.5252306,166.9324426
5,2013,0,7440,0.390,2.583,1.403,0.457,NAURU,-0.5252306,166.9324426
6,2013,0,7200,0.319,2.622,1.418,0.458,NAURU,-0.5252306,166.9324426
7,2013,1700,5740,0.359,2.629,1.416,0.475,NAURU,-0.5252306,166.9324426
8,2013,508,6932,0.398,2.633,1.427,0.479,NAURU,-0.5252306,166.9324426
9,2013,0,7200,0.430,2.437,1.432,0.474,NAURU,-0.5252306,166.9324426
10,2013,0,7440,0.427,2.627,1.481,0.488,NAURU,-0.5252306,166.9324426
11,2013,0,7200,0.503,2.646,1.481,0.472,NAURU,-0.5252306,166.9324426
12,2013,0,7440,0.413,2.688,1.443,0.479,NAURU,-0.5252306,166.9324426
1,2014,0,7440,0.391,2.825,1.6,0.507,NAURU,-0.5252306,166.9324426
2,2014,0,6720,0.572,2.917,1.72,0.506,NAURU,-0.5252306,166.9324426
3,2014,0,7440,0.573,2.902,1.676,0.532,NAURU,-0.5252306,166.9324426
4,2014,0,7200,0.616,2.758,1.582,0.479,NAURU,-0.5252306,166.9324426
5,2014,0,7440,0.527,2.709,1.504,0.459,NAURU,-0.5252306,166.9324426
6,2014,2865,4335,0.451,2.598,1.465,0.446,NAURU,-0.5252306,166.9324426
7,2014,7440,0,,,,,NAURU,-0.5252306,166.9324426
8,2014,7440,0,,,,,NAURU,-0.5252306,166.9324426
9,2014,711,6489,0.414,2.723,1.563,0.501,NAURU,-0.5252306,166.9324426
10,2014,0,7440,0.603,2.749,1.654,0.479,NAURU,-0.5252306,166.9324426
11,2014,0,7200,0.587,2.693,1.579,0.475,NAURU,-0.5252306,166.9324426
12,2014,0,7440,0.640,2.972,1.619,0.457,NAURU,-0.5252306,166.9324426
1,2015,2929,4511,0.490,2.827,1.648,0.448,NAURU,-0.5252306,166.9324426
2,2015,1593,5127,0.533,2.836,1.632,0.436,NAURU,-0.5252306,166.9324426
3,2015,1422,6018,0.534,2.843,1.657,0.492,NAURU,-0.5252306,166.9324426
4,2015,0,7200,0.574,2.707,1.573,0.470,NAURU,-0.5252306,166.9324426
5,2015,735,6705,0.584,2.640,1.538,0.459,NAURU,-0.5252306,166.9324426
6,2015,1299,5901,0.494,2.495,1.449,0.460,NAURU,-0.5252306,166.9324426
7,2015,798,6642,0.660,2.835,1.6,0.439,NAURU,-0.5252306,166.9324426
8,2015,307,7133,0.460,2.723,1.527,0.466,NAURU,-0.5252306,166.9324426
9,2015,62,7138,0.452,2.661,1.534,0.486,NAURU,-0.5252306,166.9324426
10,2015,1557,5883,0.382,2.653,1.522,0.467,NAURU,-0.5252306,166.9324426
11,2015,751,6449,0.499,2.567,1.462,0.447,NAURU,-0.5252306,166.9324426
12,2015,504,6936,0.598,2.833,1.524,0.406,NAURU,-0.5252306,166.9324426
1,2016,1685,5755,0.439,2.465,1.388,0.432,NAURU,-0.5252306,166.9324426
2,2016,0,6960,0.263,2.539,1.34,0.487,NAURU,-0.5252306,166.9324426
3,2016,0,7440,0.163,2.527,1.309,0.483,NAURU,-0.5252306,166.9324426
4,2016,0,7200,0.256,2.599,1.288,0.477,NAURU,-0.5252306,166.9324426
5,2016,472,6968,0.256,2.472,1.28,0.462,NAURU,-0.5252306,166.9324426
6,2016,0,7200,0.323,2.445,1.341,0.465,NAURU,-0.5252306,166.9324426
7,2016,0,7440,0.386,2.441,1.385,0.473,NAURU,-0.5252306,166.9324426
8,2016,0,7440,0.438,2.532,1.417,0.479,NAURU,-0.5252306,166.9324426
9,2016,0,7200,0.323,2.525,1.419,0.488,NAURU,-0.5252306,166.9324426
10,2016,0,7440,0.358,2.626,1.412,0.495,NAURU,-0.5252306,166.9324426
11,2016,0,7200,0.371,2.683,1.437,0.472,NAURU,-0.5252306,166.9324426
12,2016,0,7440,0.408,2.679,1.474,0.474,NAURU,-0.5252306,166.9324426
1,2017,289,7151,0.408,2.664,1.488,0.482,NAURU,-0.5252306,166.9324426
2,2017,0,6720,0.381,2.606,1.462,0.488,NAURU,-0.5252306,166.9324426
3,2017,0,7440,0.427,2.531,1.416,0.506,NAURU,-0.5252306,166.9324426
4,2017,0,7200,0.414,2.607,1.437,0.483,NAURU,-0.5252306,166.9324426
5,2017,0,7440,0.340,2.591,1.409,0.470,NAURU,-0.5252306,166.9324426
6,2017,0,7200,0.402,2.557,1.389,0.456,NAURU,-0.5252306,166.9324426
7,2017,0,7440,0.423,2.578,1.417,0.445,NAURU,-0.5252306,166.9324426
8,2017,0,7440,0.406,2.509,1.422,0.451,NAURU,-0.5252306,166.9324426
9,2017,0,7200,0.381,2.504,1.393,0.481,NAURU,-0.5252306,166.9324426
10,2017,0,7440,0.391,2.433,1.4,0.484,NAURU,-0.5252306,166.9324426
11,2017,0,7200,0.437,2.657,1.495,0.482,NAURU,-0.5252306,166.9324426
12,2017,0,7440,0.424,2.750,1.558,0.482,NAURU,-0.5252306,166.9324426
1,2018,0,7440,0.413,2.726,1.466,0.498,NAURU,-0.5252306,166.9324426
2,2018,0,6720,0.375,2.703,1.547,0.482,NAURU,-0.5252306,166.9324426
3,2018,0,7440,0.443,2.710,1.534,0.518,NAURU,-0.5252306,166.9324426
4,2018,0,7200,0.523,2.573,1.514,0.494,NAURU,-0.5252306,166.9324426
5,2018,7345,95,0.688,2.223,1.605,0.471,NAURU,-0.5252306,166.9324426
6,2018,2677,4523,0.461,2.619,1.455,0.492,NAURU,-0.5252306,166.9324426
7,2018,0,7440,0.467,2.690,1.491,0.460,NAURU,-0.5252306,166.9324426
8,2018,0,7440,0.504,2.761,1.543,0.476,NAURU,-0.5252306,166.9324426
9,2018,0,7200,0.477,2.719,1.585,0.495,NAURU,-0.5252306,166.9324426
10,2018,0,7440,0.507,2.671,1.578,0.496,NAURU,-0.5252306,166.9324426
11,2018,0,7200,0.574,2.726,1.602,0.483,NAURU,-0.5252306,166.9324426
12,2018,0,7440,0.520,2.655,1.551,0.464,NAURU,-0.5252306,166.9324426
1,2019,0,7440,0.442,2.769,1.559,0.472,NAURU,-0.5252306,166.9324426
2,2019,0,6720,0.396,2.756,1.532,0.497,NAURU,-0.5252306,166.9324426
3,2019,0,7440,0.340,2.665,1.488,0.488,NAURU,-0.5252306,166.9324426
4,2019,0,7200,0.460,2.566,1.484,0.488,NAURU,-0.5252306,166.9324426
5,2019,0,7440,0.398,2.522,1.475,0.469,NAURU,-0.5252306,166.9324426
6,2019,3572,3628,0.555,2.503,1.422,0.489,NAURU,-0.5252306,166.9324426
7,2019,0,7440,0.501,2.572,1.488,0.452,NAURU,-0.5252306,166.9324426
8,2019,0,7440,0.412,2.782,1.495,0.495,NAURU,-0.5252306,166.9324426
9,2019,0,7200,0.389,2.754,1.577,0.514,NAURU,-0.5252306,166.9324426
10,2019,0,7440,0.412,2.705,1.514,0.504,NAURU,-0.5252306,166.9324426
11,2019,0,7200,0.615,2.787,1.561,0.488,NAURU,-0.5252306,166.9324426
12,2019,0,7440,0.675,2.804,1.574,0.464,NAURU,-0.5252306,166.9324426
1,2020,0,7440,0.505,2.751,1.544,0.468,NAURU,-0.5252306,166.9324426
2,2020,0,6960,0.441,2.834,1.55,0.489,NAURU,-0.5252306,166.9324426
3,2020,0,7440,0.257,2.766,1.442,0.489,NAURU,-0.5252306,166.9324426
4,2020,0,7200,0.344,2.660,1.427,0.494,NAURU,-0.5252306,166.9324426
5,2020,0,7440,0.384,2.636,1.447,0.468,NAURU,-0.5252306,166.9324426
6,2020,0,7200,0.544,2.534,1.461,0.449,NAURU,-0.5252306,166.9324426
7,2020,0,7440,0.538,2.524,1.466,0.451,NAURU,-0.5252306,166.9324426
8,2020,0,7440,0.483,2.629,1.472,0.464,NAURU,-0.5252306,166.9324426
9,2020,0,7200,0.355,2.662,1.476,0.491,NAURU,-0.5252306,166.9324426
10,2020,2482,4958,0.602,2.426,1.481,0.435,NAURU,-0.5252306,166.9324426
11,2020,0,7200,0.450,2.754,1.486,0.478,NAURU,-0.5252306,166.9324426
12,2020,0,7440,0.552,2.731,1.493,0.466,NAURU,-0.5252306,166.9324426
1,2021,0,7440,0.501,2.675,1.447,0.469,NAURU,-0.5252306,166.9324426
2,2021,0,6720,0.539,2.753,1.511,0.470,NAURU,-0.5252306,166.9324426
3,2021,0,7440,0.445,2.715,1.539,0.506,NAURU,-0.5252306,166.9324426
4,2021,0,7200,0.517,2.845,1.561,0.488,NAURU,-0.5252306,166.9324426
5,2021,0,7440,0.517,2.723,1.533,0.455,NAURU,-0.5252306,166.9324426
6,2021,0,7200,0.565,2.610,1.491,0.440,NAURU,-0.5252306,166.9324426
7,2021,0,7440,0.568,2.565,1.48,0.427,NAURU,-0.5252306,166.9324426
8,2021,0,7440,0.569,2.557,1.49,0.444,NAURU,-0.5252306,166.9324426
9,2021,0,7200,0.482,2.588,1.482,0.478,NAURU,-0.5252306,166.9324426
10,2021,0,7440,0.430,2.695,1.485,0.483,NAURU,-0.5252306,166.9324426
11,2021,0,7200,0.452,2.778,1.483,0.478,NAURU,-0.5252306,166.9324426
12,2021,0,7440,0.470,2.758,1.563,0.459,NAURU,-0.5252306,166.9324426
1,2022,0,7440,0.538,2.840,1.556,0.476,NAURU,-0.5252306,166.9324426
2,2022,0,6720,0.460,2.804,1.501,0.478,NAURU,-0.5252306,166.9324426
3,2022,2,7438,0.447,2.727,1.511,0.511,NAURU,-0.5252306,166.9324426
4,2022,0,7200,0.598,2.703,1.541,0.485,NAURU,-0.5252306,166.9324426
5,2022,0,7440,0.528,2.617,1.492,0.448,NAURU,-0.5252306,166.9324426
6,2022,0,7200,0.533,2.588,1.491,0.425,NAURU,-0.5252306,166.9324426
7,2022,0,7440,0.521,2.656,1.494,0.434,NAURU,-0.5252306,166.9324426
8,2022,11,7429,0.427,2.668,1.504,0.473,NAURU,-0.5252306,166.9324426
9,2022,0,7200,0.421,2.638,1.506,0.488,NAURU,-0.5252306,166.9324426
10,2022,18,7422,0.532,2.646,1.53,0.478,NAURU,-0.5252306,166.9324426
11,2022,58,7142,0.555,2.686,1.533,0.460,NAURU,-0.5252306,166.9324426
12,2022,1,7439,0.512,2.715,1.533,0.444,NAURU,-0.5252306,166.9324426
1,2023,1198,6242,0.479,2.801,1.557,0.480,NAURU,-0.5252306,166.9324426
2,2023,3,6717,0.397,2.813,1.54,0.484,NAURU,-0.5252306,166.9324426
3,2023,0,7440,0.492,2.737,1.545,0.474,NAURU,-0.5252306,166.9324426
4,2023,11,7189,0.607,2.623,1.552,0.474,NAURU,-0.5252306,166.9324426
5,2023,0,7440,0.644,2.627,1.561,0.448,NAURU,-0.5252306,166.9324426
6,2023,630,6570,0.696,2.639,1.562,0.428,NAURU,-0.5252306,166.9324426
7,2023,10,7430,0.589,2.670,1.547,0.447,NAURU,-0.5252306,166.9324426
8,2023,62,7378,0.382,2.805,1.564,0.487,NAURU,-0.5252306,166.9324426
9,2023,6219,981,0.470,2.685,1.553,0.614,NAURU,-0.5252306,166.9324426
10,2023,7440,0,,,,,NAURU,-0.5252306,166.9324426
11,2023,7200,0,,,,,NAURU,-0.5252306,166.9324426
12,2023,7440,0,,,,,NAURU,-0.5252306,166.9324426
1,2024,7440,0,,,,,NAURU,-0.5252306,166.9324426
2,2024,6960,0,,,,,NAURU,-0.5252306,166.9324426
3,2024,7440,0,,,,,NAURU,-0.5252306,166.9324426
4,2024,7200,0,,,,,NAURU,-0.5252306,166.9324426
5,2024,4563,2877,0.566,2.340,1.402,0.453,NAURU,-0.5252306,166.9324426
6,2024,0,7200,0.512,2.433,1.398,0.439,NAURU,-0.5252306,166.9324426
7,2024,0,7440,0.471,2.533,1.422,0.430,NAURU,-0.5252306,166.9324426
8,2024,0,7440,0.307,2.623,1.425,0.468,NAURU,-0.5252306,166.9324426
9,2024,0,7200,0.279,2.642,1.424,0.490,NAURU,-0.5252306,166.9324426
10,2024,0,7440,0.334,2.664,1.424,0.486,NAURU,-0.5252306,166.9324426
11,2024,0,7200,0.475,2.663,1.449,0.452,NAURU,-0.5252306,166.9324426
12,2024,0,7440,0.498,2.581,1.429,0.449,NAURU,-0.5252306,166.9324426
1,2025,0,7440,0.404,2.619,1.448,0.469,NAURU,-0.5252306,166.9324426
Totals,239890,2529230,,,,,,NAURU,-0.5252306,166.9324426
Standard,deviation,of,the,observations,=,0.4814,metres,NAURU,-0.5252306,166.9324426
Skewness,=,0.0940,,,,,,NAURU,-0.5252306,166.9324426
2,1993,6240,480,0.337,0.961,0.643,0.187,SAMOA,-13.7693895,-172.12005
3,1993,0,7440,-0.042,1.438,0.708,0.314,SAMOA,-13.7693895,-172.12005
4,1993,0,7200,0.108,1.428,0.724,0.294,SAMOA,-13.7693895,-172.12005
5,1993,0,7440,0.083,1.355,0.706,0.299,SAMOA,-13.7693895,-172.12005
6,1993,0,7200,0.108,1.381,0.713,0.306,SAMOA,-13.7693895,-172.12005
7,1993,0,7440,0.049,1.363,0.704,0.312,SAMOA,-13.7693895,-172.12005
8,1993,0,7440,0.066,1.387,0.708,0.307,SAMOA,-13.7693895,-172.12005
9,1993,0,7200,-0.032,1.381,0.686,0.306,SAMOA,-13.7693895,-172.12005
10,1993,0,7440,-0.005,1.456,0.734,0.305,SAMOA,-13.7693895,-172.12005
11,1993,0,7200,0.105,1.466,0.747,0.290,SAMOA,-13.7693895,-172.12005
12,1993,0,7440,0.104,1.407,0.736,0.299,SAMOA,-13.7693895,-172.12005
1,1994,0,7440,0.127,1.419,0.745,0.314,SAMOA,-13.7693895,-172.12005
2,1994,0,6720,0.097,1.417,0.729,0.309,SAMOA,-13.7693895,-172.12005
3,1994,0,7440,0.116,1.413,0.758,0.310,SAMOA,-13.7693895,-172.12005
4,1994,0,7200,0.040,1.389,0.709,0.303,SAMOA,-13.7693895,-172.12005
5,1994,0,7440,0.027,1.402,0.687,0.303,SAMOA,-13.7693895,-172.12005
6,1994,0,7200,0.087,1.415,0.736,0.293,SAMOA,-13.7693895,-172.12005
7,1994,0,7440,0.165,1.399,0.762,0.288,SAMOA,-13.7693895,-172.12005
8,1994,0,7440,0.170,1.317,0.726,0.284,SAMOA,-13.7693895,-172.12005
9,1994,0,7200,0.105,1.339,0.711,0.298,SAMOA,-13.7693895,-172.12005
10,1994,0,7440,0.101,1.470,0.712,0.300,SAMOA,-13.7693895,-172.12005
11,1994,0,7200,-0.002,1.449,0.658,0.314,SAMOA,-13.7693895,-172.12005
12,1994,0,7440,0.002,1.431,0.715,0.320,SAMOA,-13.7693895,-172.12005
1,1995,0,7440,-0.012,1.445,0.678,0.326,SAMOA,-13.7693895,-172.12005
2,1995,0,6720,0.077,1.332,0.695,0.318,SAMOA,-13.7693895,-172.12005
3,1995,0,7440,0.115,1.351,0.718,0.320,SAMOA,-13.7693895,-172.12005
4,1995,0,7200,0.036,1.363,0.724,0.309,SAMOA,-13.7693895,-172.12005
5,1995,0,7440,0.132,1.434,0.725,0.294,SAMOA,-13.7693895,-172.12005
6,1995,0,7200,0.030,1.418,0.726,0.299,SAMOA,-13.7693895,-172.12005
7,1995,0,7440,0.170,1.547,0.821,0.289,SAMOA,-13.7693895,-172.12005
8,1995,0,7440,0.180,1.514,0.818,0.298,SAMOA,-13.7693895,-172.12005
9,1995,0,7200,0.187,1.459,0.807,0.299,SAMOA,-13.7693895,-172.12005
10,1995,0,7440,0.166,1.398,0.78,0.308,SAMOA,-13.7693895,-172.12005
11,1995,0,7200,0.151,1.474,0.787,0.306,SAMOA,-13.7693895,-172.12005
12,1995,240,7200,0.028,1.499,0.762,0.303,SAMOA,-13.7693895,-172.12005
1,1996,0,7440,0.026,1.521,0.745,0.314,SAMOA,-13.7693895,-172.12005
2,1996,0,6960,0.098,1.532,0.758,0.302,SAMOA,-13.7693895,-172.12005
3,1996,0,7440,0.090,1.469,0.78,0.305,SAMOA,-13.7693895,-172.12005
4,1996,0,7200,0.233,1.433,0.826,0.306,SAMOA,-13.7693895,-172.12005
5,1996,0,7440,0.246,1.455,0.866,0.295,SAMOA,-13.7693895,-172.12005
6,1996,0,7200,0.229,1.565,0.851,0.306,SAMOA,-13.7693895,-172.12005
7,1996,0,7440,0.183,1.600,0.87,0.315,SAMOA,-13.7693895,-172.12005
8,1996,0,7440,0.142,1.575,0.845,0.328,SAMOA,-13.7693895,-172.12005
9,1996,0,7200,0.177,1.501,0.843,0.305,SAMOA,-13.7693895,-172.12005
10,1996,480,6960,0.196,1.413,0.794,0.304,SAMOA,-13.7693895,-172.12005
11,1996,0,7200,0.191,1.389,0.768,0.300,SAMOA,-13.7693895,-172.12005
12,1996,0,7440,0.086,1.416,0.765,0.302,SAMOA,-13.7693895,-172.12005
1,1997,0,7440,0.077,1.482,0.741,0.301,SAMOA,-13.7693895,-172.12005
2,1997,0,6720,0.015,1.459,0.743,0.322,SAMOA,-13.7693895,-172.12005
3,1997,0,7440,0.107,1.513,0.807,0.306,SAMOA,-13.7693895,-172.12005
4,1997,0,7200,0.091,1.464,0.753,0.315,SAMOA,-13.7693895,-172.12005
5,1997,0,7440,0.076,1.326,0.712,0.312,SAMOA,-13.7693895,-172.12005
6,1997,0,7200,0.130,1.338,0.724,0.304,SAMOA,-13.7693895,-172.12005
7,1997,0,7440,0.146,1.466,0.772,0.306,SAMOA,-13.7693895,-172.12005
8,1997,0,7440,0.126,1.510,0.778,0.306,SAMOA,-13.7693895,-172.12005
9,1997,0,7200,0.080,1.496,0.764,0.313,SAMOA,-13.7693895,-172.12005
10,1997,0,7440,0.090,1.506,0.785,0.311,SAMOA,-13.7693895,-172.12005
11,1997,0,7200,0.124,1.457,0.761,0.310,SAMOA,-13.7693895,-172.12005
12,1997,0,7440,0.083,1.316,0.718,0.303,SAMOA,-13.7693895,-172.12005
1,1998,0,7440,-0.053,1.378,0.669,0.315,SAMOA,-13.7693895,-172.12005
2,1998,0,6720,-0.229,1.241,0.493,0.327,SAMOA,-13.7693895,-172.12005
3,1998,0,7440,-0.274,1.185,0.448,0.328,SAMOA,-13.7693895,-172.12005
4,1998,0,7200,-0.208,1.186,0.456,0.320,SAMOA,-13.7693895,-172.12005
5,1998,0,7440,-0.185,1.147,0.466,0.306,SAMOA,-13.7693895,-172.12005
6,1998,0,7200,-0.057,1.215,0.52,0.309,SAMOA,-13.7693895,-172.12005
7,1998,0,7440,-0.029,1.159,0.54,0.301,SAMOA,-13.7693895,-172.12005
8,1998,0,7440,-0.076,1.216,0.561,0.304,SAMOA,-13.7693895,-172.12005
9,1998,0,7200,-0.084,1.252,0.57,0.313,SAMOA,-13.7693895,-172.12005
10,1998,0,7440,-0.125,1.331,0.573,0.324,SAMOA,-13.7693895,-172.12005
11,1998,0,7200,-0.092,1.347,0.633,0.322,SAMOA,-13.7693895,-172.12005
12,1998,0,7440,-0.060,1.435,0.647,0.333,SAMOA,-13.7693895,-172.12005
1,1999,0,7440,0.001,1.415,0.729,0.320,SAMOA,-13.7693895,-172.12005
2,1999,0,6720,0.199,1.427,0.802,0.300,SAMOA,-13.7693895,-172.12005
3,1999,0,7440,0.206,1.498,0.835,0.313,SAMOA,-13.7693895,-172.12005
4,1999,0,7200,0.216,1.508,0.845,0.305,SAMOA,-13.7693895,-172.12005
5,1999,0,7440,0.089,1.482,0.8,0.300,SAMOA,-13.7693895,-172.12005
6,1999,0,7200,0.141,1.565,0.824,0.297,SAMOA,-13.7693895,-172.12005
7,1999,0,7440,0.161,1.505,0.804,0.300,SAMOA,-13.7693895,-172.12005
8,1999,0,7440,0.141,1.419,0.769,0.313,SAMOA,-13.7693895,-172.12005
9,1999,0,7200,0.166,1.406,0.774,0.314,SAMOA,-13.7693895,-172.12005
10,1999,0,7440,0.109,1.379,0.751,0.310,SAMOA,-13.7693895,-172.12005
11,1999,0,7200,0.082,1.443,0.725,0.312,SAMOA,-13.7693895,-172.12005
12,1999,0,7440,0.103,1.470,0.756,0.299,SAMOA,-13.7693895,-172.12005
1,2000,0,7440,0.084,1.483,0.758,0.294,SAMOA,-13.7693895,-172.12005
2,2000,0,6960,0.089,1.435,0.765,0.295,SAMOA,-13.7693895,-172.12005
3,2000,0,7440,0.196,1.413,0.798,0.294,SAMOA,-13.7693895,-172.12005
4,2000,0,7200,0.280,1.423,0.831,0.293,SAMOA,-13.7693895,-172.12005
5,2000,0,7440,0.268,1.448,0.802,0.308,SAMOA,-13.7693895,-172.12005
6,2000,0,7200,0.135,1.456,0.752,0.300,SAMOA,-13.7693895,-172.12005
7,2000,0,7440,0.025,1.482,0.771,0.312,SAMOA,-13.7693895,-172.12005
8,2000,0,7440,0.049,1.434,0.731,0.311,SAMOA,-13.7693895,-172.12005
9,2000,0,7200,0.092,1.380,0.725,0.304,SAMOA,-13.7693895,-172.12005
10,2000,0,7440,0.170,1.288,0.744,0.292,SAMOA,-13.7693895,-172.12005
11,2000,0,7200,0.155,1.360,0.743,0.291,SAMOA,-13.7693895,-172.12005
12,2000,0,7440,0.138,1.460,0.783,0.293,SAMOA,-13.7693895,-172.12005
1,2001,0,7440,0.086,1.494,0.775,0.294,SAMOA,-13.7693895,-172.12005
2,2001,0,6720,0.126,1.592,0.822,0.308,SAMOA,-13.7693895,-172.12005
3,2001,0,7440,0.172,1.500,0.834,0.295,SAMOA,-13.7693895,-172.12005
4,2001,0,7200,0.242,1.477,0.845,0.298,SAMOA,-13.7693895,-172.12005
5,2001,0,7440,0.257,1.421,0.817,0.304,SAMOA,-13.7693895,-172.12005
6,2001,0,7200,0.204,1.398,0.791,0.298,SAMOA,-13.7693895,-172.12005
7,2001,0,7440,0.087,1.410,0.748,0.298,SAMOA,-13.7693895,-172.12005
8,2001,0,7440,0.095,1.507,0.776,0.297,SAMOA,-13.7693895,-172.12005
9,2001,0,7200,0.078,1.514,0.782,0.296,SAMOA,-13.7693895,-172.12005
10,2001,0,7440,0.079,1.394,0.742,0.298,SAMOA,-13.7693895,-172.12005
11,2001,0,7200,0.151,1.400,0.763,0.291,SAMOA,-13.7693895,-172.12005
12,2001,0,7440,0.140,1.378,0.755,0.299,SAMOA,-13.7693895,-172.12005
1,2002,0,7440,0.065,1.436,0.705,0.314,SAMOA,-13.7693895,-172.12005
2,2002,0,6720,0.118,1.497,0.767,0.303,SAMOA,-13.7693895,-172.12005
3,2002,0,7440,0.106,1.504,0.797,0.309,SAMOA,-13.7693895,-172.12005
4,2002,0,7200,0.102,1.417,0.764,0.296,SAMOA,-13.7693895,-172.12005
5,2002,0,7440,0.093,1.346,0.737,0.288,SAMOA,-13.7693895,-172.12005
6,2002,0,7200,0.201,1.330,0.744,0.278,SAMOA,-13.7693895,-172.12005
7,2002,0,7440,0.244,1.372,0.813,0.278,SAMOA,-13.7693895,-172.12005
8,2002,0,7440,0.206,1.476,0.805,0.295,SAMOA,-13.7693895,-172.12005
9,2002,0,7200,0.091,1.490,0.766,0.297,SAMOA,-13.7693895,-172.12005
10,2002,5552,1888,0.121,1.545,0.805,0.406,SAMOA,-13.7693895,-172.12005
11,2002,7200,0,,,,,SAMOA,-13.7693895,-172.12005
12,2002,2401,5039,0.263,1.394,0.77,0.274,SAMOA,-13.7693895,-172.12005
1,2003,0,7440,0.195,1.476,0.794,0.296,SAMOA,-13.7693895,-172.12005
2,2003,0,6720,0.143,1.433,0.773,0.300,SAMOA,-13.7693895,-172.12005
3,2003,0,7440,0.113,1.424,0.747,0.301,SAMOA,-13.7693895,-172.12005
4,2003,0,7200,0.062,1.479,0.757,0.300,SAMOA,-13.7693895,-172.12005
5,2003,0,7440,0.223,1.557,0.822,0.290,SAMOA,-13.7693895,-172.12005
6,2003,0,7200,0.127,1.407,0.758,0.286,SAMOA,-13.7693895,-172.12005
7,2003,0,7440,0.168,1.410,0.768,0.290,SAMOA,-13.7693895,-172.12005
8,2003,0,7440,0.181,1.387,0.786,0.294,SAMOA,-13.7693895,-172.12005
9,2003,0,7200,0.153,1.428,0.762,0.297,SAMOA,-13.7693895,-172.12005
10,2003,0,7440,0.156,1.486,0.782,0.297,SAMOA,-13.7693895,-172.12005
11,2003,0,7200,0.139,1.492,0.778,0.301,SAMOA,-13.7693895,-172.12005
12,2003,0,7440,0.173,1.440,0.784,0.282,SAMOA,-13.7693895,-172.12005
1,2004,0,7440,0.116,1.489,0.762,0.289,SAMOA,-13.7693895,-172.12005
2,2004,0,6960,0.156,1.457,0.778,0.293,SAMOA,-13.7693895,-172.12005
3,2004,0,7440,0.255,1.481,0.817,0.277,SAMOA,-13.7693895,-172.12005
4,2004,0,7200,0.228,1.423,0.77,0.288,SAMOA,-13.7693895,-172.12005
5,2004,0,7440,0.121,1.380,0.764,0.287,SAMOA,-13.7693895,-172.12005
6,2004,0,7200,0.164,1.453,0.82,0.287,SAMOA,-13.7693895,-172.12005
7,2004,0,7440,0.191,1.547,0.822,0.294,SAMOA,-13.7693895,-172.12005
8,2004,0,7440,0.210,1.554,0.835,0.298,SAMOA,-13.7693895,-172.12005
9,2004,0,7200,0.234,1.456,0.846,0.287,SAMOA,-13.7693895,-172.12005
10,2004,0,7440,0.304,1.427,0.836,0.282,SAMOA,-13.7693895,-172.12005
11,2004,0,7200,0.248,1.452,0.813,0.282,SAMOA,-13.7693895,-172.12005
12,2004,0,7440,0.162,1.466,0.777,0.278,SAMOA,-13.7693895,-172.12005
1,2005,0,7440,0.084,1.447,0.765,0.285,SAMOA,-13.7693895,-172.12005
2,2005,380,6340,0.092,1.522,0.786,0.303,SAMOA,-13.7693895,-172.12005
3,2005,1716,5724,-0.044,1.330,0.615,0.305,SAMOA,-13.7693895,-172.12005
4,2005,0,7200,0.059,1.332,0.68,0.303,SAMOA,-13.7693895,-172.12005
5,2005,0,7440,0.176,1.381,0.734,0.290,SAMOA,-13.7693895,-172.12005
6,2005,0,7200,0.200,1.424,0.783,0.286,SAMOA,-13.7693895,-172.12005
7,2005,0,7440,0.132,1.490,0.762,0.288,SAMOA,-13.7693895,-172.12005
8,2005,0,7440,0.133,1.554,0.804,0.287,SAMOA,-13.7693895,-172.12005
9,2005,0,7200,0.188,1.574,0.844,0.291,SAMOA,-13.7693895,-172.12005
10,2005,0,7440,0.246,1.498,0.834,0.291,SAMOA,-13.7693895,-172.12005
11,2005,0,7200,0.317,1.472,0.847,0.276,SAMOA,-13.7693895,-172.12005
12,2005,0,7440,0.222,1.433,0.816,0.286,SAMOA,-13.7693895,-172.12005
1,2006,0,7440,0.114,1.553,0.801,0.303,SAMOA,-13.7693895,-172.12005
2,2006,0,6720,0.222,1.673,0.897,0.294,SAMOA,-13.7693895,-172.12005
3,2006,0,7440,0.240,1.665,0.91,0.306,SAMOA,-13.7693895,-172.12005
4,2006,0,7200,0.291,1.504,0.87,0.289,SAMOA,-13.7693895,-172.12005
5,2006,0,7440,0.226,1.438,0.83,0.282,SAMOA,-13.7693895,-172.12005
6,2006,0,7200,0.321,1.402,0.856,0.277,SAMOA,-13.7693895,-172.12005
7,2006,0,7440,0.252,1.476,0.829,0.275,SAMOA,-13.7693895,-172.12005
8,2006,0,7440,0.154,1.498,0.782,0.285,SAMOA,-13.7693895,-172.12005
9,2006,0,7200,0.036,1.472,0.767,0.299,SAMOA,-13.7693895,-172.12005
10,2006,0,7440,0.123,1.511,0.781,0.303,SAMOA,-13.7693895,-172.12005
11,2006,0,7200,0.108,1.494,0.746,0.299,SAMOA,-13.7693895,-172.12005
12,2006,0,7440,0.141,1.375,0.735,0.293,SAMOA,-13.7693895,-172.12005
1,2007,0,7440,0.169,1.475,0.784,0.303,SAMOA,-13.7693895,-172.12005
2,2007,0,6720,0.026,1.440,0.708,0.303,SAMOA,-13.7693895,-172.12005
3,2007,0,7440,0.043,1.379,0.71,0.296,SAMOA,-13.7693895,-172.12005
4,2007,0,7200,0.135,1.499,0.764,0.288,SAMOA,-13.7693895,-172.12005
5,2007,0,7440,0.181,1.499,0.831,0.280,SAMOA,-13.7693895,-172.12005
6,2007,0,7200,0.283,1.488,0.851,0.276,SAMOA,-13.7693895,-172.12005
7,2007,2230,5210,0.283,1.436,0.867,0.293,SAMOA,-13.7693895,-172.12005
8,2007,19,7421,0.176,1.496,0.841,0.299,SAMOA,-13.7693895,-172.12005
9,2007,298,6902,0.216,1.449,0.805,0.283,SAMOA,-13.7693895,-172.12005
10,2007,260,7180,0.189,1.547,0.826,0.299,SAMOA,-13.7693895,-172.12005
11,2007,0,7200,0.187,1.521,0.842,0.294,SAMOA,-13.7693895,-172.12005
12,2007,0,7440,0.104,1.397,0.757,0.283,SAMOA,-13.7693895,-172.12005
1,2008,0,7440,0.211,1.493,0.794,0.279,SAMOA,-13.7693895,-172.12005
2,2008,0,6960,0.170,1.334,0.746,0.284,SAMOA,-13.7693895,-172.12005
3,2008,0,7440,0.187,1.356,0.774,0.278,SAMOA,-13.7693895,-172.12005
4,2008,0,7200,0.235,1.479,0.87,0.296,SAMOA,-13.7693895,-172.12005
5,2008,0,7440,0.252,1.587,0.877,0.302,SAMOA,-13.7693895,-172.12005
6,2008,0,7200,0.185,1.562,0.852,0.305,SAMOA,-13.7693895,-172.12005
7,2008,0,7440,0.117,1.451,0.8,0.299,SAMOA,-13.7693895,-172.12005
8,2008,0,7440,0.202,1.466,0.797,0.304,SAMOA,-13.7693895,-172.12005
9,2008,0,7200,0.199,1.352,0.766,0.303,SAMOA,-13.7693895,-172.12005
10,2008,0,7440,0.194,1.382,0.753,0.288,SAMOA,-13.7693895,-172.12005
11,2008,0,7200,0.148,1.437,0.765,0.285,SAMOA,-13.7693895,-172.12005
12,2008,0,7440,0.111,1.455,0.784,0.288,SAMOA,-13.7693895,-172.12005
1,2009,0,7440,0.122,1.543,0.808,0.290,SAMOA,-13.7693895,-172.12005
2,2009,0,6720,0.092,1.519,0.797,0.305,SAMOA,-13.7693895,-172.12005
3,2009,0,7440,0.210,1.465,0.84,0.297,SAMOA,-13.7693895,-172.12005
4,2009,0,7200,0.268,1.432,0.822,0.295,SAMOA,-13.7693895,-172.12005
5,2009,0,7440,0.141,1.365,0.782,0.288,SAMOA,-13.7693895,-172.12005
6,2009,0,7200,0.080,1.439,0.763,0.295,SAMOA,-13.7693895,-172.12005
7,2009,0,7440,0.168,1.548,0.812,0.294,SAMOA,-13.7693895,-172.12005
8,2009,0,7440,0.079,1.513,0.788,0.301,SAMOA,-13.7693895,-172.12005
9,2009,0,7200,0.174,1.463,0.815,0.291,SAMOA,-13.7693895,-172.12005
10,2009,0,7440,0.179,1.402,0.773,0.297,SAMOA,-13.7693895,-172.12005
11,2009,0,7200,0.175,1.317,0.76,0.288,SAMOA,-13.7693895,-172.12005
12,2009,0,7440,0.148,1.392,0.756,0.297,SAMOA,-13.7693895,-172.12005
1,2010,0,7440,0.070,1.474,0.767,0.310,SAMOA,-13.7693895,-172.12005
2,2010,0,6720,-0.381,1.607,0.712,0.304,SAMOA,-13.7693895,-172.12005
3,2010,0,7440,-0.071,1.463,0.693,0.319,SAMOA,-13.7693895,-172.12005
4,2010,0,7200,0.115,1.410,0.717,0.302,SAMOA,-13.7693895,-172.12005
5,2010,4562,2878,0.254,1.301,0.755,0.297,SAMOA,-13.7693895,-172.12005
6,2010,6750,450,0.492,1.195,0.859,0.215,SAMOA,-13.7693895,-172.12005
7,2010,6980,460,0.515,1.151,0.821,0.201,SAMOA,-13.7693895,-172.12005
8,2010,7230,210,0.590,1.144,0.869,0.180,SAMOA,-13.7693895,-172.12005
9,2010,6933,267,0.482,1.185,0.852,0.213,SAMOA,-13.7693895,-172.12005
10,2010,0,7440,0.211,1.609,0.869,0.297,SAMOA,-13.7693895,-172.12005
11,2010,0,7200,0.234,1.533,0.85,0.302,SAMOA,-13.7693895,-172.12005
12,2010,0,7440,0.318,1.484,0.895,0.295,SAMOA,-13.7693895,-172.12005
1,2011,0,7440,0.341,1.633,0.924,0.297,SAMOA,-13.7693895,-172.12005
2,2011,0,6720,0.290,1.681,0.938,0.304,SAMOA,-13.7693895,-172.12005
3,2011,5228,2212,0.464,1.395,0.952,0.259,SAMOA,-13.7693895,-172.12005
4,2011,0,7200,0.293,1.707,0.958,0.307,SAMOA,-13.7693895,-172.12005
5,2011,266,7174,0.260,1.567,0.925,0.291,SAMOA,-13.7693895,-172.12005
6,2011,3312,3888,0.292,1.556,0.914,0.312,SAMOA,-13.7693895,-172.12005
7,2011,0,7440,0.279,1.529,0.905,0.305,SAMOA,-13.7693895,-172.12005
8,2011,1442,5998,0.295,1.553,0.923,0.299,SAMOA,-13.7693895,-172.12005
9,2011,0,7200,0.294,1.633,0.91,0.309,SAMOA,-13.7693895,-172.12005
10,2011,0,7440,0.221,1.667,0.909,0.310,SAMOA,-13.7693895,-172.12005
11,2011,0,7200,0.204,1.603,0.875,0.305,SAMOA,-13.7693895,-172.12005
12,2011,0,7440,0.288,1.631,0.897,0.306,SAMOA,-13.7693895,-172.12005
1,2012,0,7440,0.297,1.541,0.916,0.296,SAMOA,-13.7693895,-172.12005
2,2012,0,6960,0.299,1.540,0.909,0.303,SAMOA,-13.7693895,-172.12005
3,2012,0,7440,0.285,1.588,0.914,0.302,SAMOA,-13.7693895,-172.12005
4,2012,0,7200,0.230,1.604,0.908,0.306,SAMOA,-13.7693895,-172.12005
5,2012,0,7440,0.272,1.651,0.933,0.316,SAMOA,-13.7693895,-172.12005
6,2012,0,7200,0.177,1.549,0.842,0.313,SAMOA,-13.7693895,-172.12005
7,2012,0,7440,0.197,1.561,0.883,0.324,SAMOA,-13.7693895,-172.12005
8,2012,0,7440,0.211,1.539,0.86,0.318,SAMOA,-13.7693895,-172.12005
9,2012,0,7200,0.288,1.483,0.878,0.310,SAMOA,-13.7693895,-172.12005
10,2012,0,7440,0.205,1.576,0.889,0.309,SAMOA,-13.7693895,-172.12005
11,2012,0,7200,0.148,1.613,0.873,0.306,SAMOA,-13.7693895,-172.12005
12,2012,0,7440,0.128,1.737,0.835,0.310,SAMOA,-13.7693895,-172.12005
1,2013,0,7440,0.141,1.559,0.833,0.308,SAMOA,-13.7693895,-172.12005
2,2013,0,6720,0.088,1.489,0.798,0.320,SAMOA,-13.7693895,-172.12005
3,2013,0,7440,0.213,1.480,0.816,0.314,SAMOA,-13.7693895,-172.12005
4,2013,0,7200,0.231,1.510,0.856,0.312,SAMOA,-13.7693895,-172.12005
5,2013,0,7440,0.220,1.549,0.859,0.312,SAMOA,-13.7693895,-172.12005
6,2013,0,7200,0.219,1.633,0.904,0.308,SAMOA,-13.7693895,-172.12005
7,2013,0,7440,0.227,1.668,0.913,0.301,SAMOA,-13.7693895,-172.12005
8,2013,0,7440,0.185,1.607,0.885,0.304,SAMOA,-13.7693895,-172.12005
9,2013,0,7200,0.289,1.619,0.906,0.311,SAMOA,-13.7693895,-172.12005
10,2013,0,7440,0.327,1.539,0.9,0.309,SAMOA,-13.7693895,-172.12005
11,2013,0,7200,0.281,1.520,0.888,0.301,SAMOA,-13.7693895,-172.12005
12,2013,0,7440,0.237,1.578,0.86,0.310,SAMOA,-13.7693895,-172.12005
1,2014,0,7440,0.139,1.665,0.854,0.326,SAMOA,-13.7693895,-172.12005
2,2014,0,6720,0.154,1.621,0.889,0.308,SAMOA,-13.7693895,-172.12005
3,2014,0,7440,0.100,1.616,0.849,0.333,SAMOA,-13.7693895,-172.12005
4,2014,0,7200,0.169,1.466,0.813,0.314,SAMOA,-13.7693895,-172.12005
5,2014,0,7440,0.209,1.418,0.783,0.301,SAMOA,-13.7693895,-172.12005
6,2014,0,7200,0.184,1.466,0.807,0.294,SAMOA,-13.7693895,-172.12005
7,2014,0,7440,0.214,1.615,0.907,0.305,SAMOA,-13.7693895,-172.12005
8,2014,0,7440,0.178,1.652,0.905,0.307,SAMOA,-13.7693895,-172.12005
9,2014,0,7200,0.252,1.689,0.936,0.314,SAMOA,-13.7693895,-172.12005
10,2014,0,7440,0.291,1.633,0.94,0.308,SAMOA,-13.7693895,-172.12005
11,2014,0,7200,0.314,1.585,0.91,0.311,SAMOA,-13.7693895,-172.12005
12,2014,0,7440,0.271,1.513,0.885,0.305,SAMOA,-13.7693895,-172.12005
1,2015,0,7440,0.198,1.634,0.887,0.319,SAMOA,-13.7693895,-172.12005
2,2015,0,6720,0.178,1.690,0.891,0.324,SAMOA,-13.7693895,-172.12005
3,2015,0,7440,0.246,1.671,0.919,0.306,SAMOA,-13.7693895,-172.12005
4,2015,0,7200,0.276,1.602,0.914,0.306,SAMOA,-13.7693895,-172.12005
5,2015,0,7440,0.345,1.553,0.917,0.293,SAMOA,-13.7693895,-172.12005
6,2015,0,7200,0.349,1.501,0.914,0.289,SAMOA,-13.7693895,-172.12005
7,2015,0,7440,0.321,1.663,0.933,0.302,SAMOA,-13.7693895,-172.12005
8,2015,0,7440,0.221,1.655,0.95,0.321,SAMOA,-13.7693895,-172.12005
9,2015,0,7200,0.280,1.680,0.921,0.316,SAMOA,-13.7693895,-172.12005
10,2015,0,7440,0.213,1.632,0.922,0.316,SAMOA,-13.7693895,-172.12005
11,2015,0,7200,0.291,1.663,0.916,0.305,SAMOA,-13.7693895,-172.12005
12,2015,0,7440,0.247,1.569,0.882,0.308,SAMOA,-13.7693895,-172.12005
1,2016,0,7440,0.203,1.477,0.825,0.302,SAMOA,-13.7693895,-172.12005
2,2016,0,6960,0.167,1.544,0.838,0.322,SAMOA,-13.7693895,-172.12005
3,2016,0,7440,0.087,1.493,0.791,0.322,SAMOA,-13.7693895,-172.12005
4,2016,0,7200,0.163,1.574,0.847,0.320,SAMOA,-13.7693895,-172.12005
5,2016,0,7440,0.107,1.434,0.76,0.317,SAMOA,-13.7693895,-172.12005
6,2016,0,7200,0.169,1.541,0.823,0.319,SAMOA,-13.7693895,-172.12005
7,2016,0,7440,0.207,1.524,0.862,0.312,SAMOA,-13.7693895,-172.12005
8,2016,0,7440,0.326,1.574,0.9,0.314,SAMOA,-13.7693895,-172.12005
9,2016,0,7200,0.221,1.595,0.897,0.309,SAMOA,-13.7693895,-172.12005
10,2016,0,7440,0.351,1.690,0.984,0.304,SAMOA,-13.7693895,-172.12005
11,2016,0,7200,0.320,1.682,0.976,0.298,SAMOA,-13.7693895,-172.12005
12,2016,0,7440,0.271,1.742,0.998,0.308,SAMOA,-13.7693895,-172.12005
1,2017,0,7440,0.366,1.703,1.016,0.311,SAMOA,-13.7693895,-172.12005
2,2017,0,6720,0.316,1.669,0.976,0.311,SAMOA,-13.7693895,-172.12005
3,2017,0,7440,0.414,1.670,0.985,0.316,SAMOA,-13.7693895,-172.12005
4,2017,0,7200,0.271,1.634,0.951,0.312,SAMOA,-13.7693895,-172.12005
5,2017,0,7440,0.225,1.626,0.908,0.306,SAMOA,-13.7693895,-172.12005
6,2017,0,7200,0.208,1.597,0.913,0.302,SAMOA,-13.7693895,-172.12005
7,2017,0,7440,0.250,1.599,0.895,0.297,SAMOA,-13.7693895,-172.12005
8,2017,0,7440,0.254,1.580,0.895,0.295,SAMOA,-13.7693895,-172.12005
9,2017,0,7200,0.349,1.535,0.922,0.302,SAMOA,-13.7693895,-172.12005
10,2017,0,7440,0.334,1.551,0.938,0.305,SAMOA,-13.7693895,-172.12005
11,2017,0,7200,0.294,1.637,0.955,0.304,SAMOA,-13.7693895,-172.12005
12,2017,0,7440,0.298,1.683,0.956,0.307,SAMOA,-13.7693895,-172.12005
1,2018,0,7440,0.249,1.725,0.942,0.321,SAMOA,-13.7693895,-172.12005
2,2018,0,6720,0.222,1.671,0.933,0.312,SAMOA,-13.7693895,-172.12005
3,2018,0,7440,0.232,1.637,0.955,0.314,SAMOA,-13.7693895,-172.12005
4,2018,0,7200,0.410,1.544,0.957,0.297,SAMOA,-13.7693895,-172.12005
5,2018,0,7440,0.271,1.556,0.924,0.301,SAMOA,-13.7693895,-172.12005
6,2018,0,7200,0.345,1.681,0.975,0.289,SAMOA,-13.7693895,-172.12005
7,2018,3333,4107,0.312,1.663,0.968,0.321,SAMOA,-13.7693895,-172.12005
8,2018,5027,2413,0.505,1.479,0.973,0.280,SAMOA,-13.7693895,-172.12005
9,2018,0,7200,0.264,1.691,0.977,0.302,SAMOA,-13.7693895,-172.12005
10,2018,0,7440,0.335,1.631,0.965,0.299,SAMOA,-13.7693895,-172.12005
11,2018,0,7200,0.390,1.550,0.948,0.301,SAMOA,-13.7693895,-172.12005
12,2018,0,7440,0.374,1.680,0.988,0.300,SAMOA,-13.7693895,-172.12005
1,2019,0,7440,0.345,1.741,1.028,0.308,SAMOA,-13.7693895,-172.12005
2,2019,0,6720,0.340,1.841,1.046,0.316,SAMOA,-13.7693895,-172.12005
3,2019,0,7440,0.365,1.773,1.017,0.300,SAMOA,-13.7693895,-172.12005
4,2019,0,7200,0.443,1.740,1.067,0.293,SAMOA,-13.7693895,-172.12005
5,2019,0,7440,0.376,1.591,1.017,0.286,SAMOA,-13.7693895,-172.12005
6,2019,0,7200,0.424,1.604,1.026,0.291,SAMOA,-13.7693895,-172.12005
7,2019,0,7440,0.357,1.677,1.026,0.304,SAMOA,-13.7693895,-172.12005
8,2019,0,7440,0.278,1.767,1.024,0.319,SAMOA,-13.7693895,-172.12005
9,2019,0,7200,0.262,1.697,1.011,0.317,SAMOA,-13.7693895,-172.12005
10,2019,0,7440,0.361,1.731,0.996,0.307,SAMOA,-13.7693895,-172.12005
11,2019,0,7200,0.401,1.693,1.004,0.299,SAMOA,-13.7693895,-172.12005
12,2019,0,7440,0.393,1.518,0.96,0.285,SAMOA,-13.7693895,-172.12005
1,2020,256,7184,0.355,1.549,0.936,0.285,SAMOA,-13.7693895,-172.12005
2,2020,0,6960,0.280,1.635,0.921,0.301,SAMOA,-13.7693895,-172.12005
3,2020,0,7440,0.215,1.695,0.934,0.307,SAMOA,-13.7693895,-172.12005
4,2020,0,7200,0.340,1.786,1.03,0.300,SAMOA,-13.7693895,-172.12005
5,2020,0,7440,0.456,1.758,1.068,0.292,SAMOA,-13.7693895,-172.12005
6,2020,0,7200,0.457,1.702,1.023,0.296,SAMOA,-13.7693895,-172.12005
7,2020,0,7440,0.418,1.589,0.995,0.295,SAMOA,-13.7693895,-172.12005
8,2020,0,7440,0.289,1.585,0.942,0.302,SAMOA,-13.7693895,-172.12005
9,2020,0,7200,0.301,1.648,0.956,0.304,SAMOA,-13.7693895,-172.12005
10,2020,1360,6080,0.309,1.701,0.981,0.313,SAMOA,-13.7693895,-172.12005
11,2020,4345,2855,0.539,1.422,0.951,0.242,SAMOA,-13.7693895,-172.12005
12,2020,639,6801,0.410,1.687,1.003,0.279,SAMOA,-13.7693895,-172.12005
1,2021,0,7440,0.452,1.701,1.058,0.289,SAMOA,-13.7693895,-172.12005
2,2021,0,6720,0.496,1.714,1.084,0.292,SAMOA,-13.7693895,-172.12005
3,2021,0,7440,0.503,1.813,1.098,0.315,SAMOA,-13.7693895,-172.12005
4,2021,0,7200,0.432,1.753,1.098,0.301,SAMOA,-13.7693895,-172.12005
5,2021,361,7079,0.419,1.770,1.06,0.296,SAMOA,-13.7693895,-172.12005
6,2021,0,7200,0.340,1.634,1.006,0.292,SAMOA,-13.7693895,-172.12005
7,2021,0,7440,0.397,1.644,0.993,0.282,SAMOA,-13.7693895,-172.12005
8,2021,0,7440,0.407,1.612,0.977,0.277,SAMOA,-13.7693895,-172.12005
9,2021,0,7200,0.420,1.585,0.998,0.287,SAMOA,-13.7693895,-172.12005
10,2021,0,7440,0.457,1.684,1.017,0.299,SAMOA,-13.7693895,-172.12005
11,2021,0,7200,0.377,1.657,0.998,0.297,SAMOA,-13.7693895,-172.12005
12,2021,0,7440,0.352,1.730,1.011,0.305,SAMOA,-13.7693895,-172.12005
1,2022,0,7440,0.290,1.758,1.008,0.310,SAMOA,-13.7693895,-172.12005
2,2022,0,6720,0.289,1.680,0.959,0.289,SAMOA,-13.7693895,-172.12005
3,2022,4,7436,0.296,1.643,0.979,0.311,SAMOA,-13.7693895,-172.12005
4,2022,0,7200,0.429,1.692,1.029,0.293,SAMOA,-13.7693895,-172.12005
5,2022,1,7439,0.416,1.621,1.009,0.284,SAMOA,-13.7693895,-172.12005
6,2022,38,7162,0.378,1.672,1.02,0.286,SAMOA,-13.7693895,-172.12005
7,2022,0,7440,0.336,1.709,1.006,0.281,SAMOA,-13.7693895,-172.12005
8,2022,1,7439,0.317,1.704,0.986,0.294,SAMOA,-13.7693895,-172.12005
9,2022,0,7200,0.351,1.659,0.974,0.293,SAMOA,-13.7693895,-172.12005
10,2022,2,7438,0.371,1.624,0.981,0.290,SAMOA,-13.7693895,-172.12005
11,2022,0,7200,0.343,1.594,0.951,0.297,SAMOA,-13.7693895,-172.12005
12,2022,0,7440,0.296,1.629,0.963,0.296,SAMOA,-13.7693895,-172.12005
1,2023,365,7075,0.270,1.673,0.957,0.294,SAMOA,-13.7693895,-172.12005
2,2023,3262,3458,0.519,1.432,0.967,0.246,SAMOA,-13.7693895,-172.12005
3,2023,88,7352,0.335,1.731,0.97,0.296,SAMOA,-13.7693895,-172.12005
4,2023,0,7200,0.470,1.667,1.032,0.289,SAMOA,-13.7693895,-172.12005
5,2023,1,7439,0.476,1.570,1.015,0.282,SAMOA,-13.7693895,-172.12005
6,2023,1,7199,0.434,1.550,0.994,0.281,SAMOA,-13.7693895,-172.12005
7,2023,1,7439,0.368,1.662,0.991,0.287,SAMOA,-13.7693895,-172.12005
8,2023,53,7387,0.294,1.727,0.989,0.311,SAMOA,-13.7693895,-172.12005
9,2023,1,7199,0.275,1.697,0.982,0.313,SAMOA,-13.7693895,-172.12005
10,2023,0,7440,0.308,1.631,0.962,0.305,SAMOA,-13.7693895,-172.12005
11,2023,0,7200,0.401,1.536,0.953,0.279,SAMOA,-13.7693895,-172.12005
12,2023,0,7440,0.304,1.456,0.888,0.279,SAMOA,-13.7693895,-172.12005
1,2024,0,7440,0.243,1.532,0.887,0.287,SAMOA,-13.7693895,-172.12005
2,2024,169,6791,0.221,1.654,0.876,0.313,SAMOA,-13.7693895,-172.12005
3,2024,1,7439,0.149,1.574,0.826,0.298,SAMOA,-13.7693895,-172.12005
4,2024,3,7197,0.197,1.569,0.869,0.297,SAMOA,-13.7693895,-172.12005
5,2024,1,7439,0.321,1.598,0.945,0.293,SAMOA,-13.7693895,-172.12005
6,2024,0,7200,0.411,1.612,0.999,0.286,SAMOA,-13.7693895,-172.12005
7,2024,0,7440,0.393,1.578,0.975,0.285,SAMOA,-13.7693895,-172.12005
8,2024,0,7440,0.331,1.703,0.981,0.293,SAMOA,-13.7693895,-172.12005
9,2024,1,7199,0.307,1.688,0.966,0.298,SAMOA,-13.7693895,-172.12005
10,2024,0,7440,0.335,1.693,0.966,0.295,SAMOA,-13.7693895,-172.12005
11,2024,830,6370,0.305,1.624,0.927,0.287,SAMOA,-13.7693895,-172.12005
12,2024,0,7440,0.340,1.584,0.916,0.284,SAMOA,-13.7693895,-172.12005
1,2025,0,7440,0.354,1.613,0.959,0.291,SAMOA,-13.7693895,-172.12005
Totals,89863,2715257,,,,,,SAMOA,-13.7693895,-172.12005
Standard,deviation,of,the,observations,=,0.321,metres,SAMOA,-13.7693895,-172.12005
Skewness,=,0.0119,,,,,,SAMOA,-13.7693895,-172.12005
1,1993,4800,2640,0.282,1.463,0.897,0.332,TONGA,-19.9160819,-175.202642
2,1993,0,6720,0.134,1.791,0.945,0.395,TONGA,-19.9160819,-175.202642
3,1993,0,7440,0.152,1.794,0.959,0.391,TONGA,-19.9160819,-175.202642
4,1993,0,7200,0.136,1.784,0.951,0.393,TONGA,-19.9160819,-175.202642
5,1993,0,7440,0.129,1.681,0.839,0.396,TONGA,-19.9160819,-175.202642
6,1993,0,7200,0.093,1.601,0.862,0.393,TONGA,-19.9160819,-175.202642
7,1993,0,7440,0.016,1.575,0.848,0.395,TONGA,-19.9160819,-175.202642
8,1993,0,7440,0.074,1.660,0.884,0.392,TONGA,-19.9160819,-175.202642
9,1993,0,7200,0.036,1.695,0.848,0.392,TONGA,-19.9160819,-175.202642
10,1993,0,7440,-0.012,1.667,0.844,0.385,TONGA,-19.9160819,-175.202642
11,1993,960,6240,0.006,1.717,0.888,0.394,TONGA,-19.9160819,-175.202642
12,1993,0,7440,0.179,1.727,0.933,0.390,TONGA,-19.9160819,-175.202642
1,1994,0,7440,0.147,1.656,0.932,0.404,TONGA,-19.9160819,-175.202642
2,1994,0,6720,0.152,1.699,0.926,0.395,TONGA,-19.9160819,-175.202642
3,1994,0,7440,0.089,1.756,0.931,0.403,TONGA,-19.9160819,-175.202642
4,1994,720,6480,-0.030,1.695,0.889,0.403,TONGA,-19.9160819,-175.202642
5,1994,0,7440,0.061,1.708,0.897,0.392,TONGA,-19.9160819,-175.202642
6,1994,0,7200,-0.031,1.579,0.834,0.390,TONGA,-19.9160819,-175.202642
7,1994,0,7440,-0.003,1.499,0.772,0.386,TONGA,-19.9160819,-175.202642
8,1994,0,7440,0.097,1.544,0.834,0.382,TONGA,-19.9160819,-175.202642
9,1994,0,7200,0.081,1.573,0.786,0.388,TONGA,-19.9160819,-175.202642
10,1994,0,7440,0.040,1.697,0.843,0.390,TONGA,-19.9160819,-175.202642
11,1994,0,7200,0.004,1.733,0.93,0.401,TONGA,-19.9160819,-175.202642
12,1994,0,7440,0.191,1.884,1.023,0.401,TONGA,-19.9160819,-175.202642
1,1995,0,7440,0.187,1.813,0.97,0.400,TONGA,-19.9160819,-175.202642
2,1995,0,6720,0.184,1.716,0.92,0.400,TONGA,-19.9160819,-175.202642
3,1995,0,7440,0.119,1.601,0.873,0.398,TONGA,-19.9160819,-175.202642
4,1995,0,7200,0.055,1.674,0.875,0.395,TONGA,-19.9160819,-175.202642
5,1995,0,7440,-0.071,1.630,0.825,0.394,TONGA,-19.9160819,-175.202642
6,1995,0,7200,-0.050,1.663,0.803,0.395,TONGA,-19.9160819,-175.202642
7,1995,0,7440,0.042,1.727,0.874,0.394,TONGA,-19.9160819,-175.202642
8,1995,0,7440,0.077,1.681,0.888,0.399,TONGA,-19.9160819,-175.202642
9,1995,1056,6144,0.166,1.632,0.883,0.415,TONGA,-19.9160819,-175.202642
10,1995,0,7440,0.205,1.746,0.952,0.397,TONGA,-19.9160819,-175.202642
11,1995,2164,5036,0.231,1.582,0.938,0.363,TONGA,-19.9160819,-175.202642
12,1995,1710,5730,-0.026,1.684,0.83,0.412,TONGA,-19.9160819,-175.202642
1,1996,0,7440,0.130,1.863,0.952,0.395,TONGA,-19.9160819,-175.202642
2,1996,0,6960,0.204,1.795,0.98,0.386,TONGA,-19.9160819,-175.202642
3,1996,0,7440,0.254,1.727,0.959,0.377,TONGA,-19.9160819,-175.202642
4,1996,0,7200,0.201,1.605,0.924,0.382,TONGA,-19.9160819,-175.202642
5,1996,0,7440,0.127,1.594,0.841,0.388,TONGA,-19.9160819,-175.202642
6,1996,0,7200,0.002,1.658,0.868,0.397,TONGA,-19.9160819,-175.202642
7,1996,0,7440,0.021,1.747,0.886,0.408,TONGA,-19.9160819,-175.202642
8,1996,0,7440,0.060,1.733,0.886,0.414,TONGA,-19.9160819,-175.202642
9,1996,0,7200,0.173,1.778,0.97,0.409,TONGA,-19.9160819,-175.202642
10,1996,0,7440,0.246,1.769,0.962,0.392,TONGA,-19.9160819,-175.202642
11,1996,0,7200,0.224,1.687,0.977,0.388,TONGA,-19.9160819,-175.202642
12,1996,0,7440,0.137,1.707,0.991,0.387,TONGA,-19.9160819,-175.202642
1,1997,0,7440,0.169,1.805,1.017,0.387,TONGA,-19.9160819,-175.202642
2,1997,0,6720,0.188,1.849,1.071,0.400,TONGA,-19.9160819,-175.202642
3,1997,110,7330,0.375,1.989,1.118,0.396,TONGA,-19.9160819,-175.202642
4,1997,0,7200,0.330,1.860,1.084,0.386,TONGA,-19.9160819,-175.202642
5,1997,0,7440,0.314,1.836,1.05,0.393,TONGA,-19.9160819,-175.202642
6,1997,0,7200,0.256,1.727,1.007,0.393,TONGA,-19.9160819,-175.202642
7,1997,0,7440,0.116,1.672,0.964,0.394,TONGA,-19.9160819,-175.202642
8,1997,0,7440,0.141,1.747,0.929,0.392,TONGA,-19.9160819,-175.202642
9,1997,0,7200,0.083,1.746,0.917,0.394,TONGA,-19.9160819,-175.202642
10,1997,0,7440,0.132,1.776,0.946,0.391,TONGA,-19.9160819,-175.202642
11,1997,0,7200,0.082,1.683,0.897,0.391,TONGA,-19.9160819,-175.202642
12,1997,0,7440,0.206,1.813,1.025,0.397,TONGA,-19.9160819,-175.202642
1,1998,0,7440,0.280,1.850,1.069,0.402,TONGA,-19.9160819,-175.202642
2,1998,0,6720,0.266,1.855,1.001,0.391,TONGA,-19.9160819,-175.202642
3,1998,0,7440,0.259,1.893,1.088,0.402,TONGA,-19.9160819,-175.202642
4,1998,0,7200,0.151,1.808,1.018,0.392,TONGA,-19.9160819,-175.202642
5,1998,0,7440,0.196,1.845,1.001,0.390,TONGA,-19.9160819,-175.202642
6,1998,0,7200,0.227,1.864,1.035,0.385,TONGA,-19.9160819,-175.202642
7,1998,0,7440,0.182,1.607,0.942,0.384,TONGA,-19.9160819,-175.202642
8,1998,0,7440,0.116,1.609,0.887,0.387,TONGA,-19.9160819,-175.202642
9,1998,0,7200,0.069,1.612,0.879,0.390,TONGA,-19.9160819,-175.202642
10,1998,0,7440,0.115,1.796,0.935,0.397,TONGA,-19.9160819,-175.202642
11,1998,0,7200,0.053,1.802,0.944,0.407,TONGA,-19.9160819,-175.202642
12,1998,0,7440,0.077,1.972,0.937,0.415,TONGA,-19.9160819,-175.202642
1,1999,0,7440,0.018,1.667,0.891,0.407,TONGA,-19.9160819,-175.202642
2,1999,0,6720,0.151,1.832,0.95,0.401,TONGA,-19.9160819,-175.202642
3,1999,0,7440,0.152,1.684,0.926,0.401,TONGA,-19.9160819,-175.202642
4,1999,0,7200,0.127,1.783,0.967,0.393,TONGA,-19.9160819,-175.202642
5,1999,0,7440,0.090,1.766,0.945,0.384,TONGA,-19.9160819,-175.202642
6,1999,0,7200,0.017,1.734,0.915,0.391,TONGA,-19.9160819,-175.202642
7,1999,0,7440,0.137,1.776,1.006,0.393,TONGA,-19.9160819,-175.202642
8,1999,0,7440,0.191,1.764,0.953,0.400,TONGA,-19.9160819,-175.202642
9,1999,0,7200,0.133,1.624,0.907,0.399,TONGA,-19.9160819,-175.202642
10,1999,0,7440,0.176,1.797,0.978,0.404,TONGA,-19.9160819,-175.202642
11,1999,0,7200,0.210,1.898,1.044,0.391,TONGA,-19.9160819,-175.202642
12,1999,0,7440,0.221,1.922,1.058,0.393,TONGA,-19.9160819,-175.202642
1,2000,0,7440,0.259,1.983,1.101,0.393,TONGA,-19.9160819,-175.202642
2,2000,0,6960,0.298,1.866,1.092,0.389,TONGA,-19.9160819,-175.202642
3,2000,0,7440,0.403,1.969,1.132,0.380,TONGA,-19.9160819,-175.202642
4,2000,0,7200,0.414,1.932,1.115,0.387,TONGA,-19.9160819,-175.202642
5,2000,0,7440,0.280,1.831,1.052,0.385,TONGA,-19.9160819,-175.202642
6,2000,0,7200,0.150,1.884,1.046,0.394,TONGA,-19.9160819,-175.202642
7,2000,0,7440,0.124,1.918,1.02,0.405,TONGA,-19.9160819,-175.202642
8,2000,0,7440,0.095,1.794,0.968,0.406,TONGA,-19.9160819,-175.202642
9,2000,0,7200,0.184,1.693,0.972,0.387,TONGA,-19.9160819,-175.202642
10,2000,0,7440,0.230,1.636,0.948,0.385,TONGA,-19.9160819,-175.202642
11,2000,0,7200,0.191,1.697,0.983,0.382,TONGA,-19.9160819,-175.202642
12,2000,0,7440,0.241,1.881,1.048,0.378,TONGA,-19.9160819,-175.202642
1,2001,4193,3247,0.103,1.801,1.0,0.391,TONGA,-19.9160819,-175.202642
2,2001,0,6720,0.190,1.880,1.077,0.394,TONGA,-19.9160819,-175.202642
3,2001,0,7440,0.221,1.859,1.052,0.393,TONGA,-19.9160819,-175.202642
4,2001,0,7200,0.243,1.750,0.969,0.391,TONGA,-19.9160819,-175.202642
5,2001,0,7440,0.200,1.652,0.936,0.389,TONGA,-19.9160819,-175.202642
6,2001,0,7200,0.114,1.758,0.955,0.395,TONGA,-19.9160819,-175.202642
7,2001,0,7440,0.064,1.731,0.941,0.391,TONGA,-19.9160819,-175.202642
8,2001,0,7440,0.046,1.804,0.95,0.386,TONGA,-19.9160819,-175.202642
9,2001,0,7200,0.149,1.786,0.979,0.386,TONGA,-19.9160819,-175.202642
10,2001,0,7440,0.223,1.771,0.985,0.375,TONGA,-19.9160819,-175.202642
11,2001,1470,5730,0.353,1.821,1.039,0.390,TONGA,-19.9160819,-175.202642
12,2001,4560,2880,0.402,1.872,1.085,0.330,TONGA,-19.9160819,-175.202642
1,2002,0,7440,0.304,1.923,1.096,0.387,TONGA,-19.9160819,-175.202642
2,2002,0,6720,0.324,1.949,1.102,0.381,TONGA,-19.9160819,-175.202642
3,2002,0,7440,0.356,1.927,1.151,0.394,TONGA,-19.9160819,-175.202642
4,2002,0,7200,0.281,1.840,1.078,0.380,TONGA,-19.9160819,-175.202642
5,2002,0,7440,0.195,1.696,0.998,0.370,TONGA,-19.9160819,-175.202642
6,2002,0,7200,0.263,1.694,0.968,0.369,TONGA,-19.9160819,-175.202642
7,2002,0,7440,0.264,1.694,0.985,0.370,TONGA,-19.9160819,-175.202642
8,2002,0,7440,0.157,1.706,0.957,0.379,TONGA,-19.9160819,-175.202642
9,2002,0,7200,0.178,1.738,0.959,0.379,TONGA,-19.9160819,-175.202642
10,2002,0,7440,0.194,1.888,0.988,0.385,TONGA,-19.9160819,-175.202642
11,2002,0,7200,0.177,1.812,1.041,0.385,TONGA,-19.9160819,-175.202642
12,2002,2178,5262,0.339,1.889,1.088,0.403,TONGA,-19.9160819,-175.202642
1,2003,4809,2631,0.260,1.676,1.005,0.408,TONGA,-19.9160819,-175.202642
2,2003,0,6720,0.269,1.759,1.025,0.379,TONGA,-19.9160819,-175.202642
3,2003,0,7440,0.267,1.766,1.03,0.374,TONGA,-19.9160819,-175.202642
4,2003,0,7200,0.163,1.760,0.99,0.373,TONGA,-19.9160819,-175.202642
5,2003,0,7440,0.150,1.793,0.962,0.368,TONGA,-19.9160819,-175.202642
6,2003,0,7200,0.110,1.709,0.928,0.368,TONGA,-19.9160819,-175.202642
7,2003,0,7440,0.088,1.634,0.886,0.375,TONGA,-19.9160819,-175.202642
8,2003,0,7440,0.193,1.633,0.909,0.382,TONGA,-19.9160819,-175.202642
9,2003,0,7200,0.163,1.661,0.897,0.383,TONGA,-19.9160819,-175.202642
10,2003,0,7440,0.052,1.680,0.887,0.382,TONGA,-19.9160819,-175.202642
11,2003,0,7200,0.098,1.775,0.911,0.380,TONGA,-19.9160819,-175.202642
12,2003,680,6760,0.193,1.825,1.009,0.378,TONGA,-19.9160819,-175.202642
1,2004,1909,5531,0.166,1.728,0.977,0.388,TONGA,-19.9160819,-175.202642
2,2004,0,6960,0.339,1.713,1.034,0.368,TONGA,-19.9160819,-175.202642
3,2004,0,7440,0.401,1.718,1.064,0.360,TONGA,-19.9160819,-175.202642
4,2004,0,7200,0.349,1.786,1.001,0.363,TONGA,-19.9160819,-175.202642
5,2004,0,7440,0.199,1.722,0.965,0.365,TONGA,-19.9160819,-175.202642
6,2004,0,7200,0.124,1.733,0.937,0.381,TONGA,-19.9160819,-175.202642
7,2004,0,7440,0.092,1.737,0.928,0.387,TONGA,-19.9160819,-175.202642
8,2004,0,7440,0.067,1.740,0.912,0.388,TONGA,-19.9160819,-175.202642
9,2004,0,7200,0.222,1.659,0.941,0.376,TONGA,-19.9160819,-175.202642
10,2004,0,7440,0.203,1.693,0.954,0.372,TONGA,-19.9160819,-175.202642
11,2004,0,7200,0.108,1.701,0.964,0.368,TONGA,-19.9160819,-175.202642
12,2004,0,7440,0.156,1.820,1.054,0.364,TONGA,-19.9160819,-175.202642
1,2005,0,7440,0.139,1.820,1.035,0.369,TONGA,-19.9160819,-175.202642
2,2005,0,6720,0.210,1.859,1.063,0.372,TONGA,-19.9160819,-175.202642
3,2005,307,7133,0.209,1.725,0.957,0.362,TONGA,-19.9160819,-175.202642
4,2005,0,7200,0.224,1.697,0.968,0.366,TONGA,-19.9160819,-175.202642
5,2005,0,7440,0.235,1.690,0.966,0.370,TONGA,-19.9160819,-175.202642
6,2005,0,7200,0.063,1.629,0.91,0.376,TONGA,-19.9160819,-175.202642
7,2005,0,7440,0.122,1.764,0.942,0.379,TONGA,-19.9160819,-175.202642
8,2005,0,7440,0.079,1.674,0.867,0.373,TONGA,-19.9160819,-175.202642
9,2005,0,7200,0.099,1.654,0.874,0.372,TONGA,-19.9160819,-175.202642
10,2005,0,7440,0.252,1.741,0.999,0.367,TONGA,-19.9160819,-175.202642
11,2005,0,7200,0.255,1.707,1.003,0.367,TONGA,-19.9160819,-175.202642
12,2005,0,7440,0.196,1.705,0.972,0.373,TONGA,-19.9160819,-175.202642
1,2006,0,7440,0.182,1.866,1.01,0.385,TONGA,-19.9160819,-175.202642
2,2006,0,6720,0.218,1.853,1.03,0.371,TONGA,-19.9160819,-175.202642
3,2006,0,7440,0.227,1.799,1.008,0.389,TONGA,-19.9160819,-175.202642
4,2006,0,7200,0.271,1.801,1.05,0.379,TONGA,-19.9160819,-175.202642
5,2006,0,7440,0.220,1.691,1.015,0.372,TONGA,-19.9160819,-175.202642
6,2006,0,7200,0.256,1.675,0.998,0.372,TONGA,-19.9160819,-175.202642
7,2006,0,7440,0.266,1.768,1.013,0.366,TONGA,-19.9160819,-175.202642
8,2006,0,7440,0.256,1.779,0.987,0.369,TONGA,-19.9160819,-175.202642
9,2006,0,7200,0.158,1.704,0.935,0.368,TONGA,-19.9160819,-175.202642
10,2006,0,7440,0.167,1.784,0.999,0.373,TONGA,-19.9160819,-175.202642
11,2006,0,7200,0.170,1.796,1.043,0.376,TONGA,-19.9160819,-175.202642
12,2006,0,7440,0.255,1.798,1.043,0.377,TONGA,-19.9160819,-175.202642
1,2007,0,7440,0.344,1.810,1.112,0.373,TONGA,-19.9160819,-175.202642
2,2007,0,6720,0.316,1.800,1.096,0.366,TONGA,-19.9160819,-175.202642
3,2007,0,7440,0.301,1.858,1.059,0.369,TONGA,-19.9160819,-175.202642
4,2007,0,7200,0.228,1.839,1.009,0.365,TONGA,-19.9160819,-175.202642
5,2007,0,7440,0.214,1.821,1.039,0.363,TONGA,-19.9160819,-175.202642
6,2007,0,7200,0.201,1.751,0.986,0.367,TONGA,-19.9160819,-175.202642
7,2007,0,7440,0.263,1.738,1.024,0.371,TONGA,-19.9160819,-175.202642
8,2007,0,7440,0.294,1.713,1.021,0.381,TONGA,-19.9160819,-175.202642
9,2007,0,7200,0.212,1.823,1.013,0.382,TONGA,-19.9160819,-175.202642
10,2007,0,7440,0.238,1.918,1.062,0.379,TONGA,-19.9160819,-175.202642
11,2007,0,7200,0.267,1.947,1.117,0.379,TONGA,-19.9160819,-175.202642
12,2007,0,7440,0.251,1.865,1.068,0.368,TONGA,-19.9160819,-175.202642
1,2008,0,7440,0.278,1.776,1.075,0.360,TONGA,-19.9160819,-175.202642
2,2008,0,6960,0.390,1.751,1.064,0.365,TONGA,-19.9160819,-175.202642
3,2008,0,7440,0.379,1.782,1.099,0.357,TONGA,-19.9160819,-175.202642
4,2008,0,7200,0.314,1.848,1.063,0.369,TONGA,-19.9160819,-175.202642
5,2008,0,7440,0.244,1.886,1.036,0.374,TONGA,-19.9160819,-175.202642
6,2008,0,7200,0.190,1.823,1.052,0.382,TONGA,-19.9160819,-175.202642
7,2008,0,7440,0.172,1.806,1.016,0.383,TONGA,-19.9160819,-175.202642
8,2008,0,7440,0.307,1.822,1.069,0.382,TONGA,-19.9160819,-175.202642
9,2008,0,7200,0.419,1.785,1.093,0.367,TONGA,-19.9160819,-175.202642
10,2008,0,7440,0.286,1.802,1.057,0.363,TONGA,-19.9160819,-175.202642
11,2008,0,7200,0.237,1.863,1.064,0.367,TONGA,-19.9160819,-175.202642
12,2008,0,7440,0.297,1.972,1.143,0.369,TONGA,-19.9160819,-175.202642
1,2009,0,7440,0.359,2.053,1.161,0.379,TONGA,-19.9160819,-175.202642
2,2009,0,6720,0.290,1.886,1.09,0.379,TONGA,-19.9160819,-175.202642
3,2009,0,7440,0.386,1.828,1.13,0.376,TONGA,-19.9160819,-175.202642
4,2009,0,7200,0.379,1.889,1.107,0.377,TONGA,-19.9160819,-175.202642
5,2009,0,7440,0.174,1.763,1.038,0.382,TONGA,-19.9160819,-175.202642
6,2009,0,7200,0.079,1.728,0.973,0.384,TONGA,-19.9160819,-175.202642
7,2009,0,7440,0.223,1.879,1.077,0.381,TONGA,-19.9160819,-175.202642
8,2009,0,7440,0.284,1.874,1.063,0.373,TONGA,-19.9160819,-175.202642
9,2009,0,7200,0.342,1.812,1.072,0.370,TONGA,-19.9160819,-175.202642
10,2009,0,7440,0.319,1.748,1.022,0.370,TONGA,-19.9160819,-175.202642
11,2009,0,7200,0.223,1.670,1.016,0.374,TONGA,-19.9160819,-175.202642
12,2009,0,7440,0.232,1.793,1.047,0.381,TONGA,-19.9160819,-175.202642
1,2010,0,7440,0.161,1.942,1.076,0.391,TONGA,-19.9160819,-175.202642
2,2010,0,6720,0.250,2.124,1.074,0.377,TONGA,-19.9160819,-175.202642
3,2010,0,7440,0.281,1.929,1.108,0.386,TONGA,-19.9160819,-175.202642
4,2010,0,7200,0.350,1.846,1.057,0.374,TONGA,-19.9160819,-175.202642
5,2010,0,7440,0.317,1.748,1.03,0.370,TONGA,-19.9160819,-175.202642
6,2010,0,7200,0.179,1.639,0.968,0.367,TONGA,-19.9160819,-175.202642
7,2010,0,7440,0.223,1.791,0.975,0.374,TONGA,-19.9160819,-175.202642
8,2010,0,7440,0.045,1.687,0.936,0.379,TONGA,-19.9160819,-175.202642
9,2010,0,7200,0.216,1.820,0.988,0.383,TONGA,-19.9160819,-175.202642
10,2010,0,7440,0.228,1.810,0.996,0.387,TONGA,-19.9160819,-175.202642
11,2010,0,7200,0.196,1.737,0.96,0.386,TONGA,-19.9160819,-175.202642
12,2010,0,7440,0.218,1.751,1.009,0.389,TONGA,-19.9160819,-175.202642
1,2011,0,7440,0.342,1.865,1.087,0.381,TONGA,-19.9160819,-175.202642
2,2011,0,6720,0.281,1.877,1.04,0.388,TONGA,-19.9160819,-175.202642
3,2011,994,6446,0.151,1.922,1.078,0.379,TONGA,-19.9160819,-175.202642
4,2011,0,7200,0.303,1.971,1.09,0.379,TONGA,-19.9160819,-175.202642
5,2011,508,6932,0.272,1.872,1.064,0.377,TONGA,-19.9160819,-175.202642
6,2011,0,7200,0.266,1.762,1.029,0.379,TONGA,-19.9160819,-175.202642
7,2011,0,7440,0.259,1.748,1.007,0.387,TONGA,-19.9160819,-175.202642
8,2011,0,7440,0.305,1.882,1.076,0.401,TONGA,-19.9160819,-175.202642
9,2011,0,7200,0.238,1.946,1.049,0.404,TONGA,-19.9160819,-175.202642
10,2011,0,7440,0.223,1.890,1.052,0.398,TONGA,-19.9160819,-175.202642
11,2011,0,7200,0.256,1.903,1.087,0.389,TONGA,-19.9160819,-175.202642
12,2011,0,7440,0.341,1.883,1.111,0.379,TONGA,-19.9160819,-175.202642
1,2012,0,7440,0.409,1.845,1.136,0.378,TONGA,-19.9160819,-175.202642
2,2012,0,6960,0.373,2.029,1.139,0.394,TONGA,-19.9160819,-175.202642
3,2012,0,7440,0.386,1.906,1.152,0.379,TONGA,-19.9160819,-175.202642
4,2012,0,7200,0.390,2.007,1.182,0.376,TONGA,-19.9160819,-175.202642
5,2012,0,7440,0.247,1.895,1.108,0.385,TONGA,-19.9160819,-175.202642
6,2012,0,7200,0.261,1.865,1.087,0.390,TONGA,-19.9160819,-175.202642
7,2012,0,7440,0.298,1.885,1.076,0.394,TONGA,-19.9160819,-175.202642
8,2012,0,7440,0.316,1.845,1.027,0.390,TONGA,-19.9160819,-175.202642
9,2012,0,7200,0.376,1.832,1.077,0.386,TONGA,-19.9160819,-175.202642
10,2012,0,7440,0.249,1.861,1.082,0.386,TONGA,-19.9160819,-175.202642
11,2012,0,7200,0.228,1.919,1.114,0.387,TONGA,-19.9160819,-175.202642
12,2012,0,7440,0.281,1.974,1.134,0.385,TONGA,-19.9160819,-175.202642
1,2013,0,7440,0.358,1.947,1.176,0.385,TONGA,-19.9160819,-175.202642
2,2013,0,6720,0.402,1.876,1.137,0.386,TONGA,-19.9160819,-175.202642
3,2013,0,7440,0.365,1.854,1.066,0.389,TONGA,-19.9160819,-175.202642
4,2013,0,7200,0.303,1.786,1.046,0.386,TONGA,-19.9160819,-175.202642
5,2013,0,7440,0.215,1.842,1.016,0.390,TONGA,-19.9160819,-175.202642
6,2013,2,7198,0.166,1.837,1.061,0.394,TONGA,-19.9160819,-175.202642
7,2013,540,6900,0.237,1.932,1.045,0.391,TONGA,-19.9160819,-175.202642
8,2013,0,7440,0.219,1.755,0.995,0.384,TONGA,-19.9160819,-175.202642
9,2013,0,7200,0.311,1.750,0.996,0.385,TONGA,-19.9160819,-175.202642
10,2013,0,7440,0.331,1.741,1.037,0.379,TONGA,-19.9160819,-175.202642
11,2013,0,7200,0.321,1.835,1.097,0.390,TONGA,-19.9160819,-175.202642
12,2013,0,7440,0.280,1.892,1.103,0.392,TONGA,-19.9160819,-175.202642
1,2014,0,7440,0.250,1.978,1.1,0.406,TONGA,-19.9160819,-175.202642
2,2014,0,6720,0.317,2.010,1.176,0.390,TONGA,-19.9160819,-175.202642
3,2014,0,7440,0.326,2.146,1.154,0.406,TONGA,-19.9160819,-175.202642
4,2014,0,7200,0.348,1.811,1.102,0.386,TONGA,-19.9160819,-175.202642
5,2014,0,7440,0.364,1.908,1.077,0.386,TONGA,-19.9160819,-175.202642
6,2014,0,7200,0.230,1.831,1.055,0.386,TONGA,-19.9160819,-175.202642
7,2014,0,7440,0.266,1.965,1.048,0.386,TONGA,-19.9160819,-175.202642
8,2014,0,7440,0.172,1.789,0.994,0.388,TONGA,-19.9160819,-175.202642
9,2014,0,7200,0.254,1.843,1.024,0.390,TONGA,-19.9160819,-175.202642
10,2014,0,7440,0.215,1.767,1.001,0.395,TONGA,-19.9160819,-175.202642
11,2014,0,7200,0.325,1.850,1.069,0.400,TONGA,-19.9160819,-175.202642
12,2014,0,7440,0.108,1.695,0.906,0.406,TONGA,-19.9160819,-175.202642
1,2015,0,7440,0.271,1.891,1.083,0.395,TONGA,-19.9160819,-175.202642
2,2015,0,6720,0.205,1.871,1.029,0.400,TONGA,-19.9160819,-175.202642
3,2015,0,7440,0.240,2.010,1.009,0.399,TONGA,-19.9160819,-175.202642
4,2015,0,7200,0.255,1.843,1.03,0.385,TONGA,-19.9160819,-175.202642
5,2015,0,7440,0.163,1.733,0.982,0.378,TONGA,-19.9160819,-175.202642
6,2015,0,7200,0.255,1.764,0.998,0.391,TONGA,-19.9160819,-175.202642
7,2015,0,7440,0.219,1.702,0.928,0.395,TONGA,-19.9160819,-175.202642
8,2015,0,7440,0.095,1.779,0.961,0.407,TONGA,-19.9160819,-175.202642
9,2015,0,7200,0.119,1.793,0.981,0.411,TONGA,-19.9160819,-175.202642
10,2015,0,7440,0.110,1.782,0.951,0.405,TONGA,-19.9160819,-175.202642
11,2015,0,7200,0.218,1.856,1.002,0.392,TONGA,-19.9160819,-175.202642
12,2015,0,7440,0.336,1.842,1.073,0.388,TONGA,-19.9160819,-175.202642
1,2016,0,7440,0.288,1.807,1.057,0.387,TONGA,-19.9160819,-175.202642
2,2016,0,6960,0.298,1.873,1.086,0.399,TONGA,-19.9160819,-175.202642
3,2016,0,7440,0.228,1.840,1.019,0.396,TONGA,-19.9160819,-175.202642
4,2016,0,7200,0.100,1.823,1.004,0.400,TONGA,-19.9160819,-175.202642
5,2016,0,7440,0.165,1.856,1.017,0.394,TONGA,-19.9160819,-175.202642
6,2016,0,7200,0.140,1.830,1.063,0.396,TONGA,-19.9160819,-175.202642
7,2016,0,7440,0.275,1.836,1.081,0.397,TONGA,-19.9160819,-175.202642
8,2016,0,7440,0.365,1.874,1.108,0.393,TONGA,-19.9160819,-175.202642
9,2016,0,7200,0.293,1.831,1.065,0.389,TONGA,-19.9160819,-175.202642
10,2016,0,7440,0.220,1.899,1.057,0.395,TONGA,-19.9160819,-175.202642
11,2016,0,7200,0.168,1.915,1.059,0.392,TONGA,-19.9160819,-175.202642
12,2016,0,7440,0.071,1.836,1.011,0.395,TONGA,-19.9160819,-175.202642
1,2017,0,7440,0.207,1.814,1.035,0.391,TONGA,-19.9160819,-175.202642
2,2017,0,6720,0.359,1.892,1.094,0.389,TONGA,-19.9160819,-175.202642
3,2017,0,7440,0.411,1.887,1.134,0.395,TONGA,-19.9160819,-175.202642
4,2017,0,7200,0.247,1.880,1.111,0.396,TONGA,-19.9160819,-175.202642
5,2017,0,7440,0.155,1.855,1.026,0.400,TONGA,-19.9160819,-175.202642
6,2017,0,7200,0.139,1.913,1.021,0.402,TONGA,-19.9160819,-175.202642
7,2017,0,7440,0.152,1.805,0.971,0.396,TONGA,-19.9160819,-175.202642
8,2017,0,7440,0.254,1.820,1.009,0.388,TONGA,-19.9160819,-175.202642
9,2017,0,7200,0.282,1.683,0.998,0.389,TONGA,-19.9160819,-175.202642
10,2017,0,7440,0.246,1.720,0.997,0.384,TONGA,-19.9160819,-175.202642
11,2017,0,7200,0.251,1.858,1.1,0.392,TONGA,-19.9160819,-175.202642
12,2017,0,7440,0.271,1.997,1.118,0.398,TONGA,-19.9160819,-175.202642
1,2018,0,7440,0.231,1.956,1.106,0.399,TONGA,-19.9160819,-175.202642
2,2018,0,6720,0.243,1.926,1.114,0.387,TONGA,-19.9160819,-175.202642
3,2018,0,7440,0.364,1.888,1.164,0.393,TONGA,-19.9160819,-175.202642
4,2018,0,7200,0.345,1.838,1.084,0.382,TONGA,-19.9160819,-175.202642
5,2018,322,7118,0.248,1.810,1.042,0.380,TONGA,-19.9160819,-175.202642
6,2018,0,7200,0.266,1.896,1.093,0.382,TONGA,-19.9160819,-175.202642
7,2018,0,7440,0.234,1.913,1.06,0.382,TONGA,-19.9160819,-175.202642
8,2018,0,7440,0.251,1.944,1.075,0.381,TONGA,-19.9160819,-175.202642
9,2018,0,7200,0.220,1.821,1.062,0.391,TONGA,-19.9160819,-175.202642
10,2018,0,7440,0.322,1.792,1.047,0.393,TONGA,-19.9160819,-175.202642
11,2018,0,7200,0.323,1.838,1.112,0.397,TONGA,-19.9160819,-175.202642
12,2018,0,7440,0.273,1.907,1.14,0.396,TONGA,-19.9160819,-175.202642
1,2019,0,7440,0.262,1.978,1.151,0.392,TONGA,-19.9160819,-175.202642
2,2019,0,6720,0.287,1.968,1.181,0.394,TONGA,-19.9160819,-175.202642
3,2019,0,7440,0.327,1.933,1.145,0.386,TONGA,-19.9160819,-175.202642
4,2019,0,7200,0.397,1.865,1.15,0.372,TONGA,-19.9160819,-175.202642
5,2019,0,7440,0.350,1.743,1.07,0.369,TONGA,-19.9160819,-175.202642
6,2019,0,7200,0.282,1.720,1.012,0.374,TONGA,-19.9160819,-175.202642
7,2019,0,7440,0.217,1.803,1.035,0.385,TONGA,-19.9160819,-175.202642
8,2019,0,7440,0.173,1.846,1.059,0.398,TONGA,-19.9160819,-175.202642
9,2019,0,7200,0.196,1.952,1.082,0.403,TONGA,-19.9160819,-175.202642
10,2019,0,7440,0.333,1.921,1.099,0.398,TONGA,-19.9160819,-175.202642
11,2019,0,7200,0.346,1.877,1.109,0.380,TONGA,-19.9160819,-175.202642
12,2019,0,7440,0.447,1.914,1.16,0.382,TONGA,-19.9160819,-175.202642
1,2020,0,7440,0.367,2.019,1.132,0.377,TONGA,-19.9160819,-175.202642
2,2020,0,6960,0.345,1.961,1.171,0.379,TONGA,-19.9160819,-175.202642
3,2020,0,7440,0.361,1.980,1.15,0.372,TONGA,-19.9160819,-175.202642
4,2020,0,7200,0.384,2.449,1.119,0.382,TONGA,-19.9160819,-175.202642
5,2020,0,7440,0.318,1.875,1.093,0.376,TONGA,-19.9160819,-175.202642
6,2020,0,7200,0.343,1.871,1.076,0.384,TONGA,-19.9160819,-175.202642
7,2020,0,7440,0.328,1.779,1.081,0.382,TONGA,-19.9160819,-175.202642
8,2020,0,7440,0.383,1.884,1.118,0.380,TONGA,-19.9160819,-175.202642
9,2020,0,7200,0.359,1.900,1.119,0.380,TONGA,-19.9160819,-175.202642
10,2020,0,7440,0.336,2.033,1.137,0.374,TONGA,-19.9160819,-175.202642
11,2020,0,7200,0.349,1.986,1.154,0.373,TONGA,-19.9160819,-175.202642
12,2020,0,7440,0.443,2.027,1.19,0.376,TONGA,-19.9160819,-175.202642
1,2021,0,7440,0.368,1.847,1.138,0.375,TONGA,-19.9160819,-175.202642
2,2021,0,6720,0.439,1.931,1.162,0.384,TONGA,-19.9160819,-175.202642
3,2021,0,7440,0.357,1.933,1.115,0.392,TONGA,-19.9160819,-175.202642
4,2021,0,7200,0.286,1.952,1.125,0.387,TONGA,-19.9160819,-175.202642
5,2021,8,7432,0.269,1.947,1.091,0.390,TONGA,-19.9160819,-175.202642
6,2021,3380,3820,0.243,1.872,1.1,0.425,TONGA,-19.9160819,-175.202642
7,2021,0,7440,0.388,1.874,1.115,0.370,TONGA,-19.9160819,-175.202642
8,2021,0,7440,0.353,1.814,1.069,0.371,TONGA,-19.9160819,-175.202642
9,2021,0,7200,0.372,1.762,1.063,0.368,TONGA,-19.9160819,-175.202642
10,2021,0,7440,0.349,1.867,1.088,0.367,TONGA,-19.9160819,-175.202642
11,2021,0,7200,0.339,1.910,1.14,0.374,TONGA,-19.9160819,-175.202642
12,2021,0,7440,0.357,2.009,1.168,0.382,TONGA,-19.9160819,-175.202642
1,2022,458,6982,0.346,2.715,1.203,0.393,TONGA,-19.9160819,-175.202642
2,2022,0,6720,0.401,1.954,1.174,0.377,TONGA,-19.9160819,-175.202642
3,2022,5,7435,0.364,1.823,1.138,0.383,TONGA,-19.9160819,-175.202642
4,2022,0,7200,0.455,1.904,1.185,0.375,TONGA,-19.9160819,-175.202642
5,2022,1,7439,0.313,1.875,1.123,0.373,TONGA,-19.9160819,-175.202642
6,2022,0,7200,0.285,1.892,1.131,0.370,TONGA,-19.9160819,-175.202642
7,2022,0,7440,0.342,1.947,1.135,0.371,TONGA,-19.9160819,-175.202642
8,2022,658,6782,0.325,1.959,1.157,0.365,TONGA,-19.9160819,-175.202642
9,2022,0,7200,0.457,1.899,1.179,0.373,TONGA,-19.9160819,-175.202642
10,2022,0,7440,0.509,1.933,1.198,0.372,TONGA,-19.9160819,-175.202642
11,2022,0,7200,0.436,1.918,1.203,0.374,TONGA,-19.9160819,-175.202642
12,2022,0,7440,0.425,2.008,1.255,0.374,TONGA,-19.9160819,-175.202642
1,2023,0,7440,0.403,2.022,1.273,0.363,TONGA,-19.9160819,-175.202642
2,2023,1,6719,0.504,2.021,1.257,0.365,TONGA,-19.9160819,-175.202642
3,2023,0,7440,0.554,1.977,1.268,0.355,TONGA,-19.9160819,-175.202642
4,2023,2,7198,0.472,1.933,1.186,0.355,TONGA,-19.9160819,-175.202642
5,2023,2,7438,0.458,1.819,1.151,0.354,TONGA,-19.9160819,-175.202642
6,2023,2,7198,0.381,1.844,1.124,0.363,TONGA,-19.9160819,-175.202642
7,2023,0,7440,0.273,1.799,1.081,0.368,TONGA,-19.9160819,-175.202642
8,2023,11,7429,0.206,1.835,1.058,0.382,TONGA,-19.9160819,-175.202642
9,2023,31,7169,0.236,1.886,1.098,0.381,TONGA,-19.9160819,-175.202642
10,2023,98,7342,0.314,1.852,1.061,0.379,TONGA,-19.9160819,-175.202642
11,2023,141,7059,0.333,1.785,1.064,0.367,TONGA,-19.9160819,-175.202642
12,2023,0,7440,0.473,1.867,1.171,0.363,TONGA,-19.9160819,-175.202642
1,2024,0,7440,0.429,1.935,1.223,0.359,TONGA,-19.9160819,-175.202642
2,2024,1,6959,0.476,2.022,1.218,0.367,TONGA,-19.9160819,-175.202642
3,2024,4,7436,0.465,1.996,1.205,0.361,TONGA,-19.9160819,-175.202642
4,2024,0,7200,0.449,1.963,1.18,0.356,TONGA,-19.9160819,-175.202642
5,2024,0,7440,0.410,1.986,1.171,0.364,TONGA,-19.9160819,-175.202642
6,2024,0,7200,0.411,1.884,1.154,0.368,TONGA,-19.9160819,-175.202642
7,2024,0,7440,0.326,1.856,1.092,0.378,TONGA,-19.9160819,-175.202642
8,2024,0,7440,0.352,1.851,1.084,0.371,TONGA,-19.9160819,-175.202642
9,2024,170,7030,0.292,1.837,1.069,0.370,TONGA,-19.9160819,-175.202642
10,2024,0,7440,0.355,1.998,1.11,0.366,TONGA,-19.9160819,-175.202642
11,2024,0,7200,0.314,1.933,1.136,0.362,TONGA,-19.9160819,-175.202642
12,2024,1,7439,0.273,1.801,1.056,0.362,TONGA,-19.9160819,-175.202642
1,2025,0,7440,0.392,1.880,1.166,0.370,TONGA,-19.9160819,-175.202642
Totals,38966,2773594,,,,,,TONGA,-19.9160819,-175.202642
Standard,deviation,of,the,observations,=,0.3949,metres,TONGA,-19.9160819,-175.202642
Skewness,=,-0.0142,,,,,,TONGA,-19.9160819,-175.202642
3,1993,5520,1920,1.270,2.798,2.006,0.397,TUVALU,-8.6405212,179.15829181818
4,1993,7004,196,1.513,2.425,1.956,0.300,TUVALU,-8.6405212,179.15829181818
5,1993,2640,4800,1.041,2.712,1.874,0.408,TUVALU,-8.6405212,179.15829181818
6,1993,0,7200,0.947,2.880,1.892,0.460,TUVALU,-8.6405212,179.15829181818
7,1993,0,7440,0.924,2.958,1.912,0.460,TUVALU,-8.6405212,179.15829181818
8,1993,0,7440,0.793,2.985,1.891,0.488,TUVALU,-8.6405212,179.15829181818
9,1993,4320,2880,1.048,2.697,1.889,0.396,TUVALU,-8.6405212,179.15829181818
10,1993,7440,0,,,,,TUVALU,-8.6405212,179.15829181818
11,1993,840,6360,0.873,3.103,1.953,0.474,TUVALU,-8.6405212,179.15829181818
12,1993,6498,942,1.220,2.752,1.949,0.425,TUVALU,-8.6405212,179.15829181818
1,1994,0,7440,1.069,3.102,2.054,0.488,TUVALU,-8.6405212,179.15829181818
2,1994,0,6720,1.078,3.253,2.106,0.489,TUVALU,-8.6405212,179.15829181818
3,1994,0,7440,0.934,3.167,2.097,0.496,TUVALU,-8.6405212,179.15829181818
4,1994,0,7200,0.888,3.160,2.037,0.480,TUVALU,-8.6405212,179.15829181818
5,1994,0,7440,0.969,3.148,2.016,0.466,TUVALU,-8.6405212,179.15829181818
6,1994,110,7090,0.971,3.041,1.991,0.452,TUVALU,-8.6405212,179.15829181818
7,1994,1440,6000,1.054,3.042,1.945,0.478,TUVALU,-8.6405212,179.15829181818
8,1994,4080,3360,1.005,2.896,1.934,0.446,TUVALU,-8.6405212,179.15829181818
9,1994,0,7200,0.932,2.976,1.938,0.480,TUVALU,-8.6405212,179.15829181818
10,1994,0,7440,0.878,3.048,1.934,0.492,TUVALU,-8.6405212,179.15829181818
11,1994,0,7200,0.903,3.136,1.99,0.483,TUVALU,-8.6405212,179.15829181818
12,1994,0,7440,0.898,3.173,2.006,0.495,TUVALU,-8.6405212,179.15829181818
1,1995,0,7440,0.839,3.156,1.96,0.505,TUVALU,-8.6405212,179.15829181818
2,1995,0,6720,0.923,3.013,1.971,0.485,TUVALU,-8.6405212,179.15829181818
3,1995,960,6480,1.040,3.104,2.093,0.513,TUVALU,-8.6405212,179.15829181818
4,1995,480,6720,1.067,3.202,2.137,0.474,TUVALU,-8.6405212,179.15829181818
5,1995,0,7440,1.031,3.192,2.083,0.465,TUVALU,-8.6405212,179.15829181818
6,1995,0,7200,0.970,3.192,2.039,0.453,TUVALU,-8.6405212,179.15829181818
7,1995,0,7440,0.918,3.123,2.004,0.463,TUVALU,-8.6405212,179.15829181818
8,1995,0,7440,0.873,3.021,1.954,0.479,TUVALU,-8.6405212,179.15829181818
9,1995,0,7200,1.046,3.048,2.021,0.479,TUVALU,-8.6405212,179.15829181818
10,1995,0,7440,0.988,3.050,1.991,0.479,TUVALU,-8.6405212,179.15829181818
11,1995,0,7200,0.979,3.137,2.032,0.473,TUVALU,-8.6405212,179.15829181818
12,1995,240,7200,0.844,3.126,1.955,0.462,TUVALU,-8.6405212,179.15829181818
1,1996,0,7440,0.958,3.270,2.051,0.468,TUVALU,-8.6405212,179.15829181818
2,1996,0,6960,1.060,3.333,2.148,0.484,TUVALU,-8.6405212,179.15829181818
3,1996,0,7440,1.047,3.239,2.142,0.485,TUVALU,-8.6405212,179.15829181818
4,1996,0,7200,1.140,3.073,2.082,0.477,TUVALU,-8.6405212,179.15829181818
5,1996,0,7440,1.125,3.065,2.024,0.468,TUVALU,-8.6405212,179.15829181818
6,1996,0,7200,0.932,3.100,1.987,0.462,TUVALU,-8.6405212,179.15829181818
7,1996,0,7440,0.848,3.112,1.961,0.486,TUVALU,-8.6405212,179.15829181818
8,1996,0,7440,0.841,3.123,1.986,0.498,TUVALU,-8.6405212,179.15829181818
9,1996,0,7200,0.877,3.008,1.961,0.480,TUVALU,-8.6405212,179.15829181818
10,1996,0,7440,0.982,2.998,1.94,0.471,TUVALU,-8.6405212,179.15829181818
11,1996,0,7200,1.053,2.924,1.972,0.461,TUVALU,-8.6405212,179.15829181818
12,1996,0,7440,0.945,2.997,1.954,0.456,TUVALU,-8.6405212,179.15829181818
1,1997,0,7440,0.839,3.067,1.961,0.469,TUVALU,-8.6405212,179.15829181818
2,1997,0,6720,0.869,3.274,2.061,0.505,TUVALU,-8.6405212,179.15829181818
3,1997,0,7440,1.005,3.332,2.123,0.491,TUVALU,-8.6405212,179.15829181818
4,1997,0,7200,1.046,3.169,2.056,0.483,TUVALU,-8.6405212,179.15829181818
5,1997,0,7440,1.048,3.029,2.021,0.474,TUVALU,-8.6405212,179.15829181818
6,1997,0,7200,0.948,2.863,1.92,0.453,TUVALU,-8.6405212,179.15829181818
7,1997,0,7440,0.910,2.970,1.897,0.454,TUVALU,-8.6405212,179.15829181818
8,1997,0,7440,0.820,3.099,1.916,0.480,TUVALU,-8.6405212,179.15829181818
9,1997,0,7200,0.794,3.123,1.947,0.494,TUVALU,-8.6405212,179.15829181818
10,1997,0,7440,0.862,3.061,1.952,0.487,TUVALU,-8.6405212,179.15829181818
11,1997,0,7200,0.907,2.992,1.887,0.473,TUVALU,-8.6405212,179.15829181818
12,1997,0,7440,0.825,2.845,1.84,0.482,TUVALU,-8.6405212,179.15829181818
1,1998,0,7440,0.674,2.905,1.807,0.495,TUVALU,-8.6405212,179.15829181818
2,1998,0,6720,0.527,2.843,1.683,0.492,TUVALU,-8.6405212,179.15829181818
3,1998,0,7440,0.542,2.846,1.691,0.508,TUVALU,-8.6405212,179.15829181818
4,1998,0,7200,0.616,2.809,1.673,0.491,TUVALU,-8.6405212,179.15829181818
5,1998,0,7440,0.737,2.757,1.713,0.460,TUVALU,-8.6405212,179.15829181818
6,1998,0,7200,0.835,2.804,1.773,0.451,TUVALU,-8.6405212,179.15829181818
7,1998,0,7440,0.842,2.689,1.752,0.436,TUVALU,-8.6405212,179.15829181818
8,1998,1139,6301,0.855,2.812,1.779,0.434,TUVALU,-8.6405212,179.15829181818
9,1998,460,6740,0.670,2.850,1.72,0.486,TUVALU,-8.6405212,179.15829181818
10,1998,0,7440,0.696,2.960,1.831,0.481,TUVALU,-8.6405212,179.15829181818
11,1998,0,7200,0.861,3.063,1.956,0.491,TUVALU,-8.6405212,179.15829181818
12,1998,0,7440,0.896,3.101,1.985,0.488,TUVALU,-8.6405212,179.15829181818
1,1999,0,7440,1.000,3.179,2.066,0.487,TUVALU,-8.6405212,179.15829181818
2,1999,0,6720,1.062,3.219,2.097,0.480,TUVALU,-8.6405212,179.15829181818
3,1999,0,7440,1.034,3.196,2.082,0.498,TUVALU,-8.6405212,179.15829181818
4,1999,0,7200,0.933,3.077,1.99,0.472,TUVALU,-8.6405212,179.15829181818
5,1999,0,7440,0.919,3.079,1.975,0.461,TUVALU,-8.6405212,179.15829181818
6,1999,0,7200,0.855,2.944,1.895,0.450,TUVALU,-8.6405212,179.15829181818
7,1999,0,7440,1.002,3.043,1.958,0.457,TUVALU,-8.6405212,179.15829181818
8,1999,0,7440,1.036,2.990,1.988,0.467,TUVALU,-8.6405212,179.15829181818
9,1999,0,7200,0.975,2.999,1.965,0.486,TUVALU,-8.6405212,179.15829181818
10,1999,0,7440,0.979,3.107,1.994,0.479,TUVALU,-8.6405212,179.15829181818
11,1999,0,7200,0.944,3.143,2.033,0.473,TUVALU,-8.6405212,179.15829181818
12,1999,0,7440,1.012,3.176,2.057,0.456,TUVALU,-8.6405212,179.15829181818
1,2000,0,7440,1.057,3.240,2.081,0.455,TUVALU,-8.6405212,179.15829181818
2,2000,0,6960,1.063,3.190,2.094,0.467,TUVALU,-8.6405212,179.15829181818
3,2000,0,7440,1.215,3.199,2.148,0.464,TUVALU,-8.6405212,179.15829181818
4,2000,0,7200,1.150,3.080,2.09,0.468,TUVALU,-8.6405212,179.15829181818
5,2000,0,7440,1.093,3.059,1.973,0.468,TUVALU,-8.6405212,179.15829181818
6,2000,0,7200,0.984,3.062,1.947,0.457,TUVALU,-8.6405212,179.15829181818
7,2000,0,7440,0.830,3.020,1.92,0.475,TUVALU,-8.6405212,179.15829181818
8,2000,0,7440,0.845,3.116,1.984,0.483,TUVALU,-8.6405212,179.15829181818
9,2000,0,7200,0.989,3.036,1.976,0.480,TUVALU,-8.6405212,179.15829181818
10,2000,0,7440,1.122,2.987,2.042,0.466,TUVALU,-8.6405212,179.15829181818
11,2000,0,7200,1.129,3.057,2.045,0.452,TUVALU,-8.6405212,179.15829181818
12,2000,0,7440,1.072,3.132,2.072,0.445,TUVALU,-8.6405212,179.15829181818
1,2001,0,7440,1.032,3.183,2.072,0.451,TUVALU,-8.6405212,179.15829181818
2,2001,0,6720,1.062,3.328,2.146,0.483,TUVALU,-8.6405212,179.15829181818
3,2001,0,7440,1.101,3.348,2.156,0.477,TUVALU,-8.6405212,179.15829181818
4,2001,0,7200,1.114,3.157,2.074,0.471,TUVALU,-8.6405212,179.15829181818
5,2001,0,7440,1.073,2.971,1.973,0.462,TUVALU,-8.6405212,179.15829181818
6,2001,0,7200,1.004,2.948,1.935,0.454,TUVALU,-8.6405212,179.15829181818
7,2001,0,7440,0.868,2.969,1.901,0.451,TUVALU,-8.6405212,179.15829181818
8,2001,0,7440,0.860,3.131,1.978,0.465,TUVALU,-8.6405212,179.15829181818
9,2001,0,7200,0.863,3.095,1.975,0.475,TUVALU,-8.6405212,179.15829181818
10,2001,0,7440,0.885,3.047,1.967,0.479,TUVALU,-8.6405212,179.15829181818
11,2001,0,7200,1.063,3.019,2.016,0.457,TUVALU,-8.6405212,179.15829181818
12,2001,0,7440,1.010,2.994,1.987,0.461,TUVALU,-8.6405212,179.15829181818
1,2002,0,7440,1.025,3.236,2.038,0.478,TUVALU,-8.6405212,179.15829181818
2,2002,0,6720,1.039,3.310,2.143,0.468,TUVALU,-8.6405212,179.15829181818
3,2002,0,7440,1.079,3.307,2.162,0.494,TUVALU,-8.6405212,179.15829181818
4,2002,0,7200,1.096,3.207,2.13,0.469,TUVALU,-8.6405212,179.15829181818
5,2002,0,7440,0.989,2.995,2.046,0.448,TUVALU,-8.6405212,179.15829181818
6,2002,0,7200,1.160,2.927,2.027,0.432,TUVALU,-8.6405212,179.15829181818
7,2002,0,7440,1.100,2.965,1.995,0.429,TUVALU,-8.6405212,179.15829181818
8,2002,0,7440,1.015,3.066,2.006,0.443,TUVALU,-8.6405212,179.15829181818
9,2002,0,7200,0.911,3.104,1.987,0.468,TUVALU,-8.6405212,179.15829181818
10,2002,0,7440,0.947,3.184,1.992,0.476,TUVALU,-8.6405212,179.15829181818
11,2002,0,7200,0.929,3.177,2.049,0.473,TUVALU,-8.6405212,179.15829181818
12,2002,0,7440,1.044,3.143,2.022,0.459,TUVALU,-8.6405212,179.15829181818
1,2003,0,7440,1.034,3.049,1.999,0.463,TUVALU,-8.6405212,179.15829181818
2,2003,0,6720,0.925,3.077,1.993,0.476,TUVALU,-8.6405212,179.15829181818
3,2003,0,7440,1.015,3.156,2.072,0.487,TUVALU,-8.6405212,179.15829181818
4,2003,0,7200,1.059,3.255,2.124,0.481,TUVALU,-8.6405212,179.15829181818
5,2003,0,7440,1.084,3.265,2.118,0.457,TUVALU,-8.6405212,179.15829181818
6,2003,0,7200,1.049,3.082,2.021,0.434,TUVALU,-8.6405212,179.15829181818
7,2003,0,7440,1.029,2.962,1.99,0.438,TUVALU,-8.6405212,179.15829181818
8,2003,0,7440,0.975,2.982,2.004,0.462,TUVALU,-8.6405212,179.15829181818
9,2003,0,7200,1.040,3.083,2.016,0.479,TUVALU,-8.6405212,179.15829181818
10,2003,0,7440,0.879,3.124,1.946,0.475,TUVALU,-8.6405212,179.15829181818
11,2003,0,7200,0.995,3.157,2.001,0.458,TUVALU,-8.6405212,179.15829181818
12,2003,0,7440,0.990,3.093,2.021,0.445,TUVALU,-8.6405212,179.15829181818
1,2004,0,7440,0.976,3.075,2.005,0.445,TUVALU,-8.6405212,179.15829181818
2,2004,0,6960,1.040,3.104,2.048,0.458,TUVALU,-8.6405212,179.15829181818
3,2004,0,7440,1.154,3.132,2.131,0.466,TUVALU,-8.6405212,179.15829181818
4,2004,0,7200,1.138,3.147,2.101,0.465,TUVALU,-8.6405212,179.15829181818
5,2004,0,7440,1.061,3.126,2.06,0.462,TUVALU,-8.6405212,179.15829181818
6,2004,0,7200,1.060,3.065,2.01,0.440,TUVALU,-8.6405212,179.15829181818
7,2004,0,7440,0.981,3.086,1.995,0.448,TUVALU,-8.6405212,179.15829181818
8,2004,0,7440,0.946,3.100,1.981,0.466,TUVALU,-8.6405212,179.15829181818
9,2004,0,7200,1.051,3.002,2.0,0.474,TUVALU,-8.6405212,179.15829181818
10,2004,0,7440,1.090,3.012,2.014,0.457,TUVALU,-8.6405212,179.15829181818
11,2004,0,7200,1.098,3.080,2.035,0.436,TUVALU,-8.6405212,179.15829181818
12,2004,0,7440,0.988,3.067,2.011,0.433,TUVALU,-8.6405212,179.15829181818
1,2005,0,7440,0.964,3.142,2.032,0.444,TUVALU,-8.6405212,179.15829181818
2,2005,0,6720,0.905,3.230,1.974,0.488,TUVALU,-8.6405212,179.15829181818
3,2005,0,7440,0.723,3.004,1.883,0.487,TUVALU,-8.6405212,179.15829181818
4,2005,0,7200,1.065,3.100,2.076,0.472,TUVALU,-8.6405212,179.15829181818
5,2005,0,7440,1.088,2.998,2.034,0.453,TUVALU,-8.6405212,179.15829181818
6,2005,0,7200,1.039,3.047,2.015,0.446,TUVALU,-8.6405212,179.15829181818
7,2005,0,7440,0.997,3.117,1.995,0.432,TUVALU,-8.6405212,179.15829181818
8,2005,0,7440,0.919,3.159,2.028,0.445,TUVALU,-8.6405212,179.15829181818
9,2005,0,7200,0.915,3.183,2.031,0.464,TUVALU,-8.6405212,179.15829181818
10,2005,0,7440,1.040,3.087,2.041,0.466,TUVALU,-8.6405212,179.15829181818
11,2005,0,7200,1.190,3.001,2.068,0.445,TUVALU,-8.6405212,179.15829181818
12,2005,0,7440,1.083,3.123,2.096,0.440,TUVALU,-8.6405212,179.15829181818
1,2006,0,7440,1.075,3.365,2.157,0.468,TUVALU,-8.6405212,179.15829181818
2,2006,0,6720,1.112,3.438,2.213,0.460,TUVALU,-8.6405212,179.15829181818
3,2006,0,7440,1.058,3.373,2.146,0.490,TUVALU,-8.6405212,179.15829181818
4,2006,0,7200,1.084,3.113,2.066,0.461,TUVALU,-8.6405212,179.15829181818
5,2006,0,7440,1.150,2.998,2.024,0.432,TUVALU,-8.6405212,179.15829181818
6,2006,0,7200,1.074,2.821,1.938,0.420,TUVALU,-8.6405212,179.15829181818
7,2006,0,7440,0.929,2.924,1.897,0.433,TUVALU,-8.6405212,179.15829181818
8,2006,0,7440,0.888,3.092,1.928,0.450,TUVALU,-8.6405212,179.15829181818
9,2006,0,7200,0.782,3.089,1.953,0.477,TUVALU,-8.6405212,179.15829181818
10,2006,0,7440,0.918,3.159,2.0,0.467,TUVALU,-8.6405212,179.15829181818
11,2006,0,7200,1.028,3.132,1.996,0.456,TUVALU,-8.6405212,179.15829181818
12,2006,0,7440,1.065,2.974,2.018,0.443,TUVALU,-8.6405212,179.15829181818
1,2007,0,7440,1.000,3.051,2.013,0.454,TUVALU,-8.6405212,179.15829181818
2,2007,0,6720,0.973,3.221,2.046,0.470,TUVALU,-8.6405212,179.15829181818
3,2007,0,7440,0.999,3.267,2.112,0.480,TUVALU,-8.6405212,179.15829181818
4,2007,0,7200,1.124,3.273,2.141,0.463,TUVALU,-8.6405212,179.15829181818
5,2007,0,7440,1.119,3.111,2.078,0.432,TUVALU,-8.6405212,179.15829181818
6,2007,0,7200,1.118,2.990,2.047,0.422,TUVALU,-8.6405212,179.15829181818
7,2007,0,7440,1.086,3.011,2.026,0.445,TUVALU,-8.6405212,179.15829181818
8,2007,0,7440,0.979,3.024,1.986,0.471,TUVALU,-8.6405212,179.15829181818
9,2007,0,7200,0.929,3.119,1.979,0.478,TUVALU,-8.6405212,179.15829181818
10,2007,0,7440,1.056,3.206,2.054,0.460,TUVALU,-8.6405212,179.15829181818
11,2007,0,7200,1.040,3.159,2.079,0.443,TUVALU,-8.6405212,179.15829181818
12,2007,0,7440,1.119,3.142,2.055,0.425,TUVALU,-8.6405212,179.15829181818
1,2008,0,7440,1.188,3.218,2.148,0.436,TUVALU,-8.6405212,179.15829181818
2,2008,0,6960,1.219,3.178,2.168,0.465,TUVALU,-8.6405212,179.15829181818
3,2008,0,7440,1.166,3.202,2.105,0.462,TUVALU,-8.6405212,179.15829181818
4,2008,0,7200,1.048,3.151,2.077,0.466,TUVALU,-8.6405212,179.15829181818
5,2008,0,7440,1.030,3.131,2.025,0.451,TUVALU,-8.6405212,179.15829181818
6,2008,0,7200,1.033,3.049,1.997,0.434,TUVALU,-8.6405212,179.15829181818
7,2008,0,7440,0.979,3.020,1.984,0.452,TUVALU,-8.6405212,179.15829181818
8,2008,0,7440,1.002,3.035,1.952,0.473,TUVALU,-8.6405212,179.15829181818
9,2008,0,7200,1.017,2.921,1.965,0.475,TUVALU,-8.6405212,179.15829181818
10,2008,0,7440,1.047,3.016,1.979,0.456,TUVALU,-8.6405212,179.15829181818
11,2008,0,7200,1.017,3.080,1.994,0.438,TUVALU,-8.6405212,179.15829181818
12,2008,0,7440,0.987,3.080,2.038,0.438,TUVALU,-8.6405212,179.15829181818
1,2009,0,7440,1.041,3.235,2.107,0.459,TUVALU,-8.6405212,179.15829181818
2,2009,0,6720,1.045,3.292,2.13,0.478,TUVALU,-8.6405212,179.15829181818
3,2009,0,7440,1.022,3.151,2.103,0.478,TUVALU,-8.6405212,179.15829181818
4,2009,0,7200,1.147,3.050,2.089,0.458,TUVALU,-8.6405212,179.15829181818
5,2009,0,7440,1.053,2.984,2.034,0.442,TUVALU,-8.6405212,179.15829181818
6,2009,0,7200,0.988,3.031,1.969,0.435,TUVALU,-8.6405212,179.15829181818
7,2009,0,7440,0.865,3.026,1.898,0.445,TUVALU,-8.6405212,179.15829181818
8,2009,0,7440,0.890,3.112,1.953,0.456,TUVALU,-8.6405212,179.15829181818
9,2009,0,7200,0.971,3.056,1.999,0.468,TUVALU,-8.6405212,179.15829181818
10,2009,0,7440,1.059,2.960,1.978,0.464,TUVALU,-8.6405212,179.15829181818
11,2009,0,7200,1.035,2.944,2.011,0.454,TUVALU,-8.6405212,179.15829181818
12,2009,0,7440,1.011,3.110,2.012,0.456,TUVALU,-8.6405212,179.15829181818
1,2010,0,7440,0.804,3.217,2.02,0.486,TUVALU,-8.6405212,179.15829181818
2,2010,0,6720,0.696,3.099,1.85,0.485,TUVALU,-8.6405212,179.15829181818
3,2010,240,7200,0.723,3.011,1.791,0.509,TUVALU,-8.6405212,179.15829181818
4,2010,0,7200,0.924,2.998,1.934,0.469,TUVALU,-8.6405212,179.15829181818
5,2010,0,7440,1.139,2.971,2.023,0.451,TUVALU,-8.6405212,179.15829181818
6,2010,615,6585,1.120,2.994,2.023,0.448,TUVALU,-8.6405212,179.15829181818
7,2010,0,7440,0.998,3.046,2.014,0.447,TUVALU,-8.6405212,179.15829181818
8,2010,0,7440,0.955,3.189,2.033,0.465,TUVALU,-8.6405212,179.15829181818
9,2010,0,7200,0.925,3.171,1.974,0.476,TUVALU,-8.6405212,179.15829181818
10,2010,0,7440,1.072,3.247,2.086,0.466,TUVALU,-8.6405212,179.15829181818
11,2010,0,7200,1.131,3.159,2.038,0.464,TUVALU,-8.6405212,179.15829181818
12,2010,0,7440,1.112,3.116,2.111,0.454,TUVALU,-8.6405212,179.15829181818
1,2011,0,7440,1.166,3.299,2.128,0.471,TUVALU,-8.6405212,179.15829181818
2,2011,0,6720,0.969,3.234,2.072,0.479,TUVALU,-8.6405212,179.15829181818
3,2011,0,7440,0.988,3.214,2.102,0.485,TUVALU,-8.6405212,179.15829181818
4,2011,0,7200,0.924,3.142,2.039,0.471,TUVALU,-8.6405212,179.15829181818
5,2011,0,7440,0.969,3.050,2.004,0.461,TUVALU,-8.6405212,179.15829181818
6,2011,0,7200,1.095,2.990,2.006,0.442,TUVALU,-8.6405212,179.15829181818
7,2011,0,7440,1.029,3.049,1.979,0.465,TUVALU,-8.6405212,179.15829181818
8,2011,0,7440,0.978,3.090,2.014,0.491,TUVALU,-8.6405212,179.15829181818
9,2011,0,7200,0.974,3.163,2.022,0.485,TUVALU,-8.6405212,179.15829181818
10,2011,0,7440,1.010,3.184,2.064,0.464,TUVALU,-8.6405212,179.15829181818
11,2011,0,7200,0.967,3.142,2.044,0.456,TUVALU,-8.6405212,179.15829181818
12,2011,0,7440,1.064,3.142,2.061,0.450,TUVALU,-8.6405212,179.15829181818
1,2012,1381,6059,1.111,3.121,2.094,0.450,TUVALU,-8.6405212,179.15829181818
2,2012,0,6960,1.098,3.137,2.123,0.481,TUVALU,-8.6405212,179.15829181818
3,2012,0,7440,1.095,3.199,2.129,0.471,TUVALU,-8.6405212,179.15829181818
4,2012,0,7200,0.982,3.199,2.071,0.474,TUVALU,-8.6405212,179.15829181818
5,2012,0,7440,0.950,3.117,1.978,0.459,TUVALU,-8.6405212,179.15829181818
6,2012,4929,2271,0.853,3.000,1.928,0.582,TUVALU,-8.6405212,179.15829181818
7,2012,7440,0,,,,,TUVALU,-8.6405212,179.15829181818
8,2012,4870,2570,0.974,2.887,1.919,0.517,TUVALU,-8.6405212,179.15829181818
9,2012,1800,5400,0.976,2.999,1.977,0.511,TUVALU,-8.6405212,179.15829181818
10,2012,160,7280,0.911,3.089,1.969,0.479,TUVALU,-8.6405212,179.15829181818
11,2012,0,7200,0.915,3.160,2.005,0.463,TUVALU,-8.6405212,179.15829181818
12,2012,0,7440,0.944,3.180,2.035,0.465,TUVALU,-8.6405212,179.15829181818
1,2013,310,7130,0.997,3.295,2.117,0.481,TUVALU,-8.6405212,179.15829181818
2,2013,530,6190,1.069,3.213,2.126,0.495,TUVALU,-8.6405212,179.15829181818
3,2013,0,7440,1.184,3.172,2.163,0.491,TUVALU,-8.6405212,179.15829181818
4,2013,0,7200,1.104,3.143,2.122,0.476,TUVALU,-8.6405212,179.15829181818
5,2013,0,7440,1.063,3.207,2.086,0.462,TUVALU,-8.6405212,179.15829181818
6,2013,850,6350,0.965,3.154,2.063,0.454,TUVALU,-8.6405212,179.15829181818
7,2013,0,7440,0.936,3.184,2.015,0.456,TUVALU,-8.6405212,179.15829181818
8,2013,0,7440,0.901,3.063,1.981,0.458,TUVALU,-8.6405212,179.15829181818
9,2013,0,7200,1.040,3.053,2.01,0.478,TUVALU,-8.6405212,179.15829181818
10,2013,1684,5756,1.026,2.964,1.982,0.512,TUVALU,-8.6405212,179.15829181818
11,2013,276,6924,1.008,3.048,1.974,0.469,TUVALU,-8.6405212,179.15829181818
12,2013,0,7440,0.911,3.098,1.986,0.479,TUVALU,-8.6405212,179.15829181818
1,2014,0,7440,0.917,3.254,2.06,0.497,TUVALU,-8.6405212,179.15829181818
2,2014,0,6720,0.971,3.277,2.086,0.477,TUVALU,-8.6405212,179.15829181818
3,2014,0,7440,0.997,3.322,2.104,0.518,TUVALU,-8.6405212,179.15829181818
4,2014,0,7200,1.081,3.051,2.06,0.485,TUVALU,-8.6405212,179.15829181818
5,2014,0,7440,1.152,3.100,2.084,0.465,TUVALU,-8.6405212,179.15829181818
6,2014,0,7200,1.117,3.168,2.087,0.450,TUVALU,-8.6405212,179.15829181818
7,2014,0,7440,1.010,3.169,2.06,0.459,TUVALU,-8.6405212,179.15829181818
8,2014,0,7440,0.887,3.158,2.01,0.470,TUVALU,-8.6405212,179.15829181818
9,2014,1931,5269,0.901,3.184,2.051,0.488,TUVALU,-8.6405212,179.15829181818
10,2014,0,7440,1.027,3.161,2.095,0.475,TUVALU,-8.6405212,179.15829181818
11,2014,0,7200,1.158,3.156,2.1,0.479,TUVALU,-8.6405212,179.15829181818
12,2014,0,7440,1.154,3.206,2.108,0.469,TUVALU,-8.6405212,179.15829181818
1,2015,0,7440,0.983,3.245,2.116,0.479,TUVALU,-8.6405212,179.15829181818
2,2015,0,6720,1.053,3.389,2.156,0.492,TUVALU,-8.6405212,179.15829181818
3,2015,0,7440,1.031,3.293,2.155,0.493,TUVALU,-8.6405212,179.15829181818
4,2015,0,7200,1.018,3.175,2.075,0.482,TUVALU,-8.6405212,179.15829181818
5,2015,0,7440,1.170,3.165,2.126,0.471,TUVALU,-8.6405212,179.15829181818
6,2015,0,7200,1.173,3.020,2.078,0.457,TUVALU,-8.6405212,179.15829181818
7,2015,0,7440,0.948,3.075,2.026,0.471,TUVALU,-8.6405212,179.15829181818
8,2015,0,7440,0.883,3.125,1.972,0.501,TUVALU,-8.6405212,179.15829181818
9,2015,0,7200,0.907,3.164,1.996,0.501,TUVALU,-8.6405212,179.15829181818
10,2015,0,7440,0.938,3.176,2.032,0.491,TUVALU,-8.6405212,179.15829181818
11,2015,0,7200,1.058,3.176,2.032,0.473,TUVALU,-8.6405212,179.15829181818
12,2015,0,7440,1.066,3.080,2.016,0.463,TUVALU,-8.6405212,179.15829181818
1,2016,0,7440,0.855,2.852,1.857,0.472,TUVALU,-8.6405212,179.15829181818
2,2016,0,6960,0.850,3.011,1.915,0.500,TUVALU,-8.6405212,179.15829181818
3,2016,0,7440,0.795,3.088,1.958,0.494,TUVALU,-8.6405212,179.15829181818
4,2016,0,7200,0.838,3.124,1.989,0.499,TUVALU,-8.6405212,179.15829181818
5,2016,0,7440,0.884,3.145,1.988,0.485,TUVALU,-8.6405212,179.15829181818
6,2016,0,7200,1.010,3.084,2.004,0.480,TUVALU,-8.6405212,179.15829181818
7,2016,0,7440,0.987,3.020,1.973,0.485,TUVALU,-8.6405212,179.15829181818
8,2016,0,7440,0.996,3.059,2.004,0.489,TUVALU,-8.6405212,179.15829181818
9,2016,0,7200,0.942,3.170,2.064,0.495,TUVALU,-8.6405212,179.15829181818
10,2016,0,7440,0.948,3.178,2.057,0.490,TUVALU,-8.6405212,179.15829181818
11,2016,0,7200,0.974,3.184,2.062,0.469,TUVALU,-8.6405212,179.15829181818
12,2016,0,7440,1.018,3.166,2.098,0.459,TUVALU,-8.6405212,179.15829181818
1,2017,0,7440,1.017,3.154,2.103,0.475,TUVALU,-8.6405212,179.15829181818
2,2017,0,6720,1.193,3.225,2.165,0.473,TUVALU,-8.6405212,179.15829181818
3,2017,0,7440,1.170,3.214,2.177,0.486,TUVALU,-8.6405212,179.15829181818
4,2017,0,7200,1.057,3.185,2.104,0.476,TUVALU,-8.6405212,179.15829181818
5,2017,0,7440,0.986,3.160,2.061,0.466,TUVALU,-8.6405212,179.15829181818
6,2017,0,7200,0.925,3.094,1.981,0.464,TUVALU,-8.6405212,179.15829181818
7,2017,0,7440,0.942,3.077,1.976,0.458,TUVALU,-8.6405212,179.15829181818
8,2017,0,7440,1.040,3.071,2.019,0.458,TUVALU,-8.6405212,179.15829181818
9,2017,0,7200,1.037,2.972,2.003,0.477,TUVALU,-8.6405212,179.15829181818
10,2017,5101,2339,1.214,2.871,2.062,0.357,TUVALU,-8.6405212,179.15829181818
11,2017,0,7200,1.022,3.167,2.046,0.475,TUVALU,-8.6405212,179.15829181818
12,2017,0,7440,1.129,3.314,2.118,0.479,TUVALU,-8.6405212,179.15829181818
1,2018,0,7440,1.018,3.303,2.158,0.487,TUVALU,-8.6405212,179.15829181818
2,2018,0,6720,1.105,3.294,2.179,0.469,TUVALU,-8.6405212,179.15829181818
3,2018,0,7440,1.125,3.298,2.225,0.492,TUVALU,-8.6405212,179.15829181818
4,2018,0,7200,1.270,3.140,2.188,0.480,TUVALU,-8.6405212,179.15829181818
5,2018,0,7440,1.157,3.181,2.133,0.463,TUVALU,-8.6405212,179.15829181818
6,2018,0,7200,1.187,3.232,2.129,0.448,TUVALU,-8.6405212,179.15829181818
7,2018,0,7440,1.044,3.165,2.087,0.456,TUVALU,-8.6405212,179.15829181818
8,2018,0,7440,0.989,3.216,2.086,0.465,TUVALU,-8.6405212,179.15829181818
9,2018,0,7200,1.061,3.224,2.106,0.477,TUVALU,-8.6405212,179.15829181818
10,2018,0,7440,1.043,3.099,2.083,0.469,TUVALU,-8.6405212,179.15829181818
11,2018,0,7200,1.086,3.062,2.059,0.475,TUVALU,-8.6405212,179.15829181818
12,2018,0,7440,1.124,3.197,2.109,0.462,TUVALU,-8.6405212,179.15829181818
1,2019,0,7440,1.054,3.240,2.131,0.462,TUVALU,-8.6405212,179.15829181818
2,2019,0,6720,0.963,3.273,2.103,0.489,TUVALU,-8.6405212,179.15829181818
3,2019,0,7440,1.003,3.219,2.064,0.475,TUVALU,-8.6405212,179.15829181818
4,2019,0,7200,1.117,3.185,2.129,0.471,TUVALU,-8.6405212,179.15829181818
5,2019,0,7440,1.151,3.087,2.115,0.462,TUVALU,-8.6405212,179.15829181818
6,2019,901,6299,1.201,3.017,2.104,0.458,TUVALU,-8.6405212,179.15829181818
7,2019,3008,4432,1.128,3.138,2.061,0.495,TUVALU,-8.6405212,179.15829181818
8,2019,4784,2656,1.065,3.173,2.077,0.491,TUVALU,-8.6405212,179.15829181818
9,2019,7200,0,,,,,TUVALU,-8.6405212,179.15829181818
10,2019,5553,1887,1.037,3.172,2.092,0.627,TUVALU,-8.6405212,179.15829181818
11,2019,0,7200,1.155,3.149,2.095,0.453,TUVALU,-8.6405212,179.15829181818
12,2019,0,7440,1.181,3.116,2.119,0.438,TUVALU,-8.6405212,179.15829181818
1,2020,0,7440,1.158,3.134,2.128,0.451,TUVALU,-8.6405212,179.15829181818
2,2020,0,6960,1.048,3.291,2.151,0.481,TUVALU,-8.6405212,179.15829181818
3,2020,0,7440,1.012,3.398,2.196,0.476,TUVALU,-8.6405212,179.15829181818
4,2020,0,7200,1.116,3.343,2.195,0.477,TUVALU,-8.6405212,179.15829181818
5,2020,0,7440,1.123,3.275,2.141,0.458,TUVALU,-8.6405212,179.15829181818
6,2020,0,7200,1.148,3.105,2.08,0.448,TUVALU,-8.6405212,179.15829181818
7,2020,0,7440,1.153,2.992,2.046,0.441,TUVALU,-8.6405212,179.15829181818
8,2020,0,7440,1.032,3.091,2.039,0.453,TUVALU,-8.6405212,179.15829181818
9,2020,0,7200,1.041,3.249,2.107,0.475,TUVALU,-8.6405212,179.15829181818
10,2020,0,7440,1.059,3.247,2.12,0.476,TUVALU,-8.6405212,179.15829181818
11,2020,0,7200,1.055,3.240,2.107,0.459,TUVALU,-8.6405212,179.15829181818
12,2020,0,7440,1.101,3.209,2.144,0.446,TUVALU,-8.6405212,179.15829181818
1,2021,0,7440,1.185,3.214,2.187,0.454,TUVALU,-8.6405212,179.15829181818
2,2021,0,6720,1.198,3.256,2.24,0.463,TUVALU,-8.6405212,179.15829181818
3,2021,0,7440,1.123,3.275,2.183,0.495,TUVALU,-8.6405212,179.15829181818
4,2021,0,7200,1.052,3.253,2.096,0.477,TUVALU,-8.6405212,179.15829181818
5,2021,480,6960,1.007,3.137,2.07,0.459,TUVALU,-8.6405212,179.15829181818
6,2021,0,7200,1.104,3.163,2.039,0.442,TUVALU,-8.6405212,179.15829181818
7,2021,0,7440,1.126,3.132,2.071,0.429,TUVALU,-8.6405212,179.15829181818
8,2021,0,7440,1.065,3.033,2.036,0.440,TUVALU,-8.6405212,179.15829181818
9,2021,0,7200,1.068,3.057,2.083,0.465,TUVALU,-8.6405212,179.15829181818
10,2021,0,7440,1.138,3.202,2.093,0.464,TUVALU,-8.6405212,179.15829181818
11,2021,0,7200,1.016,3.184,2.067,0.465,TUVALU,-8.6405212,179.15829181818
12,2021,0,7440,1.042,3.199,2.096,0.456,TUVALU,-8.6405212,179.15829181818
1,2022,0,7440,1.139,3.341,2.172,0.470,TUVALU,-8.6405212,179.15829181818
2,2022,0,6720,1.116,3.312,2.188,0.457,TUVALU,-8.6405212,179.15829181818
3,2022,0,7440,1.171,3.273,2.151,0.491,TUVALU,-8.6405212,179.15829181818
4,2022,47,7153,1.209,3.211,2.183,0.470,TUVALU,-8.6405212,179.15829181818
5,2022,0,7440,1.134,3.173,2.116,0.446,TUVALU,-8.6405212,179.15829181818
6,2022,0,7200,1.011,3.065,2.026,0.426,TUVALU,-8.6405212,179.15829181818
7,2022,19,7421,1.015,3.106,2.045,0.437,TUVALU,-8.6405212,179.15829181818
8,2022,904,6536,0.984,3.150,2.043,0.457,TUVALU,-8.6405212,179.15829181818
9,2022,248,6952,1.016,3.136,2.052,0.470,TUVALU,-8.6405212,179.15829181818
10,2022,118,7322,1.169,3.090,2.095,0.458,TUVALU,-8.6405212,179.15829181818
11,2022,2,7198,1.171,3.167,2.111,0.450,TUVALU,-8.6405212,179.15829181818
12,2022,0,7440,1.100,3.180,2.122,0.442,TUVALU,-8.6405212,179.15829181818
1,2023,1,7439,1.107,3.287,2.156,0.441,TUVALU,-8.6405212,179.15829181818
2,2023,96,6624,1.116,3.398,2.22,0.467,TUVALU,-8.6405212,179.15829181818
3,2023,24,7416,1.071,3.280,2.169,0.463,TUVALU,-8.6405212,179.15829181818
4,2023,306,6894,1.191,3.144,2.111,0.455,TUVALU,-8.6405212,179.15829181818
5,2023,11,7429,1.214,3.037,2.066,0.441,TUVALU,-8.6405212,179.15829181818
6,2023,177,7023,1.111,2.939,2.019,0.428,TUVALU,-8.6405212,179.15829181818
7,2023,4302,3138,1.013,2.992,1.962,0.443,TUVALU,-8.6405212,179.15829181818
8,2023,5074,2366,0.902,3.220,2.047,0.483,TUVALU,-8.6405212,179.15829181818
9,2023,0,7200,0.907,3.134,2.014,0.488,TUVALU,-8.6405212,179.15829181818
10,2023,1,7439,0.994,3.053,1.988,0.479,TUVALU,-8.6405212,179.15829181818
11,2023,1,7199,1.161,3.019,2.043,0.446,TUVALU,-8.6405212,179.15829181818
12,2023,0,7440,1.116,2.966,2.022,0.431,TUVALU,-8.6405212,179.15829181818
1,2024,1,7439,1.040,3.121,2.067,0.443,TUVALU,-8.6405212,179.15829181818
2,2024,0,6960,1.001,3.380,2.116,0.478,TUVALU,-8.6405212,179.15829181818
3,2024,1197,6243,0.983,3.376,2.108,0.467,TUVALU,-8.6405212,179.15829181818
4,2024,5307,1893,1.082,3.223,2.144,0.485,TUVALU,-8.6405212,179.15829181818
5,2024,7440,0,,,,,TUVALU,-8.6405212,179.15829181818
6,2024,7200,0,,,,,TUVALU,-8.6405212,179.15829181818
7,2024,1895,5545,1.032,3.050,2.005,0.424,TUVALU,-8.6405212,179.15829181818
8,2024,119,7321,0.880,3.126,1.994,0.462,TUVALU,-8.6405212,179.15829181818
9,2024,0,7200,0.897,3.181,2.026,0.478,TUVALU,-8.6405212,179.15829181818
10,2024,0,7440,1.001,3.201,2.034,0.475,TUVALU,-8.6405212,179.15829181818
11,2024,1,7199,1.064,3.169,2.055,0.445,TUVALU,-8.6405212,179.15829181818
12,2024,0,7440,1.187,3.102,2.114,0.432,TUVALU,-8.6405212,179.15829181818
1,2025,0,7440,1.206,3.226,2.192,0.454,TUVALU,-8.6405212,179.15829181818
Totals,131705,2666695,,,,,,TUVALU,-8.6405212,179.15829181818
Standard,deviation,of,the,observations,=,0.4754,metres,TUVALU,-8.6405212,179.15829181818
Skewness,=,0.0253,,,,,,TUVALU,-8.6405212,179.15829181818
1,1993,3360,4080,0.209,1.374,0.863,0.258,VANUATU,-16.5255069,168.1069154
2,1993,0,6720,0.076,1.448,0.792,0.297,VANUATU,-16.5255069,168.1069154
3,1993,720,6720,0.018,1.472,0.828,0.311,VANUATU,-16.5255069,168.1069154
4,1993,7200,0,,,,,VANUATU,-16.5255069,168.1069154
5,1993,7440,0,,,,,VANUATU,-16.5255069,168.1069154
6,1993,7200,0,,,,,VANUATU,-16.5255069,168.1069154
7,1993,7440,0,,,,,VANUATU,-16.5255069,168.1069154
8,1993,7440,0,,,,,VANUATU,-16.5255069,168.1069154
9,1993,7200,0,,,,,VANUATU,-16.5255069,168.1069154
10,1993,7440,0,,,,,VANUATU,-16.5255069,168.1069154
11,1993,7200,0,,,,,VANUATU,-16.5255069,168.1069154
12,1993,7440,0,,,,,VANUATU,-16.5255069,168.1069154
1,1994,6000,1440,0.142,1.623,0.936,0.384,VANUATU,-16.5255069,168.1069154
2,1994,0,6720,0.215,1.554,0.89,0.292,VANUATU,-16.5255069,168.1069154
3,1994,0,7440,0.099,1.573,0.882,0.310,VANUATU,-16.5255069,168.1069154
4,1994,240,6960,-0.207,1.406,0.715,0.319,VANUATU,-16.5255069,168.1069154
5,1994,0,7440,0.021,1.534,0.797,0.321,VANUATU,-16.5255069,168.1069154
6,1994,0,7200,-0.023,1.440,0.824,0.301,VANUATU,-16.5255069,168.1069154
7,1994,0,7440,0.048,1.481,0.823,0.315,VANUATU,-16.5255069,168.1069154
8,1994,0,7440,0.108,1.428,0.826,0.306,VANUATU,-16.5255069,168.1069154
9,1994,0,7200,0.074,1.355,0.756,0.301,VANUATU,-16.5255069,168.1069154
10,1994,0,7440,0.163,1.580,0.845,0.303,VANUATU,-16.5255069,168.1069154
11,1994,0,7200,0.025,1.510,0.835,0.313,VANUATU,-16.5255069,168.1069154
12,1994,0,7440,-0.003,1.578,0.87,0.321,VANUATU,-16.5255069,168.1069154
1,1995,0,7440,0.073,1.626,0.942,0.321,VANUATU,-16.5255069,168.1069154
2,1995,0,6720,0.209,1.547,0.901,0.293,VANUATU,-16.5255069,168.1069154
3,1995,0,7440,0.230,1.478,0.856,0.296,VANUATU,-16.5255069,168.1069154
4,1995,0,7200,0.148,1.457,0.834,0.285,VANUATU,-16.5255069,168.1069154
5,1995,0,7440,-0.134,1.445,0.762,0.311,VANUATU,-16.5255069,168.1069154
6,1995,0,7200,-0.113,1.454,0.755,0.313,VANUATU,-16.5255069,168.1069154
7,1995,0,7440,-0.148,1.421,0.715,0.310,VANUATU,-16.5255069,168.1069154
8,1995,0,7440,-0.108,1.396,0.7,0.314,VANUATU,-16.5255069,168.1069154
9,1995,0,7200,0.119,1.484,0.846,0.304,VANUATU,-16.5255069,168.1069154
10,1995,0,7440,0.164,1.509,0.887,0.301,VANUATU,-16.5255069,168.1069154
11,1995,0,7200,0.060,1.645,0.908,0.331,VANUATU,-16.5255069,168.1069154
12,1995,0,7440,0.024,1.626,0.879,0.329,VANUATU,-16.5255069,168.1069154
1,1996,0,7440,0.151,1.747,0.992,0.336,VANUATU,-16.5255069,168.1069154
2,1996,0,6960,0.172,1.547,0.93,0.298,VANUATU,-16.5255069,168.1069154
3,1996,0,7440,0.230,1.561,0.928,0.307,VANUATU,-16.5255069,168.1069154
4,1996,0,7200,0.245,1.468,0.863,0.290,VANUATU,-16.5255069,168.1069154
5,1996,0,7440,0.080,1.463,0.834,0.309,VANUATU,-16.5255069,168.1069154
6,1996,0,7200,0.044,1.496,0.832,0.320,VANUATU,-16.5255069,168.1069154
7,1996,0,7440,-0.019,1.610,0.806,0.339,VANUATU,-16.5255069,168.1069154
8,1996,0,7440,0.014,1.486,0.822,0.323,VANUATU,-16.5255069,168.1069154
9,1996,0,7200,0.282,1.564,0.916,0.309,VANUATU,-16.5255069,168.1069154
10,1996,0,7440,0.289,1.658,0.964,0.316,VANUATU,-16.5255069,168.1069154
11,1996,0,7200,0.137,1.608,0.978,0.322,VANUATU,-16.5255069,168.1069154
12,1996,0,7440,0.130,1.644,1.008,0.326,VANUATU,-16.5255069,168.1069154
1,1997,0,7440,0.031,1.716,0.944,0.323,VANUATU,-16.5255069,168.1069154
2,1997,0,6720,0.078,1.568,0.955,0.319,VANUATU,-16.5255069,168.1069154
3,1997,0,7440,0.300,1.732,1.012,0.294,VANUATU,-16.5255069,168.1069154
4,1997,0,7200,0.221,1.614,0.926,0.306,VANUATU,-16.5255069,168.1069154
5,1997,0,7440,0.041,1.553,0.795,0.308,VANUATU,-16.5255069,168.1069154
6,1997,0,7200,0.001,1.432,0.799,0.313,VANUATU,-16.5255069,168.1069154
7,1997,0,7440,0.066,1.427,0.853,0.300,VANUATU,-16.5255069,168.1069154
8,1997,0,7440,0.098,1.527,0.862,0.306,VANUATU,-16.5255069,168.1069154
9,1997,0,7200,0.095,1.496,0.851,0.313,VANUATU,-16.5255069,168.1069154
10,1997,0,7440,0.117,1.545,0.871,0.318,VANUATU,-16.5255069,168.1069154
11,1997,0,7200,0.032,1.475,0.806,0.311,VANUATU,-16.5255069,168.1069154
12,1997,0,7440,0.030,1.556,0.845,0.330,VANUATU,-16.5255069,168.1069154
1,1998,0,7440,0.029,1.554,0.834,0.332,VANUATU,-16.5255069,168.1069154
2,1998,0,6720,0.125,1.462,0.775,0.294,VANUATU,-16.5255069,168.1069154
3,1998,0,7440,0.176,1.478,0.909,0.293,VANUATU,-16.5255069,168.1069154
4,1998,0,7200,0.124,1.485,0.85,0.295,VANUATU,-16.5255069,168.1069154
5,1998,0,7440,0.105,1.496,0.844,0.288,VANUATU,-16.5255069,168.1069154
6,1998,0,7200,-0.019,1.433,0.818,0.304,VANUATU,-16.5255069,168.1069154
7,1998,0,7440,0.027,1.371,0.773,0.299,VANUATU,-16.5255069,168.1069154
8,1998,0,7440,0.083,1.397,0.801,0.294,VANUATU,-16.5255069,168.1069154
9,1998,0,7200,0.097,1.403,0.82,0.299,VANUATU,-16.5255069,168.1069154
10,1998,0,7440,0.199,1.518,0.843,0.300,VANUATU,-16.5255069,168.1069154
11,1998,0,7200,0.054,1.614,0.855,0.323,VANUATU,-16.5255069,168.1069154
12,1998,0,7440,0.037,1.584,0.819,0.323,VANUATU,-16.5255069,168.1069154
1,1999,0,7440,0.002,1.527,0.87,0.319,VANUATU,-16.5255069,168.1069154
2,1999,3892,2828,0.109,1.447,0.879,0.301,VANUATU,-16.5255069,168.1069154
3,1999,0,7440,0.207,1.461,0.88,0.297,VANUATU,-16.5255069,168.1069154
4,1999,0,7200,0.041,1.454,0.78,0.307,VANUATU,-16.5255069,168.1069154
5,1999,0,7440,-0.076,1.503,0.753,0.317,VANUATU,-16.5255069,168.1069154
6,1999,0,7200,-0.148,1.389,0.72,0.310,VANUATU,-16.5255069,168.1069154
7,1999,0,7440,-0.111,1.475,0.793,0.324,VANUATU,-16.5255069,168.1069154
8,1999,0,7440,0.051,1.509,0.861,0.325,VANUATU,-16.5255069,168.1069154
9,1999,0,7200,0.192,1.492,0.901,0.313,VANUATU,-16.5255069,168.1069154
10,1999,0,7440,0.090,1.500,0.842,0.319,VANUATU,-16.5255069,168.1069154
11,1999,0,7200,-0.237,1.554,0.865,0.315,VANUATU,-16.5255069,168.1069154
12,1999,0,7440,0.016,1.562,0.882,0.311,VANUATU,-16.5255069,168.1069154
1,2000,0,7440,0.075,1.544,0.896,0.296,VANUATU,-16.5255069,168.1069154
2,2000,0,6960,0.107,1.527,0.891,0.307,VANUATU,-16.5255069,168.1069154
3,2000,0,7440,0.227,1.436,0.9,0.287,VANUATU,-16.5255069,168.1069154
4,2000,0,7200,0.280,1.534,0.898,0.312,VANUATU,-16.5255069,168.1069154
5,2000,0,7440,0.137,1.553,0.879,0.316,VANUATU,-16.5255069,168.1069154
6,2000,0,7200,0.039,1.564,0.877,0.315,VANUATU,-16.5255069,168.1069154
7,2000,0,7440,0.004,1.602,0.878,0.324,VANUATU,-16.5255069,168.1069154
8,2000,0,7440,0.027,1.620,0.91,0.320,VANUATU,-16.5255069,168.1069154
9,2000,0,7200,0.261,1.529,0.971,0.296,VANUATU,-16.5255069,168.1069154
10,2000,0,7440,0.298,1.593,0.959,0.301,VANUATU,-16.5255069,168.1069154
11,2000,0,7200,0.211,1.656,0.979,0.320,VANUATU,-16.5255069,168.1069154
12,2000,0,7440,0.115,1.663,0.975,0.317,VANUATU,-16.5255069,168.1069154
1,2001,0,7440,-0.002,1.667,0.907,0.319,VANUATU,-16.5255069,168.1069154
2,2001,0,6720,0.085,1.668,0.979,0.317,VANUATU,-16.5255069,168.1069154
3,2001,0,7440,0.131,1.583,0.929,0.304,VANUATU,-16.5255069,168.1069154
4,2001,3270,3930,0.269,1.686,0.944,0.328,VANUATU,-16.5255069,168.1069154
5,2001,0,7440,0.123,1.583,0.941,0.305,VANUATU,-16.5255069,168.1069154
6,2001,0,7200,0.049,1.480,0.861,0.316,VANUATU,-16.5255069,168.1069154
7,2001,0,7440,0.060,1.574,0.9,0.325,VANUATU,-16.5255069,168.1069154
8,2001,0,7440,0.050,1.552,0.923,0.315,VANUATU,-16.5255069,168.1069154
9,2001,0,7200,0.169,1.567,0.905,0.308,VANUATU,-16.5255069,168.1069154
10,2001,0,7440,0.234,1.652,0.926,0.307,VANUATU,-16.5255069,168.1069154
11,2001,0,7200,0.218,1.646,0.974,0.319,VANUATU,-16.5255069,168.1069154
12,2001,0,7440,0.191,1.671,1.014,0.322,VANUATU,-16.5255069,168.1069154
1,2002,0,7440,0.095,1.618,0.974,0.323,VANUATU,-16.5255069,168.1069154
2,2002,0,6720,0.140,1.575,0.937,0.319,VANUATU,-16.5255069,168.1069154
3,2002,0,7440,0.255,1.679,0.965,0.309,VANUATU,-16.5255069,168.1069154
4,2002,0,7200,0.108,1.512,0.898,0.298,VANUATU,-16.5255069,168.1069154
5,2002,0,7440,0.046,1.415,0.793,0.301,VANUATU,-16.5255069,168.1069154
6,2002,0,7200,0.079,1.506,0.841,0.309,VANUATU,-16.5255069,168.1069154
7,2002,0,7440,0.142,1.486,0.903,0.305,VANUATU,-16.5255069,168.1069154
8,2002,0,7440,0.095,1.539,0.902,0.310,VANUATU,-16.5255069,168.1069154
9,2002,0,7200,0.145,1.586,0.901,0.309,VANUATU,-16.5255069,168.1069154
10,2002,0,7440,0.217,1.675,0.901,0.309,VANUATU,-16.5255069,168.1069154
11,2002,0,7200,0.086,1.607,0.907,0.326,VANUATU,-16.5255069,168.1069154
12,2002,0,7440,0.130,1.633,0.934,0.323,VANUATU,-16.5255069,168.1069154
1,2003,0,7440,0.132,1.632,0.973,0.322,VANUATU,-16.5255069,168.1069154
2,2003,0,6720,0.146,1.567,0.925,0.311,VANUATU,-16.5255069,168.1069154
3,2003,0,7440,0.162,1.469,0.867,0.306,VANUATU,-16.5255069,168.1069154
4,2003,0,7200,0.096,1.510,0.825,0.296,VANUATU,-16.5255069,168.1069154
5,2003,0,7440,0.066,1.539,0.833,0.308,VANUATU,-16.5255069,168.1069154
6,2003,0,7200,-0.055,1.502,0.832,0.309,VANUATU,-16.5255069,168.1069154
7,2003,0,7440,0.018,1.422,0.813,0.301,VANUATU,-16.5255069,168.1069154
8,2003,0,7440,-0.009,1.410,0.826,0.317,VANUATU,-16.5255069,168.1069154
9,2003,0,7200,0.150,1.483,0.836,0.297,VANUATU,-16.5255069,168.1069154
10,2003,0,7440,0.072,1.626,0.866,0.319,VANUATU,-16.5255069,168.1069154
11,2003,0,7200,0.084,1.552,0.846,0.306,VANUATU,-16.5255069,168.1069154
12,2003,0,7440,-0.040,1.588,0.877,0.315,VANUATU,-16.5255069,168.1069154
1,2004,0,7440,0.020,1.554,0.877,0.313,VANUATU,-16.5255069,168.1069154
2,2004,0,6960,0.147,1.508,0.92,0.301,VANUATU,-16.5255069,168.1069154
3,2004,0,7440,0.247,1.592,0.939,0.297,VANUATU,-16.5255069,168.1069154
4,2004,0,7200,0.280,1.578,0.878,0.293,VANUATU,-16.5255069,168.1069154
5,2004,0,7440,0.079,1.514,0.863,0.302,VANUATU,-16.5255069,168.1069154
6,2004,0,7200,0.028,1.536,0.828,0.317,VANUATU,-16.5255069,168.1069154
7,2004,0,7440,-0.059,1.453,0.812,0.312,VANUATU,-16.5255069,168.1069154
8,2004,0,7440,0.001,1.453,0.815,0.305,VANUATU,-16.5255069,168.1069154
9,2004,0,7200,0.162,1.442,0.853,0.307,VANUATU,-16.5255069,168.1069154
10,2004,240,7200,0.203,1.502,0.869,0.305,VANUATU,-16.5255069,168.1069154
11,2004,0,7200,0.128,1.596,0.908,0.318,VANUATU,-16.5255069,168.1069154
12,2004,0,7440,0.000,1.547,0.886,0.323,VANUATU,-16.5255069,168.1069154
1,2005,0,7440,0.057,1.638,0.95,0.325,VANUATU,-16.5255069,168.1069154
2,2005,270,6450,0.072,1.633,0.958,0.327,VANUATU,-16.5255069,168.1069154
3,2005,0,7440,0.127,1.534,0.878,0.298,VANUATU,-16.5255069,168.1069154
4,2005,0,7200,0.020,1.429,0.823,0.301,VANUATU,-16.5255069,168.1069154
5,2005,0,7440,0.071,1.456,0.842,0.299,VANUATU,-16.5255069,168.1069154
6,2005,0,7200,-0.022,1.459,0.804,0.313,VANUATU,-16.5255069,168.1069154
7,2005,0,7440,-0.043,1.511,0.84,0.321,VANUATU,-16.5255069,168.1069154
8,2005,0,7440,-0.046,1.515,0.818,0.319,VANUATU,-16.5255069,168.1069154
9,2005,0,7200,0.118,1.505,0.874,0.303,VANUATU,-16.5255069,168.1069154
10,2005,0,7440,0.192,1.513,0.847,0.296,VANUATU,-16.5255069,168.1069154
11,2005,0,7200,0.097,1.462,0.83,0.309,VANUATU,-16.5255069,168.1069154
12,2005,0,7440,-0.037,1.494,0.85,0.335,VANUATU,-16.5255069,168.1069154
1,2006,0,7440,-0.043,1.707,0.922,0.345,VANUATU,-16.5255069,168.1069154
2,2006,0,6720,0.045,1.568,0.902,0.296,VANUATU,-16.5255069,168.1069154
3,2006,0,7440,0.137,1.531,0.85,0.309,VANUATU,-16.5255069,168.1069154
4,2006,0,7200,0.172,1.538,0.896,0.301,VANUATU,-16.5255069,168.1069154
5,2006,0,7440,0.073,1.500,0.845,0.306,VANUATU,-16.5255069,168.1069154
6,2006,0,7200,0.058,1.424,0.843,0.314,VANUATU,-16.5255069,168.1069154
7,2006,0,7440,0.002,1.465,0.844,0.319,VANUATU,-16.5255069,168.1069154
8,2006,0,7440,-0.007,1.517,0.859,0.317,VANUATU,-16.5255069,168.1069154
9,2006,0,7200,0.056,1.569,0.858,0.322,VANUATU,-16.5255069,168.1069154
10,2006,0,7440,0.181,1.616,0.92,0.313,VANUATU,-16.5255069,168.1069154
11,2006,0,7200,0.060,1.594,0.887,0.329,VANUATU,-16.5255069,168.1069154
12,2006,0,7440,-0.001,1.542,0.898,0.331,VANUATU,-16.5255069,168.1069154
1,2007,0,7440,0.139,1.574,0.986,0.328,VANUATU,-16.5255069,168.1069154
2,2007,0,6720,0.146,1.565,0.972,0.322,VANUATU,-16.5255069,168.1069154
3,2007,0,7440,0.257,1.588,0.951,0.302,VANUATU,-16.5255069,168.1069154
4,2007,0,7200,0.076,1.584,0.871,0.305,VANUATU,-16.5255069,168.1069154
5,2007,0,7440,0.009,1.465,0.823,0.303,VANUATU,-16.5255069,168.1069154
6,2007,0,7200,0.034,1.480,0.863,0.310,VANUATU,-16.5255069,168.1069154
7,2007,0,7440,0.065,1.451,0.865,0.316,VANUATU,-16.5255069,168.1069154
8,2007,0,7440,0.094,1.534,0.905,0.328,VANUATU,-16.5255069,168.1069154
9,2007,0,7200,0.228,1.578,0.916,0.316,VANUATU,-16.5255069,168.1069154
10,2007,0,7440,0.172,1.716,0.955,0.319,VANUATU,-16.5255069,168.1069154
11,2007,0,7200,0.165,1.712,0.999,0.317,VANUATU,-16.5255069,168.1069154
12,2007,0,7440,0.017,1.498,0.904,0.312,VANUATU,-16.5255069,168.1069154
1,2008,0,7440,0.109,1.531,0.967,0.304,VANUATU,-16.5255069,168.1069154
2,2008,0,6960,0.235,1.486,0.918,0.288,VANUATU,-16.5255069,168.1069154
3,2008,0,7440,0.257,1.524,0.928,0.294,VANUATU,-16.5255069,168.1069154
4,2008,0,7200,0.251,1.695,0.981,0.303,VANUATU,-16.5255069,168.1069154
5,2008,0,7440,0.161,1.657,0.932,0.304,VANUATU,-16.5255069,168.1069154
6,2008,0,7200,0.080,1.525,0.913,0.315,VANUATU,-16.5255069,168.1069154
7,2008,0,7440,0.023,1.515,0.879,0.323,VANUATU,-16.5255069,168.1069154
8,2008,0,7440,0.005,1.529,0.894,0.327,VANUATU,-16.5255069,168.1069154
9,2008,0,7200,0.272,1.564,0.967,0.307,VANUATU,-16.5255069,168.1069154
10,2008,0,7440,0.325,1.681,1.017,0.307,VANUATU,-16.5255069,168.1069154
11,2008,0,7200,0.214,1.771,1.068,0.316,VANUATU,-16.5255069,168.1069154
12,2008,0,7440,0.155,1.632,1.035,0.306,VANUATU,-16.5255069,168.1069154
1,2009,861,6579,0.212,1.764,1.06,0.322,VANUATU,-16.5255069,168.1069154
2,2009,5977,743,0.453,1.565,1.033,0.340,VANUATU,-16.5255069,168.1069154
3,2009,0,7440,0.248,1.698,1.019,0.323,VANUATU,-16.5255069,168.1069154
4,2009,0,7200,0.216,1.538,0.938,0.292,VANUATU,-16.5255069,168.1069154
5,2009,0,7440,0.114,1.609,0.947,0.307,VANUATU,-16.5255069,168.1069154
6,2009,0,7200,0.066,1.577,0.958,0.319,VANUATU,-16.5255069,168.1069154
7,2009,0,7440,0.109,1.628,0.979,0.310,VANUATU,-16.5255069,168.1069154
8,2009,0,7440,0.186,1.592,0.977,0.304,VANUATU,-16.5255069,168.1069154
9,2009,0,7200,0.290,1.656,1.019,0.299,VANUATU,-16.5255069,168.1069154
10,2009,0,7440,0.306,1.683,1.003,0.302,VANUATU,-16.5255069,168.1069154
11,2009,0,7200,0.235,1.612,1.009,0.305,VANUATU,-16.5255069,168.1069154
12,2009,0,7440,0.145,1.624,0.992,0.319,VANUATU,-16.5255069,168.1069154
1,2010,0,7440,0.111,1.628,0.974,0.325,VANUATU,-16.5255069,168.1069154
2,2010,0,6720,0.203,1.785,1.002,0.301,VANUATU,-16.5255069,168.1069154
3,2010,0,7440,0.242,1.729,0.931,0.301,VANUATU,-16.5255069,168.1069154
4,2010,0,7200,0.238,1.563,0.93,0.301,VANUATU,-16.5255069,168.1069154
5,2010,0,7440,0.167,1.508,0.898,0.294,VANUATU,-16.5255069,168.1069154
6,2010,0,7200,0.023,1.416,0.844,0.309,VANUATU,-16.5255069,168.1069154
7,2010,0,7440,0.083,1.491,0.882,0.303,VANUATU,-16.5255069,168.1069154
8,2010,0,7440,0.067,1.527,0.86,0.299,VANUATU,-16.5255069,168.1069154
9,2010,0,7200,0.123,1.588,0.878,0.295,VANUATU,-16.5255069,168.1069154
10,2010,0,7440,0.208,1.577,0.898,0.298,VANUATU,-16.5255069,168.1069154
11,2010,0,7200,0.101,1.611,0.876,0.314,VANUATU,-16.5255069,168.1069154
12,2010,0,7440,0.055,1.408,0.818,0.311,VANUATU,-16.5255069,168.1069154
1,2011,0,7440,-0.016,1.449,0.841,0.314,VANUATU,-16.5255069,168.1069154
2,2011,0,6720,0.119,1.577,0.824,0.304,VANUATU,-16.5255069,168.1069154
3,2011,0,7440,0.012,1.509,0.81,0.308,VANUATU,-16.5255069,168.1069154
4,2011,0,7200,0.124,1.646,0.934,0.309,VANUATU,-16.5255069,168.1069154
5,2011,0,7440,0.145,1.579,0.957,0.303,VANUATU,-16.5255069,168.1069154
6,2011,0,7200,0.165,1.597,0.947,0.310,VANUATU,-16.5255069,168.1069154
7,2011,0,7440,0.119,1.625,0.962,0.333,VANUATU,-16.5255069,168.1069154
8,2011,0,7440,0.208,1.619,0.957,0.330,VANUATU,-16.5255069,168.1069154
9,2011,0,7200,0.248,1.696,0.926,0.321,VANUATU,-16.5255069,168.1069154
10,2011,0,7440,0.159,1.741,0.969,0.324,VANUATU,-16.5255069,168.1069154
11,2011,378,6822,0.064,1.592,0.922,0.322,VANUATU,-16.5255069,168.1069154
12,2011,0,7440,0.223,1.701,0.986,0.307,VANUATU,-16.5255069,168.1069154
1,2012,0,7440,0.122,1.571,0.952,0.307,VANUATU,-16.5255069,168.1069154
2,2012,0,6960,0.170,1.511,0.882,0.316,VANUATU,-16.5255069,168.1069154
3,2012,0,7440,0.228,1.529,0.908,0.293,VANUATU,-16.5255069,168.1069154
4,2012,0,7200,0.125,1.518,0.853,0.300,VANUATU,-16.5255069,168.1069154
5,2012,747,6693,0.038,1.610,0.89,0.323,VANUATU,-16.5255069,168.1069154
6,2012,0,7200,0.086,1.631,0.943,0.323,VANUATU,-16.5255069,168.1069154
7,2012,0,7440,0.080,1.580,0.926,0.328,VANUATU,-16.5255069,168.1069154
8,2012,0,7440,0.170,1.579,0.96,0.316,VANUATU,-16.5255069,168.1069154
9,2012,0,7200,0.334,1.616,0.967,0.304,VANUATU,-16.5255069,168.1069154
10,2012,0,7440,0.162,1.577,0.917,0.305,VANUATU,-16.5255069,168.1069154
11,2012,0,7200,0.099,1.654,0.961,0.306,VANUATU,-16.5255069,168.1069154
12,2012,0,7440,0.139,1.660,0.973,0.308,VANUATU,-16.5255069,168.1069154
1,2013,0,7440,0.110,1.664,1.001,0.317,VANUATU,-16.5255069,168.1069154
2,2013,0,6720,0.183,1.573,0.943,0.309,VANUATU,-16.5255069,168.1069154
3,2013,0,7440,0.237,1.507,0.901,0.310,VANUATU,-16.5255069,168.1069154
4,2013,0,7200,0.077,1.471,0.843,0.308,VANUATU,-16.5255069,168.1069154
5,2013,0,7440,0.048,1.534,0.812,0.309,VANUATU,-16.5255069,168.1069154
6,2013,0,7200,-0.041,1.468,0.839,0.307,VANUATU,-16.5255069,168.1069154
7,2013,0,7440,-0.012,1.578,0.83,0.320,VANUATU,-16.5255069,168.1069154
8,2013,0,7440,0.133,1.552,0.901,0.306,VANUATU,-16.5255069,168.1069154
9,2013,0,7200,0.227,1.531,0.884,0.312,VANUATU,-16.5255069,168.1069154
10,2013,0,7440,0.205,1.481,0.848,0.310,VANUATU,-16.5255069,168.1069154
11,2013,0,7200,0.065,1.491,0.87,0.317,VANUATU,-16.5255069,168.1069154
12,2013,0,7440,0.109,1.592,0.907,0.319,VANUATU,-16.5255069,168.1069154
1,2014,0,7440,0.054,1.625,0.928,0.333,VANUATU,-16.5255069,168.1069154
2,2014,0,6720,0.151,1.506,0.888,0.299,VANUATU,-16.5255069,168.1069154
3,2014,0,7440,0.178,1.552,0.84,0.315,VANUATU,-16.5255069,168.1069154
4,2014,0,7200,0.116,1.403,0.829,0.287,VANUATU,-16.5255069,168.1069154
5,2014,647,6793,0.122,1.401,0.811,0.273,VANUATU,-16.5255069,168.1069154
6,2014,0,7200,0.011,1.454,0.805,0.307,VANUATU,-16.5255069,168.1069154
7,2014,0,7440,0.019,1.522,0.843,0.316,VANUATU,-16.5255069,168.1069154
8,2014,0,7440,0.046,1.533,0.86,0.304,VANUATU,-16.5255069,168.1069154
9,2014,0,7200,0.123,1.574,0.896,0.308,VANUATU,-16.5255069,168.1069154
10,2014,0,7440,0.247,1.653,0.928,0.319,VANUATU,-16.5255069,168.1069154
11,2014,0,7200,0.118,1.545,0.877,0.322,VANUATU,-16.5255069,168.1069154
12,2014,0,7440,0.085,1.601,0.905,0.335,VANUATU,-16.5255069,168.1069154
1,2015,0,7440,0.098,1.578,0.932,0.321,VANUATU,-16.5255069,168.1069154
2,2015,193,6527,0.092,1.493,0.872,0.303,VANUATU,-16.5255069,168.1069154
3,2015,0,7440,0.095,1.709,0.854,0.312,VANUATU,-16.5255069,168.1069154
4,2015,0,7200,0.163,1.565,0.88,0.299,VANUATU,-16.5255069,168.1069154
5,2015,0,7440,0.048,1.418,0.821,0.294,VANUATU,-16.5255069,168.1069154
6,2015,0,7200,0.070,1.394,0.81,0.299,VANUATU,-16.5255069,168.1069154
7,2015,0,7440,0.062,1.481,0.795,0.313,VANUATU,-16.5255069,168.1069154
8,2015,0,7440,0.059,1.495,0.824,0.326,VANUATU,-16.5255069,168.1069154
9,2015,0,7200,0.133,1.506,0.812,0.327,VANUATU,-16.5255069,168.1069154
10,2015,0,7440,0.038,1.511,0.809,0.322,VANUATU,-16.5255069,168.1069154
11,2015,0,7200,0.067,1.594,0.867,0.327,VANUATU,-16.5255069,168.1069154
12,2015,0,7440,0.166,1.631,0.944,0.329,VANUATU,-16.5255069,168.1069154
1,2016,0,7440,0.153,1.534,0.923,0.316,VANUATU,-16.5255069,168.1069154
2,2016,0,6960,0.221,1.598,0.933,0.320,VANUATU,-16.5255069,168.1069154
3,2016,0,7440,0.079,1.532,0.871,0.319,VANUATU,-16.5255069,168.1069154
4,2016,0,7200,0.124,1.525,0.823,0.297,VANUATU,-16.5255069,168.1069154
5,2016,0,7440,0.075,1.449,0.789,0.296,VANUATU,-16.5255069,168.1069154
6,2016,0,7200,0.011,1.498,0.742,0.315,VANUATU,-16.5255069,168.1069154
7,2016,0,7440,-0.100,1.363,0.742,0.312,VANUATU,-16.5255069,168.1069154
8,2016,0,7440,0.064,1.434,0.777,0.308,VANUATU,-16.5255069,168.1069154
9,2016,0,7200,0.115,1.478,0.841,0.308,VANUATU,-16.5255069,168.1069154
10,2016,0,7440,0.145,1.512,0.852,0.297,VANUATU,-16.5255069,168.1069154
11,2016,0,7200,0.023,1.607,0.875,0.323,VANUATU,-16.5255069,168.1069154
12,2016,0,7440,0.061,1.606,0.932,0.321,VANUATU,-16.5255069,168.1069154
1,2017,0,7440,0.030,1.571,0.893,0.322,VANUATU,-16.5255069,168.1069154
2,2017,0,6720,0.156,1.579,0.876,0.301,VANUATU,-16.5255069,168.1069154
3,2017,0,7440,0.112,1.429,0.8,0.311,VANUATU,-16.5255069,168.1069154
4,2017,0,7200,0.140,1.434,0.797,0.300,VANUATU,-16.5255069,168.1069154
5,2017,0,7440,-0.127,1.402,0.751,0.296,VANUATU,-16.5255069,168.1069154
6,2017,0,7200,-0.082,1.485,0.756,0.316,VANUATU,-16.5255069,168.1069154
7,2017,275,7165,0.041,1.503,0.831,0.307,VANUATU,-16.5255069,168.1069154
8,2017,0,7440,0.098,1.446,0.858,0.299,VANUATU,-16.5255069,168.1069154
9,2017,0,7200,0.194,1.461,0.893,0.301,VANUATU,-16.5255069,168.1069154
10,2017,0,7440,0.305,1.557,0.93,0.299,VANUATU,-16.5255069,168.1069154
11,2017,0,7200,0.106,1.567,0.888,0.310,VANUATU,-16.5255069,168.1069154
12,2017,0,7440,0.121,1.620,0.944,0.325,VANUATU,-16.5255069,168.1069154
1,2018,0,7440,0.081,1.667,0.93,0.337,VANUATU,-16.5255069,168.1069154
2,2018,0,6720,0.120,1.582,0.849,0.300,VANUATU,-16.5255069,168.1069154
3,2018,0,7440,0.152,1.489,0.929,0.301,VANUATU,-16.5255069,168.1069154
4,2018,0,7200,0.194,1.418,0.805,0.279,VANUATU,-16.5255069,168.1069154
5,2018,0,7440,-0.064,1.304,0.704,0.307,VANUATU,-16.5255069,168.1069154
6,2018,0,7200,-0.040,1.425,0.792,0.322,VANUATU,-16.5255069,168.1069154
7,2018,0,7440,-0.031,1.527,0.823,0.327,VANUATU,-16.5255069,168.1069154
8,2018,0,7440,0.021,1.540,0.857,0.322,VANUATU,-16.5255069,168.1069154
9,2018,0,7200,0.100,1.483,0.881,0.315,VANUATU,-16.5255069,168.1069154
10,2018,0,7440,0.193,1.541,0.885,0.321,VANUATU,-16.5255069,168.1069154
11,2018,0,7200,0.166,1.555,0.91,0.321,VANUATU,-16.5255069,168.1069154
12,2018,0,7440,0.048,1.628,0.902,0.324,VANUATU,-16.5255069,168.1069154
1,2019,233,7207,0.041,1.582,0.917,0.319,VANUATU,-16.5255069,168.1069154
2,2019,0,6720,0.152,1.686,0.966,0.313,VANUATU,-16.5255069,168.1069154
3,2019,0,7440,0.081,1.478,0.825,0.309,VANUATU,-16.5255069,168.1069154
4,2019,0,7200,0.232,1.512,0.846,0.292,VANUATU,-16.5255069,168.1069154
5,2019,0,7440,0.026,1.421,0.798,0.294,VANUATU,-16.5255069,168.1069154
6,2019,0,7200,0.049,1.394,0.792,0.300,VANUATU,-16.5255069,168.1069154
7,2019,0,7440,0.015,1.463,0.827,0.318,VANUATU,-16.5255069,168.1069154
8,2019,0,7440,-0.005,1.462,0.837,0.325,VANUATU,-16.5255069,168.1069154
9,2019,0,7200,0.045,1.543,0.801,0.317,VANUATU,-16.5255069,168.1069154
10,2019,0,7440,0.122,1.555,0.85,0.317,VANUATU,-16.5255069,168.1069154
11,2019,0,7200,0.100,1.520,0.844,0.309,VANUATU,-16.5255069,168.1069154
12,2019,0,7440,0.117,1.533,0.891,0.323,VANUATU,-16.5255069,168.1069154
1,2020,0,7440,0.147,1.572,0.929,0.312,VANUATU,-16.5255069,168.1069154
2,2020,0,6960,0.151,1.596,0.952,0.310,VANUATU,-16.5255069,168.1069154
3,2020,0,7440,0.173,1.616,0.936,0.298,VANUATU,-16.5255069,168.1069154
4,2020,0,7200,0.192,1.588,0.834,0.295,VANUATU,-16.5255069,168.1069154
5,2020,0,7440,0.018,1.523,0.791,0.299,VANUATU,-16.5255069,168.1069154
6,2020,0,7200,0.009,1.453,0.762,0.312,VANUATU,-16.5255069,168.1069154
7,2020,0,7440,-0.058,1.424,0.8,0.320,VANUATU,-16.5255069,168.1069154
8,2020,0,7440,0.107,1.493,0.86,0.314,VANUATU,-16.5255069,168.1069154
9,2020,0,7200,0.216,1.598,0.928,0.302,VANUATU,-16.5255069,168.1069154
10,2020,0,7440,0.193,1.678,0.955,0.307,VANUATU,-16.5255069,168.1069154
11,2020,0,7200,0.092,1.644,0.92,0.314,VANUATU,-16.5255069,168.1069154
12,2020,0,7440,0.123,1.702,0.943,0.322,VANUATU,-16.5255069,168.1069154
1,2021,0,7440,0.139,1.594,0.95,0.325,VANUATU,-16.5255069,168.1069154
2,2021,0,6720,0.166,1.515,0.913,0.301,VANUATU,-16.5255069,168.1069154
3,2021,0,7440,0.148,1.623,0.832,0.300,VANUATU,-16.5255069,168.1069154
4,2021,0,7200,0.017,1.472,0.785,0.300,VANUATU,-16.5255069,168.1069154
5,2021,0,7440,0.001,1.561,0.816,0.313,VANUATU,-16.5255069,168.1069154
6,2021,0,7200,0.019,1.511,0.865,0.309,VANUATU,-16.5255069,168.1069154
7,2021,0,7440,0.200,1.616,0.956,0.307,VANUATU,-16.5255069,168.1069154
8,2021,0,7440,0.210,1.526,0.96,0.296,VANUATU,-16.5255069,168.1069154
9,2021,0,7200,0.249,1.520,0.939,0.299,VANUATU,-16.5255069,168.1069154
10,2021,0,7440,0.308,1.668,0.975,0.305,VANUATU,-16.5255069,168.1069154
11,2021,0,7200,0.162,1.676,0.965,0.311,VANUATU,-16.5255069,168.1069154
12,2021,0,7440,0.105,1.699,0.973,0.319,VANUATU,-16.5255069,168.1069154
1,2022,4,7436,-0.771,1.872,0.973,0.332,VANUATU,-16.5255069,168.1069154
2,2022,465,6255,0.155,1.681,1.027,0.321,VANUATU,-16.5255069,168.1069154
3,2022,34,7406,0.251,1.648,1.004,0.325,VANUATU,-16.5255069,168.1069154
4,2022,7,7193,0.184,1.642,0.951,0.324,VANUATU,-16.5255069,168.1069154
5,2022,0,7440,0.189,1.678,0.975,0.315,VANUATU,-16.5255069,168.1069154
6,2022,1,7199,0.066,1.613,0.963,0.317,VANUATU,-16.5255069,168.1069154
7,2022,1830,5610,0.162,1.737,1.036,0.321,VANUATU,-16.5255069,168.1069154
8,2022,7440,0,,,,,VANUATU,-16.5255069,168.1069154
9,2022,1027,6173,0.259,1.640,1.049,0.315,VANUATU,-16.5255069,168.1069154
10,2022,455,6985,0.354,1.692,1.049,0.309,VANUATU,-16.5255069,168.1069154
11,2022,1,7199,0.232,1.701,1.031,0.312,VANUATU,-16.5255069,168.1069154
12,2022,0,7440,0.236,1.737,1.105,0.306,VANUATU,-16.5255069,168.1069154
1,2023,0,7440,0.095,1.759,1.085,0.319,VANUATU,-16.5255069,168.1069154
2,2023,0,6720,0.207,1.723,1.09,0.315,VANUATU,-16.5255069,168.1069154
3,2023,64,7376,0.272,1.627,0.997,0.308,VANUATU,-16.5255069,168.1069154
4,2023,0,7200,0.302,1.641,1.006,0.293,VANUATU,-16.5255069,168.1069154
5,2023,1724,5716,0.260,1.635,0.994,0.320,VANUATU,-16.5255069,168.1069154
6,2023,827,6373,0.093,1.543,0.938,0.311,VANUATU,-16.5255069,168.1069154
7,2023,85,7355,0.059,1.516,0.903,0.312,VANUATU,-16.5255069,168.1069154
8,2023,29,7411,0.008,1.606,0.878,0.327,VANUATU,-16.5255069,168.1069154
9,2023,17,7183,0.134,1.545,0.883,0.315,VANUATU,-16.5255069,168.1069154
10,2023,10,7430,0.202,1.597,0.926,0.317,VANUATU,-16.5255069,168.1069154
11,2023,1,7199,0.100,1.557,0.916,0.309,VANUATU,-16.5255069,168.1069154
12,2023,1,7439,0.173,1.544,0.951,0.313,VANUATU,-16.5255069,168.1069154
1,2024,0,7440,0.079,1.576,0.962,0.317,VANUATU,-16.5255069,168.1069154
2,2024,0,6960,0.074,1.595,0.88,0.312,VANUATU,-16.5255069,168.1069154
3,2024,4,7436,0.128,1.562,0.815,0.294,VANUATU,-16.5255069,168.1069154
4,2024,0,7200,0.086,1.490,0.813,0.290,VANUATU,-16.5255069,168.1069154
5,2024,1,7439,0.080,1.538,0.836,0.294,VANUATU,-16.5255069,168.1069154
6,2024,1,7199,0.051,1.411,0.832,0.309,VANUATU,-16.5255069,168.1069154
7,2024,469,6971,0.047,1.483,0.872,0.328,VANUATU,-16.5255069,168.1069154
8,2024,0,7440,0.029,1.471,0.821,0.315,VANUATU,-16.5255069,168.1069154
9,2024,0,7200,0.136,1.550,0.884,0.309,VANUATU,-16.5255069,168.1069154
10,2024,0,7440,0.189,1.611,0.896,0.301,VANUATU,-16.5255069,168.1069154
11,2024,1,7199,0.111,1.649,0.939,0.316,VANUATU,-16.5255069,168.1069154
12,2024,9,7431,0.111,1.682,1.003,0.331,VANUATU,-16.5255069,168.1069154
1,2025,0,7440,0.296,1.701,1.095,0.325,VANUATU,-16.5255069,168.1069154
Totals,107810,2704750,,,,,,VANUATU,-16.5255069,168.1069154
Standard,deviation,of,the,observations,=,0.3193,metres,VANUATU,-16.5255069,168.1069154
Skewness,=,-0.2032,,,,,,VANUATU,-16.5255069,168.1069154
7.0,1994.0,6480.0,960.0,0.335,0.871,0.586,0.131,Solomon Islands,-8.7053941,159.107069385185
8.0,1994.0,0.0,7440.0,0.181,0.875,0.568,0.172,Solomon Islands,-8.7053941,159.107069385185
9.0,1994.0,0.0,7200.0,0.162,0.84,0.489,0.153,Solomon Islands,-8.7053941,159.107069385185
10.0,1994.0,330.0,7110.0,0.193,0.919,0.537,0.159,Solomon Islands,-8.7053941,159.107069385185
11.0,1994.0,0.0,7200.0,0.13,0.943,0.56,0.194,Solomon Islands,-8.7053941,159.107069385185
12.0,1994.0,0.0,7440.0,0.065,0.991,0.556,0.225,Solomon Islands,-8.7053941,159.107069385185
1.0,1995.0,0.0,7440.0,0.026,0.913,0.524,0.214,Solomon Islands,-8.7053941,159.107069385185
2.0,1995.0,0.0,6720.0,0.15,0.819,0.507,0.167,Solomon Islands,-8.7053941,159.107069385185
3.0,1995.0,0.0,7440.0,0.32,1.003,0.675,0.142,Solomon Islands,-8.7053941,159.107069385185
4.0,1995.0,0.0,7200.0,0.358,1.162,0.721,0.159,Solomon Islands,-8.7053941,159.107069385185
5.0,1995.0,0.0,7440.0,0.193,1.054,0.664,0.19,Solomon Islands,-8.7053941,159.107069385185
6.0,1995.0,0.0,7200.0,0.133,1.029,0.628,0.202,Solomon Islands,-8.7053941,159.107069385185
7.0,1995.0,0.0,7440.0,0.2,1.071,0.674,0.193,Solomon Islands,-8.7053941,159.107069385185
8.0,1995.0,0.0,7440.0,0.185,0.999,0.648,0.163,Solomon Islands,-8.7053941,159.107069385185
9.0,1995.0,0.0,7200.0,0.284,0.981,0.643,0.147,Solomon Islands,-8.7053941,159.107069385185
10.0,1995.0,0.0,7440.0,0.321,1.096,0.681,0.163,Solomon Islands,-8.7053941,159.107069385185
11.0,1995.0,0.0,7200.0,0.241,1.134,0.703,0.191,Solomon Islands,-8.7053941,159.107069385185
12.0,1995.0,0.0,7440.0,0.148,1.117,0.701,0.209,Solomon Islands,-8.7053941,159.107069385185
1.0,1996.0,0.0,7440.0,0.202,1.11,0.699,0.204,Solomon Islands,-8.7053941,159.107069385185
2.0,1996.0,0.0,6960.0,0.321,1.064,0.774,0.177,Solomon Islands,-8.7053941,159.107069385185
3.0,1996.0,0.0,7440.0,0.456,1.126,0.798,0.145,Solomon Islands,-8.7053941,159.107069385185
4.0,1996.0,0.0,7200.0,0.508,1.224,0.827,0.152,Solomon Islands,-8.7053941,159.107069385185
5.0,1996.0,0.0,7440.0,0.279,1.167,0.744,0.189,Solomon Islands,-8.7053941,159.107069385185
6.0,1996.0,0.0,7200.0,0.19,1.102,0.655,0.205,Solomon Islands,-8.7053941,159.107069385185
7.0,1996.0,0.0,7440.0,0.154,1.047,0.661,0.199,Solomon Islands,-8.7053941,159.107069385185
8.0,1996.0,0.0,7440.0,0.244,0.959,0.662,0.162,Solomon Islands,-8.7053941,159.107069385185
9.0,1996.0,0.0,7200.0,0.361,0.98,0.686,0.14,Solomon Islands,-8.7053941,159.107069385185
10.0,1996.0,0.0,7440.0,0.322,1.093,0.672,0.161,Solomon Islands,-8.7053941,159.107069385185
11.0,1996.0,0.0,7200.0,0.253,1.092,0.699,0.195,Solomon Islands,-8.7053941,159.107069385185
12.0,1996.0,0.0,7440.0,0.201,1.241,0.721,0.214,Solomon Islands,-8.7053941,159.107069385185
1.0,1997.0,0.0,7440.0,0.161,1.092,0.676,0.204,Solomon Islands,-8.7053941,159.107069385185
2.0,1997.0,0.0,6720.0,0.233,1.082,0.731,0.177,Solomon Islands,-8.7053941,159.107069385185
3.0,1997.0,0.0,7440.0,0.393,1.077,0.752,0.157,Solomon Islands,-8.7053941,159.107069385185
4.0,1997.0,0.0,7200.0,0.18,0.995,0.603,0.164,Solomon Islands,-8.7053941,159.107069385185
5.0,1997.0,0.0,7440.0,0.154,0.986,0.572,0.177,Solomon Islands,-8.7053941,159.107069385185
6.0,1997.0,0.0,7200.0,0.119,0.951,0.564,0.193,Solomon Islands,-8.7053941,159.107069385185
7.0,1997.0,7230.0,210.0,0.255,0.846,0.61,0.183,Solomon Islands,-8.7053941,159.107069385185
9.0,1997.0,1680.0,5520.0,0.025,0.719,0.387,0.147,Solomon Islands,-8.7053941,159.107069385185
10.0,1997.0,0.0,7440.0,0.153,0.809,0.427,0.145,Solomon Islands,-8.7053941,159.107069385185
11.0,1997.0,0.0,7200.0,0.03,0.871,0.424,0.19,Solomon Islands,-8.7053941,159.107069385185
12.0,1997.0,0.0,7440.0,0.015,0.89,0.477,0.216,Solomon Islands,-8.7053941,159.107069385185
1.0,1998.0,0.0,7440.0,0.028,0.863,0.49,0.208,Solomon Islands,-8.7053941,159.107069385185
2.0,1998.0,0.0,6720.0,0.068,0.743,0.446,0.169,Solomon Islands,-8.7053941,159.107069385185
3.0,1998.0,0.0,7440.0,0.097,0.73,0.444,0.136,Solomon Islands,-8.7053941,159.107069385185
4.0,1998.0,0.0,7200.0,0.163,0.87,0.495,0.154,Solomon Islands,-8.7053941,159.107069385185
5.0,1998.0,0.0,7440.0,0.079,0.92,0.499,0.182,Solomon Islands,-8.7053941,159.107069385185
6.0,1998.0,0.0,7200.0,0.034,0.878,0.493,0.199,Solomon Islands,-8.7053941,159.107069385185
7.0,1998.0,802.0,6638.0,-0.025,0.777,0.406,0.19,Solomon Islands,-8.7053941,159.107069385185
8.0,1998.0,698.0,6742.0,0.072,0.776,0.478,0.171,Solomon Islands,-8.7053941,159.107069385185
9.0,1998.0,554.0,6646.0,0.147,0.815,0.488,0.15,Solomon Islands,-8.7053941,159.107069385185
10.0,1998.0,1690.0,5750.0,0.186,0.842,0.52,0.158,Solomon Islands,-8.7053941,159.107069385185
11.0,1998.0,0.0,7200.0,0.129,0.971,0.567,0.186,Solomon Islands,-8.7053941,159.107069385185
12.0,1998.0,249.0,7191.0,0.112,1.0,0.605,0.22,Solomon Islands,-8.7053941,159.107069385185
1.0,1999.0,0.0,7440.0,0.191,1.162,0.714,0.226,Solomon Islands,-8.7053941,159.107069385185
2.0,1999.0,0.0,6720.0,0.393,1.208,0.852,0.187,Solomon Islands,-8.7053941,159.107069385185
3.0,1999.0,0.0,7440.0,0.451,1.192,0.846,0.153,Solomon Islands,-8.7053941,159.107069385185
4.0,1999.0,0.0,7200.0,0.412,1.171,0.781,0.16,Solomon Islands,-8.7053941,159.107069385185
5.0,1999.0,0.0,7440.0,0.301,1.182,0.725,0.188,Solomon Islands,-8.7053941,159.107069385185
6.0,1999.0,442.0,6758.0,0.129,1.08,0.649,0.203,Solomon Islands,-8.7053941,159.107069385185
7.0,1999.0,0.0,7440.0,0.132,1.043,0.637,0.205,Solomon Islands,-8.7053941,159.107069385185
8.0,1999.0,0.0,7440.0,0.213,1.046,0.661,0.176,Solomon Islands,-8.7053941,159.107069385185
9.0,1999.0,0.0,7200.0,0.309,1.068,0.699,0.154,Solomon Islands,-8.7053941,159.107069385185
10.0,1999.0,0.0,7440.0,0.363,1.149,0.718,0.167,Solomon Islands,-8.7053941,159.107069385185
11.0,1999.0,0.0,7200.0,0.304,1.24,0.728,0.196,Solomon Islands,-8.7053941,159.107069385185
12.0,1999.0,0.0,7440.0,0.262,1.218,0.777,0.214,Solomon Islands,-8.7053941,159.107069385185
1.0,2000.0,0.0,7440.0,0.305,1.235,0.799,0.219,Solomon Islands,-8.7053941,159.107069385185
2.0,2000.0,0.0,6960.0,0.304,1.13,0.802,0.195,Solomon Islands,-8.7053941,159.107069385185
3.0,2000.0,0.0,7440.0,0.505,1.195,0.866,0.161,Solomon Islands,-8.7053941,159.107069385185
4.0,2000.0,0.0,7200.0,0.524,1.238,0.862,0.165,Solomon Islands,-8.7053941,159.107069385185
5.0,2000.0,0.0,7440.0,0.376,1.246,0.81,0.188,Solomon Islands,-8.7053941,159.107069385185
6.0,2000.0,0.0,7200.0,0.261,1.198,0.739,0.211,Solomon Islands,-8.7053941,159.107069385185
7.0,2000.0,0.0,7440.0,0.107,1.182,0.679,0.219,Solomon Islands,-8.7053941,159.107069385185
8.0,2000.0,0.0,7440.0,0.148,0.955,0.608,0.187,Solomon Islands,-8.7053941,159.107069385185
9.0,2000.0,0.0,7200.0,0.311,1.025,0.657,0.155,Solomon Islands,-8.7053941,159.107069385185
10.0,2000.0,0.0,7440.0,0.335,1.14,0.717,0.168,Solomon Islands,-8.7053941,159.107069385185
11.0,2000.0,0.0,7200.0,0.337,1.234,0.762,0.205,Solomon Islands,-8.7053941,159.107069385185
12.0,2000.0,0.0,7440.0,0.277,1.269,0.804,0.229,Solomon Islands,-8.7053941,159.107069385185
1.0,2001.0,0.0,7440.0,0.242,1.241,0.79,0.223,Solomon Islands,-8.7053941,159.107069385185
2.0,2001.0,0.0,6720.0,0.368,1.237,0.885,0.199,Solomon Islands,-8.7053941,159.107069385185
3.0,2001.0,0.0,7440.0,0.421,1.235,0.859,0.168,Solomon Islands,-8.7053941,159.107069385185
4.0,2001.0,0.0,7200.0,0.53,1.274,0.873,0.177,Solomon Islands,-8.7053941,159.107069385185
5.0,2001.0,0.0,7440.0,0.197,1.211,0.782,0.202,Solomon Islands,-8.7053941,159.107069385185
6.0,2001.0,0.0,7200.0,0.077,1.078,0.61,0.217,Solomon Islands,-8.7053941,159.107069385185
7.0,2001.0,960.0,6480.0,-0.068,0.86,0.439,0.221,Solomon Islands,-8.7053941,159.107069385185
8.0,2001.0,0.0,7440.0,0.099,0.923,0.586,0.197,Solomon Islands,-8.7053941,159.107069385185
9.0,2001.0,0.0,7200.0,0.206,0.964,0.633,0.165,Solomon Islands,-8.7053941,159.107069385185
10.0,2001.0,0.0,7440.0,0.326,1.097,0.661,0.17,Solomon Islands,-8.7053941,159.107069385185
11.0,2001.0,0.0,7200.0,0.269,1.159,0.715,0.206,Solomon Islands,-8.7053941,159.107069385185
12.0,2001.0,0.0,7440.0,0.103,1.21,0.679,0.245,Solomon Islands,-8.7053941,159.107069385185
1.0,2002.0,0.0,7440.0,0.095,1.048,0.616,0.235,Solomon Islands,-8.7053941,159.107069385185
2.0,2002.0,0.0,6720.0,0.155,0.988,0.636,0.202,Solomon Islands,-8.7053941,159.107069385185
3.0,2002.0,0.0,7440.0,0.277,1.075,0.682,0.173,Solomon Islands,-8.7053941,159.107069385185
4.0,2002.0,0.0,7200.0,0.357,1.164,0.731,0.179,Solomon Islands,-8.7053941,159.107069385185
5.0,2002.0,0.0,7440.0,0.233,1.169,0.73,0.208,Solomon Islands,-8.7053941,159.107069385185
6.0,2002.0,0.0,7200.0,0.209,1.153,0.714,0.221,Solomon Islands,-8.7053941,159.107069385185
7.0,2002.0,0.0,7440.0,0.124,1.026,0.62,0.216,Solomon Islands,-8.7053941,159.107069385185
8.0,2002.0,0.0,7440.0,0.161,1.007,0.612,0.198,Solomon Islands,-8.7053941,159.107069385185
9.0,2002.0,0.0,7200.0,0.119,0.91,0.539,0.178,Solomon Islands,-8.7053941,159.107069385185
10.0,2002.0,0.0,7440.0,0.16,0.958,0.544,0.186,Solomon Islands,-8.7053941,159.107069385185
11.0,2002.0,0.0,7200.0,0.162,1.011,0.604,0.208,Solomon Islands,-8.7053941,159.107069385185
12.0,2002.0,0.0,7440.0,0.09,1.047,0.595,0.238,Solomon Islands,-8.7053941,159.107069385185
1.0,2003.0,0.0,7440.0,0.034,1.014,0.564,0.247,Solomon Islands,-8.7053941,159.107069385185
2.0,2003.0,0.0,6720.0,0.089,0.905,0.56,0.206,Solomon Islands,-8.7053941,159.107069385185
3.0,2003.0,0.0,7440.0,0.212,1.042,0.64,0.178,Solomon Islands,-8.7053941,159.107069385185
4.0,2003.0,0.0,7200.0,0.206,1.098,0.656,0.181,Solomon Islands,-8.7053941,159.107069385185
5.0,2003.0,0.0,7440.0,0.242,1.242,0.736,0.216,Solomon Islands,-8.7053941,159.107069385185
6.0,2003.0,0.0,7200.0,0.124,1.213,0.7,0.235,Solomon Islands,-8.7053941,159.107069385185
7.0,2003.0,0.0,7440.0,0.157,1.144,0.677,0.23,Solomon Islands,-8.7053941,159.107069385185
8.0,2003.0,0.0,7440.0,0.109,0.979,0.637,0.198,Solomon Islands,-8.7053941,159.107069385185
9.0,2003.0,0.0,7200.0,0.206,1.027,0.658,0.177,Solomon Islands,-8.7053941,159.107069385185
10.0,2003.0,0.0,7440.0,0.205,1.118,0.675,0.196,Solomon Islands,-8.7053941,159.107069385185
11.0,2003.0,0.0,7200.0,0.099,1.119,0.662,0.221,Solomon Islands,-8.7053941,159.107069385185
12.0,2003.0,0.0,7440.0,0.088,1.168,0.7,0.237,Solomon Islands,-8.7053941,159.107069385185
1.0,2004.0,0.0,7440.0,0.092,1.084,0.648,0.238,Solomon Islands,-8.7053941,159.107069385185
2.0,2004.0,0.0,6960.0,0.125,1.046,0.663,0.213,Solomon Islands,-8.7053941,159.107069385185
3.0,2004.0,0.0,7440.0,0.306,1.182,0.787,0.188,Solomon Islands,-8.7053941,159.107069385185
4.0,2004.0,0.0,7200.0,0.319,1.146,0.707,0.196,Solomon Islands,-8.7053941,159.107069385185
5.0,2004.0,0.0,7440.0,0.25,1.212,0.715,0.21,Solomon Islands,-8.7053941,159.107069385185
6.0,2004.0,0.0,7200.0,0.121,1.163,0.645,0.236,Solomon Islands,-8.7053941,159.107069385185
7.0,2004.0,0.0,7440.0,0.044,1.017,0.601,0.239,Solomon Islands,-8.7053941,159.107069385185
8.0,2004.0,0.0,7440.0,0.088,0.959,0.568,0.208,Solomon Islands,-8.7053941,159.107069385185
9.0,2004.0,0.0,7200.0,0.226,0.965,0.604,0.172,Solomon Islands,-8.7053941,159.107069385185
10.0,2004.0,0.0,7440.0,0.239,1.09,0.614,0.19,Solomon Islands,-8.7053941,159.107069385185
11.0,2004.0,0.0,7200.0,0.182,1.11,0.654,0.225,Solomon Islands,-8.7053941,159.107069385185
12.0,2004.0,0.0,7440.0,0.059,1.067,0.624,0.247,Solomon Islands,-8.7053941,159.107069385185
1.0,2005.0,0.0,7440.0,0.054,1.091,0.672,0.237,Solomon Islands,-8.7053941,159.107069385185
2.0,2005.0,0.0,6720.0,0.097,1.009,0.647,0.216,Solomon Islands,-8.7053941,159.107069385185
3.0,2005.0,0.0,7440.0,0.114,0.975,0.584,0.19,Solomon Islands,-8.7053941,159.107069385185
4.0,2005.0,0.0,7200.0,0.218,1.195,0.697,0.203,Solomon Islands,-8.7053941,159.107069385185
5.0,2005.0,0.0,7440.0,0.176,1.119,0.666,0.221,Solomon Islands,-8.7053941,159.107069385185
6.0,2005.0,0.0,7200.0,0.116,1.137,0.668,0.234,Solomon Islands,-8.7053941,159.107069385185
7.0,2005.0,0.0,7440.0,0.067,1.079,0.621,0.232,Solomon Islands,-8.7053941,159.107069385185
8.0,2005.0,0.0,7440.0,0.131,0.993,0.623,0.21,Solomon Islands,-8.7053941,159.107069385185
9.0,2005.0,0.0,7200.0,0.214,1.073,0.666,0.183,Solomon Islands,-8.7053941,159.107069385185
10.0,2005.0,0.0,7440.0,0.313,1.159,0.696,0.189,Solomon Islands,-8.7053941,159.107069385185
11.0,2005.0,0.0,7200.0,0.251,1.254,0.754,0.226,Solomon Islands,-8.7053941,159.107069385185
12.0,2005.0,0.0,7440.0,0.159,1.24,0.755,0.259,Solomon Islands,-8.7053941,159.107069385185
1.0,2006.0,0.0,7440.0,0.215,1.267,0.809,0.254,Solomon Islands,-8.7053941,159.107069385185
2.0,2006.0,0.0,6720.0,0.335,1.21,0.862,0.215,Solomon Islands,-8.7053941,159.107069385185
3.0,2006.0,0.0,7440.0,0.494,1.314,0.905,0.188,Solomon Islands,-8.7053941,159.107069385185
4.0,2006.0,0.0,7200.0,0.42,1.32,0.859,0.196,Solomon Islands,-8.7053941,159.107069385185
5.0,2006.0,0.0,7440.0,0.254,1.239,0.783,0.226,Solomon Islands,-8.7053941,159.107069385185
6.0,2006.0,0.0,7200.0,0.188,1.174,0.715,0.234,Solomon Islands,-8.7053941,159.107069385185
7.0,2006.0,0.0,7440.0,0.102,1.058,0.639,0.225,Solomon Islands,-8.7053941,159.107069385185
8.0,2006.0,0.0,7440.0,0.09,0.994,0.572,0.209,Solomon Islands,-8.7053941,159.107069385185
9.0,2006.0,0.0,7200.0,0.118,1.0,0.577,0.192,Solomon Islands,-8.7053941,159.107069385185
10.0,2006.0,0.0,7440.0,0.178,1.003,0.569,0.198,Solomon Islands,-8.7053941,159.107069385185
11.0,2006.0,0.0,7200.0,0.099,1.035,0.586,0.221,Solomon Islands,-8.7053941,159.107069385185
12.0,2006.0,0.0,7440.0,0.047,1.058,0.613,0.246,Solomon Islands,-8.7053941,159.107069385185
1.0,2007.0,0.0,7440.0,0.114,1.079,0.641,0.252,Solomon Islands,-8.7053941,159.107069385185
2.0,2007.0,0.0,6720.0,0.101,1.104,0.629,0.217,Solomon Islands,-8.7053941,159.107069385185
3.0,2007.0,0.0,7440.0,0.289,1.201,0.726,0.187,Solomon Islands,-8.7053941,159.107069385185
4.0,2007.0,0.0,7200.0,0.391,1.258,0.752,0.188,Solomon Islands,-8.7053941,159.107069385185
5.0,2007.0,0.0,7440.0,0.243,1.245,0.745,0.219,Solomon Islands,-8.7053941,159.107069385185
6.0,2007.0,0.0,7200.0,0.198,1.223,0.736,0.237,Solomon Islands,-8.7053941,159.107069385185
7.0,2007.0,0.0,7440.0,0.119,1.171,0.666,0.237,Solomon Islands,-8.7053941,159.107069385185
8.0,2007.0,0.0,7440.0,0.235,1.09,0.707,0.2,Solomon Islands,-8.7053941,159.107069385185
9.0,2007.0,0.0,7200.0,0.291,1.091,0.694,0.183,Solomon Islands,-8.7053941,159.107069385185
10.0,2007.0,0.0,7440.0,0.252,1.246,0.707,0.207,Solomon Islands,-8.7053941,159.107069385185
11.0,2007.0,0.0,7200.0,0.291,1.348,0.809,0.237,Solomon Islands,-8.7053941,159.107069385185
12.0,2007.0,0.0,7440.0,0.269,1.315,0.809,0.245,Solomon Islands,-8.7053941,159.107069385185
1.0,2008.0,0.0,7440.0,0.31,1.263,0.857,0.24,Solomon Islands,-8.7053941,159.107069385185
2.0,2008.0,0.0,6960.0,0.359,1.239,0.886,0.212,Solomon Islands,-8.7053941,159.107069385185
3.0,2008.0,0.0,7440.0,0.532,1.325,0.937,0.189,Solomon Islands,-8.7053941,159.107069385185
4.0,2008.0,0.0,7200.0,0.492,1.36,0.903,0.196,Solomon Islands,-8.7053941,159.107069385185
5.0,2008.0,0.0,7440.0,0.311,1.366,0.809,0.219,Solomon Islands,-8.7053941,159.107069385185
6.0,2008.0,0.0,7200.0,0.202,1.236,0.735,0.234,Solomon Islands,-8.7053941,159.107069385185
7.0,2008.0,0.0,7440.0,0.095,1.128,0.676,0.236,Solomon Islands,-8.7053941,159.107069385185
8.0,2008.0,0.0,7440.0,0.189,1.086,0.685,0.198,Solomon Islands,-8.7053941,159.107069385185
9.0,2008.0,0.0,7200.0,0.301,1.1,0.686,0.172,Solomon Islands,-8.7053941,159.107069385185
10.0,2008.0,0.0,7440.0,0.25,1.147,0.677,0.194,Solomon Islands,-8.7053941,159.107069385185
11.0,2008.0,0.0,7200.0,0.218,1.247,0.713,0.232,Solomon Islands,-8.7053941,159.107069385185
12.0,2008.0,0.0,7440.0,0.176,1.293,0.799,0.245,Solomon Islands,-8.7053941,159.107069385185
1.0,2009.0,0.0,7440.0,0.278,1.281,0.834,0.233,Solomon Islands,-8.7053941,159.107069385185
2.0,2009.0,0.0,6720.0,0.396,1.254,0.9,0.204,Solomon Islands,-8.7053941,159.107069385185
3.0,2009.0,0.0,7440.0,0.475,1.3,0.904,0.184,Solomon Islands,-8.7053941,159.107069385185
4.0,2009.0,0.0,7200.0,0.357,1.255,0.823,0.197,Solomon Islands,-8.7053941,159.107069385185
5.0,2009.0,0.0,7440.0,0.213,1.203,0.775,0.217,Solomon Islands,-8.7053941,159.107069385185
6.0,2009.0,0.0,7200.0,0.091,1.128,0.69,0.227,Solomon Islands,-8.7053941,159.107069385185
7.0,2009.0,0.0,7440.0,0.098,1.06,0.652,0.223,Solomon Islands,-8.7053941,159.107069385185
8.0,2009.0,0.0,7440.0,0.177,0.985,0.635,0.199,Solomon Islands,-8.7053941,159.107069385185
9.0,2009.0,0.0,7200.0,0.215,0.992,0.631,0.173,Solomon Islands,-8.7053941,159.107069385185
10.0,2009.0,0.0,7440.0,0.265,1.073,0.615,0.18,Solomon Islands,-8.7053941,159.107069385185
11.0,2009.0,0.0,7200.0,0.133,1.075,0.628,0.224,Solomon Islands,-8.7053941,159.107069385185
12.0,2009.0,0.0,7440.0,0.045,1.139,0.625,0.255,Solomon Islands,-8.7053941,159.107069385185
1.0,2010.0,0.0,7440.0,0.072,1.014,0.605,0.236,Solomon Islands,-8.7053941,159.107069385185
2.0,2010.0,0.0,6720.0,0.111,0.903,0.551,0.198,Solomon Islands,-8.7053941,159.107069385185
3.0,2010.0,0.0,7440.0,0.226,0.973,0.561,0.169,Solomon Islands,-8.7053941,159.107069385185
4.0,2010.0,0.0,7200.0,0.177,1.027,0.604,0.185,Solomon Islands,-8.7053941,159.107069385185
5.0,2010.0,0.0,7440.0,0.159,1.095,0.625,0.216,Solomon Islands,-8.7053941,159.107069385185
6.0,2010.0,0.0,7200.0,0.123,1.077,0.643,0.224,Solomon Islands,-8.7053941,159.107069385185
7.0,2010.0,0.0,7440.0,0.194,1.129,0.683,0.211,Solomon Islands,-8.7053941,159.107069385185
8.0,2010.0,273.0,7167.0,0.197,1.033,0.694,0.183,Solomon Islands,-8.7053941,159.107069385185
9.0,2010.0,0.0,7200.0,0.281,1.091,0.684,0.174,Solomon Islands,-8.7053941,159.107069385185
10.0,2010.0,0.0,7440.0,0.4,1.229,0.788,0.187,Solomon Islands,-8.7053941,159.107069385185
11.0,2010.0,0.0,7200.0,0.274,1.211,0.762,0.217,Solomon Islands,-8.7053941,159.107069385185
12.0,2010.0,0.0,7440.0,0.301,1.298,0.817,0.236,Solomon Islands,-8.7053941,159.107069385185
1.0,2011.0,0.0,7440.0,0.276,1.198,0.803,0.227,Solomon Islands,-8.7053941,159.107069385185
2.0,2011.0,0.0,6720.0,0.398,1.267,0.877,0.193,Solomon Islands,-8.7053941,159.107069385185
3.0,2011.0,0.0,7440.0,0.504,1.319,0.89,0.162,Solomon Islands,-8.7053941,159.107069385185
4.0,2011.0,0.0,7200.0,0.474,1.27,0.872,0.174,Solomon Islands,-8.7053941,159.107069385185
5.0,2011.0,0.0,7440.0,0.318,1.263,0.813,0.203,Solomon Islands,-8.7053941,159.107069385185
6.0,2011.0,0.0,7200.0,0.23,1.165,0.756,0.22,Solomon Islands,-8.7053941,159.107069385185
7.0,2011.0,0.0,7440.0,0.227,1.157,0.714,0.217,Solomon Islands,-8.7053941,159.107069385185
8.0,2011.0,0.0,7440.0,0.24,1.07,0.692,0.182,Solomon Islands,-8.7053941,159.107069385185
9.0,2011.0,0.0,7200.0,0.382,1.134,0.749,0.163,Solomon Islands,-8.7053941,159.107069385185
10.0,2011.0,0.0,7440.0,0.417,1.264,0.813,0.19,Solomon Islands,-8.7053941,159.107069385185
11.0,2011.0,476.0,6724.0,0.291,1.254,0.806,0.215,Solomon Islands,-8.7053941,159.107069385185
12.0,2011.0,996.0,6444.0,0.346,1.325,0.853,0.239,Solomon Islands,-8.7053941,159.107069385185
1.0,2012.0,0.0,7440.0,0.412,1.267,0.893,0.219,Solomon Islands,-8.7053941,159.107069385185
2.0,2012.0,0.0,6960.0,0.484,1.294,0.927,0.192,Solomon Islands,-8.7053941,159.107069385185
3.0,2012.0,0.0,7440.0,0.595,1.329,0.936,0.171,Solomon Islands,-8.7053941,159.107069385185
4.0,2012.0,0.0,7200.0,0.447,1.208,0.83,0.173,Solomon Islands,-8.7053941,159.107069385185
5.0,2012.0,0.0,7440.0,0.356,1.24,0.805,0.195,Solomon Islands,-8.7053941,159.107069385185
6.0,2012.0,0.0,7200.0,0.249,1.184,0.723,0.215,Solomon Islands,-8.7053941,159.107069385185
7.0,2012.0,0.0,7440.0,0.171,1.111,0.667,0.213,Solomon Islands,-8.7053941,159.107069385185
8.0,2012.0,0.0,7440.0,0.181,0.925,0.625,0.175,Solomon Islands,-8.7053941,159.107069385185
9.0,2012.0,0.0,7200.0,0.354,0.986,0.651,0.146,Solomon Islands,-8.7053941,159.107069385185
10.0,2012.0,0.0,7440.0,0.244,1.06,0.647,0.17,Solomon Islands,-8.7053941,159.107069385185
11.0,2012.0,0.0,7200.0,0.191,1.12,0.697,0.21,Solomon Islands,-8.7053941,159.107069385185
12.0,2012.0,0.0,7440.0,0.151,1.172,0.718,0.23,Solomon Islands,-8.7053941,159.107069385185
1.0,2013.0,0.0,7440.0,0.234,1.176,0.756,0.21,Solomon Islands,-8.7053941,159.107069385185
2.0,2013.0,0.0,6720.0,0.221,1.018,0.707,0.182,Solomon Islands,-8.7053941,159.107069385185
3.0,2013.0,0.0,7440.0,0.48,1.157,0.822,0.155,Solomon Islands,-8.7053941,159.107069385185
4.0,2013.0,0.0,7200.0,0.427,1.206,0.822,0.172,Solomon Islands,-8.7053941,159.107069385185
5.0,2013.0,0.0,7440.0,0.333,1.18,0.794,0.193,Solomon Islands,-8.7053941,159.107069385185
6.0,2013.0,0.0,7200.0,0.202,1.134,0.734,0.2,Solomon Islands,-8.7053941,159.107069385185
7.0,2013.0,0.0,7440.0,0.179,1.039,0.675,0.195,Solomon Islands,-8.7053941,159.107069385185
8.0,2013.0,0.0,7440.0,0.279,1.004,0.681,0.172,Solomon Islands,-8.7053941,159.107069385185
9.0,2013.0,0.0,7200.0,0.363,1.03,0.678,0.153,Solomon Islands,-8.7053941,159.107069385185
10.0,2013.0,0.0,7440.0,0.332,1.047,0.658,0.157,Solomon Islands,-8.7053941,159.107069385185
11.0,2013.0,686.0,6514.0,0.256,1.127,0.718,0.197,Solomon Islands,-8.7053941,159.107069385185
12.0,2013.0,0.0,7440.0,0.269,1.176,0.754,0.222,Solomon Islands,-8.7053941,159.107069385185
1.0,2014.0,0.0,7440.0,0.237,1.202,0.752,0.216,Solomon Islands,-8.7053941,159.107069385185
2.0,2014.0,0.0,6720.0,0.363,1.079,0.768,0.169,Solomon Islands,-8.7053941,159.107069385185
3.0,2014.0,0.0,7440.0,0.426,1.022,0.709,0.144,Solomon Islands,-8.7053941,159.107069385185
4.0,2014.0,0.0,7200.0,0.374,1.157,0.748,0.156,Solomon Islands,-8.7053941,159.107069385185
5.0,2014.0,0.0,7440.0,0.279,1.147,0.705,0.191,Solomon Islands,-8.7053941,159.107069385185
6.0,2014.0,0.0,7200.0,0.2,1.094,0.672,0.201,Solomon Islands,-8.7053941,159.107069385185
7.0,2014.0,0.0,7440.0,0.198,1.052,0.667,0.192,Solomon Islands,-8.7053941,159.107069385185
8.0,2014.0,0.0,7440.0,0.239,0.991,0.696,0.161,Solomon Islands,-8.7053941,159.107069385185
9.0,2014.0,0.0,7200.0,0.364,1.063,0.722,0.146,Solomon Islands,-8.7053941,159.107069385185
10.0,2014.0,0.0,7440.0,0.331,1.083,0.704,0.16,Solomon Islands,-8.7053941,159.107069385185
11.0,2014.0,0.0,7200.0,0.289,1.154,0.732,0.19,Solomon Islands,-8.7053941,159.107069385185
12.0,2014.0,0.0,7440.0,0.303,1.205,0.774,0.209,Solomon Islands,-8.7053941,159.107069385185
1.0,2015.0,0.0,7440.0,0.248,1.175,0.752,0.205,Solomon Islands,-8.7053941,159.107069385185
2.0,2015.0,0.0,6720.0,0.319,1.085,0.752,0.175,Solomon Islands,-8.7053941,159.107069385185
3.0,2015.0,0.0,7440.0,0.351,1.034,0.715,0.159,Solomon Islands,-8.7053941,159.107069385185
4.0,2015.0,0.0,7200.0,0.324,1.057,0.673,0.147,Solomon Islands,-8.7053941,159.107069385185
5.0,2015.0,0.0,7440.0,0.248,1.075,0.684,0.178,Solomon Islands,-8.7053941,159.107069385185
6.0,2015.0,0.0,7200.0,0.217,1.042,0.651,0.199,Solomon Islands,-8.7053941,159.107069385185
7.0,2015.0,0.0,7440.0,0.198,1.024,0.605,0.199,Solomon Islands,-8.7053941,159.107069385185
8.0,2015.0,0.0,7440.0,0.195,0.919,0.588,0.168,Solomon Islands,-8.7053941,159.107069385185
9.0,2015.0,0.0,7200.0,0.288,0.886,0.583,0.137,Solomon Islands,-8.7053941,159.107069385185
10.0,2015.0,0.0,7440.0,0.291,1.007,0.615,0.158,Solomon Islands,-8.7053941,159.107069385185
11.0,2015.0,0.0,7200.0,0.219,1.046,0.632,0.192,Solomon Islands,-8.7053941,159.107069385185
12.0,2015.0,0.0,7440.0,0.173,1.025,0.616,0.212,Solomon Islands,-8.7053941,159.107069385185
1.0,2016.0,0.0,7440.0,0.064,0.902,0.553,0.2,Solomon Islands,-8.7053941,159.107069385185
2.0,2016.0,0.0,6960.0,0.154,0.863,0.554,0.172,Solomon Islands,-8.7053941,159.107069385185
3.0,2016.0,0.0,7440.0,0.135,0.823,0.505,0.138,Solomon Islands,-8.7053941,159.107069385185
4.0,2016.0,0.0,7200.0,0.213,0.851,0.51,0.149,Solomon Islands,-8.7053941,159.107069385185
5.0,2016.0,0.0,7440.0,0.155,0.966,0.595,0.177,Solomon Islands,-8.7053941,159.107069385185
6.0,2016.0,4.0,7196.0,0.156,1.012,0.635,0.194,Solomon Islands,-8.7053941,159.107069385185
7.0,2016.0,0.0,7440.0,0.174,0.95,0.608,0.195,Solomon Islands,-8.7053941,159.107069385185
8.0,2016.0,0.0,7440.0,0.206,0.951,0.631,0.171,Solomon Islands,-8.7053941,159.107069385185
9.0,2016.0,1.0,7199.0,0.312,1.008,0.664,0.136,Solomon Islands,-8.7053941,159.107069385185
10.0,2016.0,63.0,7377.0,0.397,1.124,0.701,0.149,Solomon Islands,-8.7053941,159.107069385185
11.0,2016.0,1.0,7199.0,0.29,1.186,0.751,0.189,Solomon Islands,-8.7053941,159.107069385185
12.0,2016.0,2.0,7438.0,0.244,1.189,0.728,0.217,Solomon Islands,-8.7053941,159.107069385185
1.0,2017.0,0.0,7440.0,0.239,1.184,0.767,0.208,Solomon Islands,-8.7053941,159.107069385185
2.0,2017.0,0.0,6720.0,0.351,1.133,0.797,0.174,Solomon Islands,-8.7053941,159.107069385185
3.0,2017.0,0.0,7440.0,0.525,1.303,0.895,0.151,Solomon Islands,-8.7053941,159.107069385185
4.0,2017.0,0.0,7200.0,0.528,1.261,0.896,0.163,Solomon Islands,-8.7053941,159.107069385185
5.0,2017.0,0.0,7440.0,0.318,1.235,0.8,0.19,Solomon Islands,-8.7053941,159.107069385185
6.0,2017.0,0.0,7200.0,0.212,1.093,0.695,0.201,Solomon Islands,-8.7053941,159.107069385185
7.0,2017.0,1.0,7439.0,0.129,0.981,0.618,0.192,Solomon Islands,-8.7053941,159.107069385185
8.0,2017.0,0.0,7440.0,0.212,0.918,0.621,0.172,Solomon Islands,-8.7053941,159.107069385185
9.0,2017.0,286.0,6914.0,0.271,0.964,0.647,0.153,Solomon Islands,-8.7053941,159.107069385185
10.0,2017.0,1037.0,6403.0,0.347,1.067,0.703,0.16,Solomon Islands,-8.7053941,159.107069385185
1.0,2018.0,4904.0,2536.0,0.335,1.203,0.796,0.216,Solomon Islands,-8.7053941,159.107069385185
2.0,2018.0,319.0,6401.0,0.338,1.22,0.777,0.187,Solomon Islands,-8.7053941,159.107069385185
3.0,2018.0,84.0,7356.0,0.384,1.166,0.787,0.154,Solomon Islands,-8.7053941,159.107069385185
4.0,2018.0,2.0,7198.0,0.495,1.206,0.813,0.157,Solomon Islands,-8.7053941,159.107069385185
5.0,2018.0,3.0,7437.0,0.37,1.246,0.798,0.19,Solomon Islands,-8.7053941,159.107069385185
6.0,2018.0,0.0,7200.0,0.254,1.201,0.756,0.207,Solomon Islands,-8.7053941,159.107069385185
7.0,2018.0,1.0,7439.0,0.234,1.176,0.735,0.207,Solomon Islands,-8.7053941,159.107069385185
8.0,2018.0,0.0,7440.0,0.27,1.095,0.724,0.177,Solomon Islands,-8.7053941,159.107069385185
9.0,2018.0,0.0,7200.0,0.321,1.044,0.736,0.157,Solomon Islands,-8.7053941,159.107069385185
10.0,2018.0,0.0,7440.0,0.376,1.197,0.748,0.17,Solomon Islands,-8.7053941,159.107069385185
11.0,2018.0,0.0,7200.0,0.261,1.2,0.758,0.199,Solomon Islands,-8.7053941,159.107069385185
12.0,2018.0,0.0,7440.0,0.238,1.237,0.773,0.218,Solomon Islands,-8.7053941,159.107069385185
1.0,2019.0,0.0,7440.0,0.177,1.141,0.705,0.223,Solomon Islands,-8.7053941,159.107069385185
2.0,2019.0,0.0,6720.0,0.247,1.095,0.71,0.196,Solomon Islands,-8.7053941,159.107069385185
3.0,2019.0,0.0,7440.0,0.35,1.077,0.728,0.165,Solomon Islands,-8.7053941,159.107069385185
4.0,2019.0,0.0,7200.0,0.387,1.065,0.707,0.162,Solomon Islands,-8.7053941,159.107069385185
5.0,2019.0,0.0,7440.0,0.282,1.151,0.707,0.185,Solomon Islands,-8.7053941,159.107069385185
6.0,2019.0,0.0,7200.0,0.235,1.125,0.673,0.209,Solomon Islands,-8.7053941,159.107069385185
7.0,2019.0,0.0,7440.0,0.202,1.128,0.673,0.215,Solomon Islands,-8.7053941,159.107069385185
8.0,2019.0,0.0,7440.0,0.223,1.034,0.691,0.19,Solomon Islands,-8.7053941,159.107069385185
9.0,2019.0,0.0,7200.0,0.259,1.009,0.679,0.158,Solomon Islands,-8.7053941,159.107069385185
10.0,2019.0,0.0,7440.0,0.351,1.106,0.709,0.169,Solomon Islands,-8.7053941,159.107069385185
11.0,2019.0,0.0,7200.0,0.287,1.163,0.721,0.205,Solomon Islands,-8.7053941,159.107069385185
12.0,2019.0,0.0,7440.0,0.19,1.208,0.72,0.226,Solomon Islands,-8.7053941,159.107069385185
1.0,2020.0,0.0,7440.0,0.155,1.17,0.679,0.223,Solomon Islands,-8.7053941,159.107069385185
2.0,2020.0,0.0,6960.0,0.198,1.061,0.646,0.196,Solomon Islands,-8.7053941,159.107069385185
3.0,2020.0,0.0,7440.0,0.256,1.141,0.677,0.175,Solomon Islands,-8.7053941,159.107069385185
4.0,2020.0,1901.0,5299.0,0.416,1.177,0.765,0.175,Solomon Islands,-8.7053941,159.107069385185
5.0,2020.0,1999.0,5441.0,0.368,1.243,0.807,0.186,Solomon Islands,-8.7053941,159.107069385185
6.0,2020.0,134.0,7066.0,0.268,1.251,0.775,0.217,Solomon Islands,-8.7053941,159.107069385185
7.0,2020.0,2271.0,5169.0,0.228,1.161,0.754,0.236,Solomon Islands,-8.7053941,159.107069385185
8.0,2020.0,0.0,7440.0,0.274,1.143,0.763,0.201,Solomon Islands,-8.7053941,159.107069385185
9.0,2020.0,0.0,7200.0,0.359,1.098,0.758,0.165,Solomon Islands,-8.7053941,159.107069385185
10.0,2020.0,0.0,7440.0,0.436,1.213,0.781,0.172,Solomon Islands,-8.7053941,159.107069385185
11.0,2020.0,0.0,7200.0,0.32,1.24,0.781,0.21,Solomon Islands,-8.7053941,159.107069385185
12.0,2020.0,161.0,7279.0,0.307,1.3,0.83,0.242,Solomon Islands,-8.7053941,159.107069385185
1.0,2021.0,0.0,7440.0,0.393,1.318,0.908,0.237,Solomon Islands,-8.7053941,159.107069385185
2.0,2021.0,0.0,6720.0,0.448,1.264,0.921,0.202,Solomon Islands,-8.7053941,159.107069385185
3.0,2021.0,1085.0,6355.0,0.499,1.287,0.914,0.174,Solomon Islands,-8.7053941,159.107069385185
4.0,2021.0,0.0,7200.0,0.435,1.332,0.904,0.185,Solomon Islands,-8.7053941,159.107069385185
5.0,2021.0,0.0,7440.0,0.261,1.255,0.821,0.214,Solomon Islands,-8.7053941,159.107069385185
6.0,2021.0,0.0,7200.0,0.211,1.205,0.78,0.224,Solomon Islands,-8.7053941,159.107069385185
7.0,2021.0,0.0,7440.0,0.228,1.185,0.764,0.218,Solomon Islands,-8.7053941,159.107069385185
8.0,2021.0,0.0,7440.0,0.259,1.09,0.748,0.198,Solomon Islands,-8.7053941,159.107069385185
9.0,2021.0,543.0,6657.0,0.355,1.138,0.783,0.182,Solomon Islands,-8.7053941,159.107069385185
10.0,2021.0,1592.0,5848.0,0.446,1.255,0.812,0.185,Solomon Islands,-8.7053941,159.107069385185
11.0,2021.0,3833.0,3367.0,0.616,1.34,1.001,0.172,Solomon Islands,-8.7053941,159.107069385185
12.0,2021.0,3721.0,3719.0,0.403,1.401,1.004,0.21,Solomon Islands,-8.7053941,159.107069385185
1.0,2022.0,603.0,6837.0,0.279,1.353,0.872,0.242,Solomon Islands,-8.7053941,159.107069385185
2.0,2022.0,1748.0,4972.0,0.343,1.309,0.918,0.218,Solomon Islands,-8.7053941,159.107069385185
3.0,2022.0,336.0,7104.0,0.456,1.352,0.955,0.188,Solomon Islands,-8.7053941,159.107069385185
4.0,2022.0,36.0,7164.0,0.602,1.377,0.967,0.184,Solomon Islands,-8.7053941,159.107069385185
5.0,2022.0,210.0,7230.0,0.434,1.367,0.896,0.216,Solomon Islands,-8.7053941,159.107069385185
6.0,2022.0,0.0,7200.0,0.316,1.282,0.841,0.235,Solomon Islands,-8.7053941,159.107069385185
7.0,2022.0,0.0,7440.0,0.339,1.272,0.858,0.231,Solomon Islands,-8.7053941,159.107069385185
8.0,2022.0,83.0,7357.0,0.325,1.226,0.861,0.204,Solomon Islands,-8.7053941,159.107069385185
9.0,2022.0,0.0,7200.0,0.41,1.281,0.861,0.187,Solomon Islands,-8.7053941,159.107069385185
10.0,2022.0,126.0,7314.0,0.499,1.324,0.896,0.2,Solomon Islands,-8.7053941,159.107069385185
11.0,2022.0,381.0,6819.0,0.392,1.397,0.882,0.234,Solomon Islands,-8.7053941,159.107069385185
12.0,2022.0,935.0,6505.0,0.354,1.407,0.974,0.236,Solomon Islands,-8.7053941,159.107069385185
1.0,2023.0,1169.0,6271.0,0.39,1.398,0.983,0.234,Solomon Islands,-8.7053941,159.107069385185
2.0,2023.0,4.0,6716.0,0.443,1.346,0.97,0.222,Solomon Islands,-8.7053941,159.107069385185
3.0,2023.0,15.0,7425.0,0.518,1.369,0.933,0.193,Solomon Islands,-8.7053941,159.107069385185
4.0,2023.0,101.0,7099.0,0.495,1.325,0.916,0.195,Solomon Islands,-8.7053941,159.107069385185
5.0,2023.0,2103.0,5337.0,0.376,1.287,0.853,0.2,Solomon Islands,-8.7053941,159.107069385185
6.0,2023.0,6.0,7194.0,0.271,1.266,0.773,0.237,Solomon Islands,-8.7053941,159.107069385185
7.0,2023.0,73.0,7367.0,0.122,1.111,0.686,0.242,Solomon Islands,-8.7053941,159.107069385185
8.0,2023.0,280.0,7160.0,0.112,1.056,0.621,0.218,Solomon Islands,-8.7053941,159.107069385185
9.0,2023.0,316.0,6884.0,0.268,1.044,0.672,0.179,Solomon Islands,-8.7053941,159.107069385185
10.0,2023.0,2748.0,4692.0,0.315,1.135,0.705,0.179,Solomon Islands,-8.7053941,159.107069385185
11.0,2023.0,694.0,6506.0,0.117,1.153,0.657,0.238,Solomon Islands,-8.7053941,159.107069385185
3.0,2024.0,1954.0,5486.0,0.249,1.193,0.756,0.197,Solomon Islands,-8.7053941,159.107069385185
4.0,2024.0,753.0,6447.0,0.446,1.309,0.831,0.203,Solomon Islands,-8.7053941,159.107069385185
5.0,2024.0,153.0,7287.0,0.226,1.243,0.765,0.22,Solomon Islands,-8.7053941,159.107069385185
6.0,2024.0,3002.0,4198.0,0.206,1.192,0.755,0.213,Solomon Islands,-8.7053941,159.107069385185
7.0,2024.0,65.0,7375.0,0.182,1.115,0.69,0.232,Solomon Islands,-8.7053941,159.107069385185
8.0,2024.0,0.0,7440.0,0.18,1.067,0.673,0.212,Solomon Islands,-8.7053941,159.107069385185
9.0,2024.0,0.0,7200.0,0.232,1.096,0.681,0.182,Solomon Islands,-8.7053941,159.107069385185
10.0,2024.0,1.0,7439.0,0.306,1.199,0.711,0.189,Solomon Islands,-8.7053941,159.107069385185
11.0,2024.0,0.0,7200.0,0.234,1.299,0.759,0.234,Solomon Islands,-8.7053941,159.107069385185
12.0,2024.0,0.0,7440.0,0.248,1.34,0.818,0.262,Solomon Islands,-8.7053941,159.107069385185
,,,,0.709,,,,Solomon Islands,-8.7053941,159.107069385185
,,,,1.407,,,424.0,Solomon Islands,-8.7053941,159.107069385185
,,,,-0.068,,,136.0,Solomon Islands,-8.7053941,159.107069385185
,,,,,,0.2269,,Solomon Islands,-8.7053941,159.107069385185
12.0,2001.0,3875.0,3565.0,0.033,1.417,0.597,0.283,Federated States of Micronesia,8.6062347,151.832744331612
1.0,2002.0,0.0,7440.0,0.025,1.541,0.717,0.291,Federated States of Micronesia,8.6062347,151.832744331612
2.0,2002.0,0.0,6720.0,0.066,1.54,0.736,0.272,Federated States of Micronesia,8.6062347,151.832744331612
3.0,2002.0,0.0,7440.0,0.099,1.463,0.724,0.304,Federated States of Micronesia,8.6062347,151.832744331612
4.0,2002.0,0.0,7200.0,0.161,1.466,0.744,0.282,Federated States of Micronesia,8.6062347,151.832744331612
5.0,2002.0,0.0,7440.0,0.107,1.378,0.68,0.274,Federated States of Micronesia,8.6062347,151.832744331612
6.0,2002.0,0.0,7200.0,0.146,1.389,0.68,0.262,Federated States of Micronesia,8.6062347,151.832744331612
7.0,2002.0,0.0,7440.0,0.111,1.337,0.654,0.259,Federated States of Micronesia,8.6062347,151.832744331612
8.0,2002.0,0.0,7440.0,0.06,1.413,0.642,0.278,Federated States of Micronesia,8.6062347,151.832744331612
9.0,2002.0,0.0,7200.0,-0.05,1.393,0.591,0.298,Federated States of Micronesia,8.6062347,151.832744331612
10.0,2002.0,0.0,7440.0,-0.031,1.301,0.553,0.281,Federated States of Micronesia,8.6062347,151.832744331612
11.0,2002.0,0.0,7200.0,0.029,1.32,0.605,0.275,Federated States of Micronesia,8.6062347,151.832744331612
12.0,2002.0,0.0,7440.0,0.013,1.446,0.568,0.285,Federated States of Micronesia,8.6062347,151.832744331612
1.0,2003.0,0.0,7440.0,0.044,1.364,0.626,0.288,Federated States of Micronesia,8.6062347,151.832744331612
2.0,2003.0,0.0,6720.0,0.107,1.511,0.718,0.3,Federated States of Micronesia,8.6062347,151.832744331612
3.0,2003.0,0.0,7440.0,0.203,1.502,0.809,0.296,Federated States of Micronesia,8.6062347,151.832744331612
4.0,2003.0,0.0,7200.0,0.247,1.494,0.821,0.281,Federated States of Micronesia,8.6062347,151.832744331612
5.0,2003.0,0.0,7440.0,0.259,1.536,0.783,0.269,Federated States of Micronesia,8.6062347,151.832744331612
6.0,2003.0,0.0,7200.0,0.158,1.449,0.719,0.267,Federated States of Micronesia,8.6062347,151.832744331612
7.0,2003.0,0.0,7440.0,0.141,1.448,0.712,0.276,Federated States of Micronesia,8.6062347,151.832744331612
8.0,2003.0,0.0,7440.0,0.131,1.398,0.71,0.272,Federated States of Micronesia,8.6062347,151.832744331612
9.0,2003.0,0.0,7200.0,0.127,1.372,0.705,0.285,Federated States of Micronesia,8.6062347,151.832744331612
10.0,2003.0,0.0,7440.0,0.088,1.475,0.661,0.287,Federated States of Micronesia,8.6062347,151.832744331612
11.0,2003.0,0.0,7200.0,0.041,1.473,0.643,0.298,Federated States of Micronesia,8.6062347,151.832744331612
12.0,2003.0,0.0,7440.0,0.022,1.483,0.634,0.292,Federated States of Micronesia,8.6062347,151.832744331612
1.0,2004.0,0.0,7440.0,0.056,1.399,0.634,0.29,Federated States of Micronesia,8.6062347,151.832744331612
2.0,2004.0,0.0,6960.0,0.149,1.543,0.769,0.299,Federated States of Micronesia,8.6062347,151.832744331612
3.0,2004.0,0.0,7440.0,0.211,1.462,0.803,0.284,Federated States of Micronesia,8.6062347,151.832744331612
4.0,2004.0,0.0,7200.0,0.178,1.435,0.756,0.292,Federated States of Micronesia,8.6062347,151.832744331612
5.0,2004.0,0.0,7440.0,0.249,1.602,0.775,0.279,Federated States of Micronesia,8.6062347,151.832744331612
6.0,2004.0,0.0,7200.0,0.207,1.531,0.75,0.28,Federated States of Micronesia,8.6062347,151.832744331612
7.0,2004.0,0.0,7440.0,0.134,1.465,0.712,0.261,Federated States of Micronesia,8.6062347,151.832744331612
8.0,2004.0,0.0,7440.0,0.1,1.46,0.699,0.286,Federated States of Micronesia,8.6062347,151.832744331612
9.0,2004.0,0.0,7200.0,0.107,1.337,0.704,0.287,Federated States of Micronesia,8.6062347,151.832744331612
10.0,2004.0,0.0,7440.0,0.155,1.52,0.726,0.302,Federated States of Micronesia,8.6062347,151.832744331612
11.0,2004.0,0.0,7200.0,0.128,1.638,0.734,0.3,Federated States of Micronesia,8.6062347,151.832744331612
12.0,2004.0,0.0,7440.0,0.064,1.47,0.673,0.284,Federated States of Micronesia,8.6062347,151.832744331612
1.0,2005.0,0.0,7440.0,0.072,1.56,0.71,0.3,Federated States of Micronesia,8.6062347,151.832744331612
2.0,2005.0,150.0,6570.0,0.027,1.518,0.699,0.312,Federated States of Micronesia,8.6062347,151.832744331612
3.0,2005.0,0.0,7440.0,0.088,1.42,0.716,0.301,Federated States of Micronesia,8.6062347,151.832744331612
4.0,2005.0,353.0,6847.0,0.236,1.471,0.779,0.286,Federated States of Micronesia,8.6062347,151.832744331612
5.0,2005.0,0.0,7440.0,0.237,1.503,0.771,0.27,Federated States of Micronesia,8.6062347,151.832744331612
6.0,2005.0,0.0,7200.0,0.164,1.579,0.785,0.273,Federated States of Micronesia,8.6062347,151.832744331612
7.0,2005.0,0.0,7440.0,0.155,1.575,0.755,0.279,Federated States of Micronesia,8.6062347,151.832744331612
8.0,2005.0,0.0,7440.0,0.089,1.446,0.695,0.278,Federated States of Micronesia,8.6062347,151.832744331612
9.0,2005.0,0.0,7200.0,0.118,1.408,0.704,0.29,Federated States of Micronesia,8.6062347,151.832744331612
10.0,2005.0,0.0,7440.0,0.163,1.5,0.741,0.298,Federated States of Micronesia,8.6062347,151.832744331612
11.0,2005.0,0.0,7200.0,0.224,1.553,0.734,0.283,Federated States of Micronesia,8.6062347,151.832744331612
12.0,2005.0,0.0,7440.0,0.133,1.548,0.714,0.283,Federated States of Micronesia,8.6062347,151.832744331612
1.0,2006.0,0.0,7440.0,0.101,1.604,0.78,0.3,Federated States of Micronesia,8.6062347,151.832744331612
2.0,2006.0,0.0,6720.0,0.22,1.661,0.82,0.29,Federated States of Micronesia,8.6062347,151.832744331612
3.0,2006.0,0.0,7440.0,0.225,1.65,0.831,0.307,Federated States of Micronesia,8.6062347,151.832744331612
4.0,2006.0,0.0,7200.0,0.233,1.541,0.838,0.291,Federated States of Micronesia,8.6062347,151.832744331612
5.0,2006.0,0.0,7440.0,0.213,1.509,0.761,0.278,Federated States of Micronesia,8.6062347,151.832744331612
6.0,2006.0,0.0,7200.0,0.17,1.406,0.709,0.266,Federated States of Micronesia,8.6062347,151.832744331612
7.0,2006.0,0.0,7440.0,0.093,1.395,0.664,0.265,Federated States of Micronesia,8.6062347,151.832744331612
8.0,2006.0,270.0,7170.0,0.035,1.441,0.644,0.28,Federated States of Micronesia,8.6062347,151.832744331612
9.0,2006.0,0.0,7200.0,0.06,1.366,0.674,0.291,Federated States of Micronesia,8.6062347,151.832744331612
10.0,2006.0,0.0,7440.0,0.105,1.407,0.66,0.288,Federated States of Micronesia,8.6062347,151.832744331612
11.0,2006.0,0.0,7200.0,0.113,1.444,0.677,0.294,Federated States of Micronesia,8.6062347,151.832744331612
12.0,2006.0,0.0,7440.0,0.079,1.506,0.662,0.294,Federated States of Micronesia,8.6062347,151.832744331612
1.0,2007.0,0.0,7440.0,0.108,1.486,0.705,0.296,Federated States of Micronesia,8.6062347,151.832744331612
2.0,2007.0,0.0,6720.0,0.122,1.499,0.737,0.291,Federated States of Micronesia,8.6062347,151.832744331612
3.0,2007.0,0.0,7440.0,0.215,1.575,0.843,0.297,Federated States of Micronesia,8.6062347,151.832744331612
4.0,2007.0,0.0,7200.0,0.245,1.6,0.831,0.286,Federated States of Micronesia,8.6062347,151.832744331612
5.0,2007.0,0.0,7440.0,0.339,1.63,0.885,0.276,Federated States of Micronesia,8.6062347,151.832744331612
6.0,2007.0,0.0,7200.0,0.272,1.659,0.824,0.287,Federated States of Micronesia,8.6062347,151.832744331612
7.0,2007.0,0.0,7440.0,0.198,1.537,0.809,0.287,Federated States of Micronesia,8.6062347,151.832744331612
8.0,2007.0,0.0,7440.0,0.175,1.516,0.799,0.297,Federated States of Micronesia,8.6062347,151.832744331612
9.0,2007.0,0.0,7200.0,0.216,1.566,0.795,0.292,Federated States of Micronesia,8.6062347,151.832744331612
10.0,2007.0,0.0,7440.0,0.312,1.765,0.853,0.304,Federated States of Micronesia,8.6062347,151.832744331612
11.0,2007.0,0.0,7200.0,0.311,1.73,0.922,0.294,Federated States of Micronesia,8.6062347,151.832744331612
12.0,2007.0,0.0,7440.0,0.231,1.683,0.851,0.279,Federated States of Micronesia,8.6062347,151.832744331612
1.0,2008.0,0.0,7440.0,0.231,1.574,0.842,0.289,Federated States of Micronesia,8.6062347,151.832744331612
2.0,2008.0,0.0,6960.0,0.237,1.53,0.824,0.291,Federated States of Micronesia,8.6062347,151.832744331612
3.0,2008.0,0.0,7440.0,0.268,1.47,0.826,0.286,Federated States of Micronesia,8.6062347,151.832744331612
4.0,2008.0,0.0,7200.0,0.2,1.615,0.807,0.289,Federated States of Micronesia,8.6062347,151.832744331612
5.0,2008.0,0.0,7440.0,0.201,1.688,0.827,0.286,Federated States of Micronesia,8.6062347,151.832744331612
6.0,2008.0,0.0,7200.0,0.278,1.592,0.796,0.272,Federated States of Micronesia,8.6062347,151.832744331612
7.0,2008.0,0.0,7440.0,0.187,1.525,0.786,0.269,Federated States of Micronesia,8.6062347,151.832744331612
8.0,2008.0,0.0,7440.0,0.185,1.515,0.767,0.286,Federated States of Micronesia,8.6062347,151.832744331612
9.0,2008.0,0.0,7200.0,0.194,1.374,0.752,0.287,Federated States of Micronesia,8.6062347,151.832744331612
10.0,2008.0,0.0,7440.0,0.188,1.49,0.75,0.294,Federated States of Micronesia,8.6062347,151.832744331612
11.0,2008.0,0.0,7200.0,0.211,1.571,0.79,0.283,Federated States of Micronesia,8.6062347,151.832744331612
12.0,2008.0,0.0,7440.0,0.224,1.682,0.844,0.292,Federated States of Micronesia,8.6062347,151.832744331612
1.0,2009.0,0.0,7440.0,0.24,1.651,0.83,0.296,Federated States of Micronesia,8.6062347,151.832744331612
2.0,2009.0,0.0,6720.0,0.242,1.606,0.835,0.298,Federated States of Micronesia,8.6062347,151.832744331612
3.0,2009.0,0.0,7440.0,0.27,1.524,0.83,0.291,Federated States of Micronesia,8.6062347,151.832744331612
4.0,2009.0,0.0,7200.0,0.268,1.615,0.835,0.276,Federated States of Micronesia,8.6062347,151.832744331612
5.0,2009.0,0.0,7440.0,0.179,1.522,0.78,0.275,Federated States of Micronesia,8.6062347,151.832744331612
6.0,2009.0,0.0,7200.0,0.19,1.584,0.762,0.275,Federated States of Micronesia,8.6062347,151.832744331612
7.0,2009.0,0.0,7440.0,0.184,1.537,0.772,0.275,Federated States of Micronesia,8.6062347,151.832744331612
8.0,2009.0,0.0,7440.0,0.132,1.48,0.735,0.276,Federated States of Micronesia,8.6062347,151.832744331612
9.0,2009.0,0.0,7200.0,0.169,1.388,0.742,0.283,Federated States of Micronesia,8.6062347,151.832744331612
10.0,2009.0,0.0,7440.0,0.15,1.354,0.686,0.267,Federated States of Micronesia,8.6062347,151.832744331612
11.0,2009.0,0.0,7200.0,0.08,1.46,0.7,0.297,Federated States of Micronesia,8.6062347,151.832744331612
12.0,2009.0,0.0,7440.0,0.068,1.489,0.636,0.305,Federated States of Micronesia,8.6062347,151.832744331612
1.0,2010.0,0.0,7440.0,-0.036,1.606,0.695,0.312,Federated States of Micronesia,8.6062347,151.832744331612
2.0,2010.0,0.0,6720.0,-0.035,1.526,0.668,0.306,Federated States of Micronesia,8.6062347,151.832744331612
3.0,2010.0,422.0,7018.0,0.182,1.523,0.79,0.304,Federated States of Micronesia,8.6062347,151.832744331612
4.0,2010.0,0.0,7200.0,0.332,1.588,0.874,0.28,Federated States of Micronesia,8.6062347,151.832744331612
5.0,2010.0,0.0,7440.0,0.305,1.586,0.859,0.275,Federated States of Micronesia,8.6062347,151.832744331612
6.0,2010.0,0.0,7200.0,0.245,1.557,0.819,0.267,Federated States of Micronesia,8.6062347,151.832744331612
7.0,2010.0,241.0,7199.0,0.18,1.486,0.777,0.27,Federated States of Micronesia,8.6062347,151.832744331612
8.0,2010.0,0.0,7440.0,0.133,1.48,0.764,0.277,Federated States of Micronesia,8.6062347,151.832744331612
9.0,2010.0,112.0,7088.0,0.288,1.563,0.886,0.292,Federated States of Micronesia,8.6062347,151.832744331612
10.0,2010.0,0.0,7440.0,0.361,1.651,0.927,0.281,Federated States of Micronesia,8.6062347,151.832744331612
11.0,2010.0,0.0,7200.0,0.29,1.679,0.863,0.28,Federated States of Micronesia,8.6062347,151.832744331612
12.0,2010.0,0.0,7440.0,0.3,1.642,0.864,0.28,Federated States of Micronesia,8.6062347,151.832744331612
1.0,2011.0,0.0,7440.0,0.272,1.723,0.878,0.288,Federated States of Micronesia,8.6062347,151.832744331612
2.0,2011.0,0.0,6720.0,0.18,1.576,0.838,0.299,Federated States of Micronesia,8.6062347,151.832744331612
3.0,2011.0,0.0,7440.0,0.266,1.598,0.859,0.285,Federated States of Micronesia,8.6062347,151.832744331612
4.0,2011.0,0.0,7200.0,0.228,1.65,0.838,0.287,Federated States of Micronesia,8.6062347,151.832744331612
5.0,2011.0,0.0,7440.0,0.283,1.599,0.851,0.278,Federated States of Micronesia,8.6062347,151.832744331612
6.0,2011.0,0.0,7200.0,0.247,1.562,0.839,0.286,Federated States of Micronesia,8.6062347,151.832744331612
7.0,2011.0,0.0,7440.0,0.223,1.592,0.835,0.29,Federated States of Micronesia,8.6062347,151.832744331612
8.0,2011.0,0.0,7440.0,0.224,1.504,0.815,0.29,Federated States of Micronesia,8.6062347,151.832744331612
9.0,2011.0,0.0,7200.0,0.269,1.518,0.821,0.289,Federated States of Micronesia,8.6062347,151.832744331612
10.0,2011.0,0.0,7440.0,0.335,1.684,0.875,0.286,Federated States of Micronesia,8.6062347,151.832744331612
11.0,2011.0,0.0,7200.0,0.293,1.678,0.861,0.282,Federated States of Micronesia,8.6062347,151.832744331612
12.0,2011.0,240.0,7200.0,0.268,1.657,0.857,0.278,Federated States of Micronesia,8.6062347,151.832744331612
1.0,2012.0,0.0,7440.0,0.264,1.626,0.861,0.292,Federated States of Micronesia,8.6062347,151.832744331612
2.0,2012.0,3090.0,3870.0,0.264,1.533,0.867,0.281,Federated States of Micronesia,8.6062347,151.832744331612
3.0,2012.0,4303.0,3137.0,0.377,1.508,0.919,0.279,Federated States of Micronesia,8.6062347,151.832744331612
4.0,2012.0,0.0,7200.0,0.299,1.68,0.897,0.277,Federated States of Micronesia,8.6062347,151.832744331612
5.0,2012.0,0.0,7440.0,0.251,1.602,0.871,0.267,Federated States of Micronesia,8.6062347,151.832744331612
6.0,2012.0,0.0,7200.0,0.287,1.713,0.886,0.284,Federated States of Micronesia,8.6062347,151.832744331612
7.0,2012.0,0.0,7440.0,0.313,1.644,0.878,0.285,Federated States of Micronesia,8.6062347,151.832744331612
8.0,2012.0,0.0,7440.0,0.216,1.517,0.819,0.284,Federated States of Micronesia,8.6062347,151.832744331612
9.0,2012.0,5760.0,1440.0,0.291,1.373,0.818,0.292,Federated States of Micronesia,8.6062347,151.832744331612
12.0,2012.0,740.0,6700.0,0.143,1.649,0.765,0.29,Federated States of Micronesia,8.6062347,151.832744331612
1.0,2013.0,0.0,7440.0,0.132,1.594,0.795,0.294,Federated States of Micronesia,8.6062347,151.832744331612
2.0,2013.0,0.0,6720.0,0.206,1.563,0.854,0.292,Federated States of Micronesia,8.6062347,151.832744331612
3.0,2013.0,0.0,7440.0,0.264,1.463,0.85,0.28,Federated States of Micronesia,8.6062347,151.832744331612
4.0,2013.0,1008.0,6192.0,0.345,1.695,0.836,0.259,Federated States of Micronesia,8.6062347,151.832744331612
5.0,2013.0,0.0,7440.0,0.254,1.609,0.849,0.269,Federated States of Micronesia,8.6062347,151.832744331612
6.0,2013.0,0.0,7200.0,0.181,1.617,0.822,0.284,Federated States of Micronesia,8.6062347,151.832744331612
7.0,2013.0,0.0,7440.0,0.163,1.599,0.796,0.273,Federated States of Micronesia,8.6062347,151.832744331612
8.0,2013.0,0.0,7440.0,0.188,1.499,0.77,0.266,Federated States of Micronesia,8.6062347,151.832744331612
9.0,2013.0,0.0,7200.0,0.226,1.459,0.828,0.28,Federated States of Micronesia,8.6062347,151.832744331612
10.0,2013.0,0.0,7440.0,0.291,1.59,0.851,0.285,Federated States of Micronesia,8.6062347,151.832744331612
11.0,2013.0,0.0,7200.0,0.279,1.646,0.871,0.285,Federated States of Micronesia,8.6062347,151.832744331612
12.0,2013.0,0.0,7440.0,0.211,1.621,0.803,0.295,Federated States of Micronesia,8.6062347,151.832744331612
1.0,2014.0,0.0,7440.0,0.224,1.641,0.838,0.294,Federated States of Micronesia,8.6062347,151.832744331612
2.0,2014.0,0.0,6720.0,0.255,1.622,0.876,0.277,Federated States of Micronesia,8.6062347,151.832744331612
3.0,2014.0,0.0,7440.0,0.244,1.555,0.826,0.297,Federated States of Micronesia,8.6062347,151.832744331612
4.0,2014.0,0.0,7200.0,0.192,1.471,0.765,0.286,Federated States of Micronesia,8.6062347,151.832744331612
5.0,2014.0,0.0,7440.0,0.161,1.451,0.713,0.273,Federated States of Micronesia,8.6062347,151.832744331612
6.0,2014.0,0.0,7200.0,0.134,1.467,0.716,0.264,Federated States of Micronesia,8.6062347,151.832744331612
7.0,2014.0,767.0,6673.0,0.126,1.481,0.713,0.255,Federated States of Micronesia,8.6062347,151.832744331612
8.0,2014.0,0.0,7440.0,0.061,1.385,0.671,0.278,Federated States of Micronesia,8.6062347,151.832744331612
9.0,2014.0,1222.0,5978.0,0.059,1.367,0.687,0.288,Federated States of Micronesia,8.6062347,151.832744331612
10.0,2014.0,1983.0,5457.0,0.061,1.468,0.68,0.297,Federated States of Micronesia,8.6062347,151.832744331612
11.0,2014.0,1745.0,5455.0,0.07,1.56,0.674,0.301,Federated States of Micronesia,8.6062347,151.832744331612
5.0,2015.0,5821.0,1619.0,0.221,1.127,0.6,0.182,Federated States of Micronesia,8.6062347,151.832744331612
6.0,2015.0,0.0,7200.0,0.076,1.328,0.631,0.272,Federated States of Micronesia,8.6062347,151.832744331612
7.0,2015.0,0.0,7440.0,-0.005,1.33,0.582,0.279,Federated States of Micronesia,8.6062347,151.832744331612
8.0,2015.0,0.0,7440.0,-0.051,1.308,0.585,0.275,Federated States of Micronesia,8.6062347,151.832744331612
9.0,2015.0,0.0,7200.0,0.038,1.274,0.61,0.269,Federated States of Micronesia,8.6062347,151.832744331612
10.0,2015.0,0.0,7440.0,-0.001,1.372,0.601,0.291,Federated States of Micronesia,8.6062347,151.832744331612
11.0,2015.0,0.0,7200.0,-0.015,1.323,0.599,0.285,Federated States of Micronesia,8.6062347,151.832744331612
12.0,2015.0,0.0,7440.0,-0.026,1.301,0.545,0.283,Federated States of Micronesia,8.6062347,151.832744331612
1.0,2016.0,0.0,7440.0,-0.091,1.278,0.541,0.264,Federated States of Micronesia,8.6062347,151.832744331612
2.0,2016.0,0.0,6960.0,0.072,1.379,0.657,0.284,Federated States of Micronesia,8.6062347,151.832744331612
3.0,2016.0,0.0,7440.0,0.152,1.544,0.797,0.302,Federated States of Micronesia,8.6062347,151.832744331612
4.0,2016.0,0.0,7200.0,0.245,1.605,0.852,0.275,Federated States of Micronesia,8.6062347,151.832744331612
5.0,2016.0,0.0,7440.0,0.364,1.615,0.865,0.259,Federated States of Micronesia,8.6062347,151.832744331612
6.0,2016.0,0.0,7200.0,0.275,1.584,0.821,0.264,Federated States of Micronesia,8.6062347,151.832744331612
7.0,2016.0,0.0,7440.0,0.246,1.525,0.82,0.268,Federated States of Micronesia,8.6062347,151.832744331612
8.0,2016.0,0.0,7440.0,0.261,1.548,0.826,0.281,Federated States of Micronesia,8.6062347,151.832744331612
9.0,2016.0,0.0,7200.0,0.228,1.511,0.837,0.278,Federated States of Micronesia,8.6062347,151.832744331612
10.0,2016.0,0.0,7440.0,0.366,1.646,0.933,0.279,Federated States of Micronesia,8.6062347,151.832744331612
11.0,2016.0,0.0,7200.0,0.391,1.724,0.937,0.271,Federated States of Micronesia,8.6062347,151.832744331612
12.0,2016.0,0.0,7440.0,0.214,1.573,0.813,0.274,Federated States of Micronesia,8.6062347,151.832744331612
1.0,2017.0,0.0,7440.0,0.137,1.555,0.759,0.287,Federated States of Micronesia,8.6062347,151.832744331612
2.0,2017.0,0.0,6720.0,0.244,1.5,0.808,0.27,Federated States of Micronesia,8.6062347,151.832744331612
3.0,2017.0,0.0,7440.0,0.286,1.534,0.876,0.294,Federated States of Micronesia,8.6062347,151.832744331612
4.0,2017.0,0.0,7200.0,0.321,1.552,0.866,0.275,Federated States of Micronesia,8.6062347,151.832744331612
5.0,2017.0,0.0,7440.0,0.245,1.599,0.839,0.277,Federated States of Micronesia,8.6062347,151.832744331612
6.0,2017.0,0.0,7200.0,0.224,1.596,0.815,0.283,Federated States of Micronesia,8.6062347,151.832744331612
7.0,2017.0,0.0,7440.0,0.151,1.499,0.766,0.268,Federated States of Micronesia,8.6062347,151.832744331612
8.0,2017.0,397.0,7043.0,0.183,1.521,0.795,0.285,Federated States of Micronesia,8.6062347,151.832744331612
9.0,2017.0,889.0,6311.0,0.238,1.441,0.815,0.294,Federated States of Micronesia,8.6062347,151.832744331612
10.0,2017.0,0.0,7440.0,0.303,1.544,0.933,0.28,Federated States of Micronesia,8.6062347,151.832744331612
11.0,2017.0,0.0,7200.0,0.428,1.795,0.978,0.295,Federated States of Micronesia,8.6062347,151.832744331612
12.0,2017.0,0.0,7440.0,0.271,1.635,0.827,0.275,Federated States of Micronesia,8.6062347,151.832744331612
1.0,2018.0,0.0,7440.0,0.272,1.696,0.885,0.29,Federated States of Micronesia,8.6062347,151.832744331612
2.0,2018.0,0.0,6720.0,0.278,1.718,0.883,0.276,Federated States of Micronesia,8.6062347,151.832744331612
3.0,2018.0,0.0,7440.0,0.301,1.603,0.9,0.295,Federated States of Micronesia,8.6062347,151.832744331612
4.0,2018.0,0.0,7200.0,0.295,1.575,0.875,0.293,Federated States of Micronesia,8.6062347,151.832744331612
5.0,2018.0,0.0,7440.0,0.158,1.451,0.719,0.272,Federated States of Micronesia,8.6062347,151.832744331612
6.0,2018.0,0.0,7200.0,0.138,1.457,0.693,0.265,Federated States of Micronesia,8.6062347,151.832744331612
7.0,2018.0,0.0,7440.0,0.167,1.556,0.731,0.282,Federated States of Micronesia,8.6062347,151.832744331612
8.0,2018.0,0.0,7440.0,0.114,1.432,0.677,0.279,Federated States of Micronesia,8.6062347,151.832744331612
9.0,2018.0,0.0,7200.0,0.095,1.349,0.698,0.278,Federated States of Micronesia,8.6062347,151.832744331612
10.0,2018.0,0.0,7440.0,0.204,1.497,0.779,0.289,Federated States of Micronesia,8.6062347,151.832744331612
11.0,2018.0,0.0,7200.0,0.147,1.458,0.738,0.28,Federated States of Micronesia,8.6062347,151.832744331612
12.0,2018.0,0.0,7440.0,0.114,1.463,0.698,0.28,Federated States of Micronesia,8.6062347,151.832744331612
1.0,2019.0,0.0,7440.0,0.061,1.538,0.68,0.28,Federated States of Micronesia,8.6062347,151.832744331612
2.0,2019.0,0.0,6720.0,0.099,1.564,0.789,0.295,Federated States of Micronesia,8.6062347,151.832744331612
3.0,2019.0,0.0,7440.0,0.141,1.391,0.73,0.281,Federated States of Micronesia,8.6062347,151.832744331612
4.0,2019.0,0.0,7200.0,0.236,1.488,0.836,0.278,Federated States of Micronesia,8.6062347,151.832744331612
5.0,2019.0,0.0,7440.0,0.304,1.552,0.847,0.278,Federated States of Micronesia,8.6062347,151.832744331612
6.0,2019.0,0.0,7200.0,0.317,1.535,0.845,0.274,Federated States of Micronesia,8.6062347,151.832744331612
7.0,2019.0,0.0,7440.0,0.246,1.64,0.835,0.282,Federated States of Micronesia,8.6062347,151.832744331612
8.0,2019.0,0.0,7440.0,0.188,1.618,0.804,0.288,Federated States of Micronesia,8.6062347,151.832744331612
9.0,2019.0,0.0,7200.0,0.208,1.445,0.811,0.277,Federated States of Micronesia,8.6062347,151.832744331612
10.0,2019.0,0.0,7440.0,0.256,1.57,0.85,0.285,Federated States of Micronesia,8.6062347,151.832744331612
11.0,2019.0,0.0,7200.0,0.258,1.541,0.819,0.283,Federated States of Micronesia,8.6062347,151.832744331612
12.0,2019.0,0.0,7440.0,0.166,1.429,0.707,0.277,Federated States of Micronesia,8.6062347,151.832744331612
1.0,2020.0,0.0,7440.0,0.175,1.597,0.75,0.296,Federated States of Micronesia,8.6062347,151.832744331612
2.0,2020.0,0.0,6960.0,0.19,1.605,0.811,0.292,Federated States of Micronesia,8.6062347,151.832744331612
3.0,2020.0,0.0,7440.0,0.17,1.507,0.79,0.28,Federated States of Micronesia,8.6062347,151.832744331612
4.0,2020.0,0.0,7200.0,0.272,1.466,0.814,0.268,Federated States of Micronesia,8.6062347,151.832744331612
5.0,2020.0,0.0,7440.0,0.264,1.566,0.837,0.271,Federated States of Micronesia,8.6062347,151.832744331612
6.0,2020.0,0.0,7200.0,0.257,1.564,0.832,0.277,Federated States of Micronesia,8.6062347,151.832744331612
7.0,2020.0,0.0,7440.0,0.24,1.522,0.809,0.276,Federated States of Micronesia,8.6062347,151.832744331612
8.0,2020.0,0.0,7440.0,0.247,1.577,0.849,0.275,Federated States of Micronesia,8.6062347,151.832744331612
9.0,2020.0,0.0,7200.0,0.289,1.574,0.872,0.276,Federated States of Micronesia,8.6062347,151.832744331612
10.0,2020.0,0.0,7440.0,0.331,1.652,0.939,0.283,Federated States of Micronesia,8.6062347,151.832744331612
11.0,2020.0,0.0,7200.0,0.384,1.742,0.943,0.282,Federated States of Micronesia,8.6062347,151.832744331612
12.0,2020.0,0.0,7440.0,0.337,1.71,0.886,0.284,Federated States of Micronesia,8.6062347,151.832744331612
1.0,2021.0,3609.0,3831.0,0.418,1.759,0.992,0.297,Federated States of Micronesia,8.6062347,151.832744331612
2.0,2021.0,3415.0,3305.0,0.267,1.58,0.859,0.274,Federated States of Micronesia,8.6062347,151.832744331612
3.0,2021.0,2656.0,4784.0,0.215,1.532,0.83,0.299,Federated States of Micronesia,8.6062347,151.832744331612
4.0,2021.0,1265.0,5935.0,0.348,1.605,0.855,0.267,Federated States of Micronesia,8.6062347,151.832744331612
5.0,2021.0,3524.0,3916.0,0.321,1.554,0.843,0.28,Federated States of Micronesia,8.6062347,151.832744331612
6.0,2021.0,7005.0,195.0,0.601,1.267,0.907,0.172,Federated States of Micronesia,8.6062347,151.832744331612
7.0,2021.0,4404.0,3036.0,0.273,1.585,0.831,0.287,Federated States of Micronesia,8.6062347,151.832744331612
8.0,2021.0,3644.0,3796.0,0.233,1.465,0.792,0.274,Federated States of Micronesia,8.6062347,151.832744331612
12.0,2021.0,1443.0,5997.0,0.404,1.635,0.882,0.256,Federated States of Micronesia,8.6062347,151.832744331612
1.0,2022.0,1.0,7439.0,0.279,1.719,0.887,0.3,Federated States of Micronesia,8.6062347,151.832744331612
2.0,2022.0,1.0,6719.0,0.312,1.678,0.937,0.287,Federated States of Micronesia,8.6062347,151.832744331612
3.0,2022.0,2.0,7438.0,0.347,1.606,0.95,0.285,Federated States of Micronesia,8.6062347,151.832744331612
4.0,2022.0,1.0,7199.0,0.302,1.636,0.902,0.288,Federated States of Micronesia,8.6062347,151.832744331612
5.0,2022.0,1.0,7439.0,0.3,1.65,0.873,0.283,Federated States of Micronesia,8.6062347,151.832744331612
6.0,2022.0,0.0,7200.0,0.194,1.611,0.799,0.286,Federated States of Micronesia,8.6062347,151.832744331612
7.0,2022.0,647.0,6793.0,0.288,1.634,0.866,0.286,Federated States of Micronesia,8.6062347,151.832744331612
8.0,2022.0,1.0,7439.0,0.287,1.646,0.892,0.283,Federated States of Micronesia,8.6062347,151.832744331612
9.0,2022.0,1.0,7199.0,0.362,1.642,0.958,0.288,Federated States of Micronesia,8.6062347,151.832744331612
10.0,2022.0,3.0,7437.0,0.394,1.752,0.965,0.285,Federated States of Micronesia,8.6062347,151.832744331612
11.0,2022.0,2856.0,4344.0,0.442,1.725,1.021,0.32,Federated States of Micronesia,8.6062347,151.832744331612
12.0,2022.0,0.0,7440.0,0.286,1.655,0.907,0.274,Federated States of Micronesia,8.6062347,151.832744331612
1.0,2023.0,1532.0,5908.0,0.263,1.731,0.909,0.28,Federated States of Micronesia,8.6062347,151.832744331612
2.0,2023.0,2765.0,3955.0,0.402,1.704,0.961,0.29,Federated States of Micronesia,8.6062347,151.832744331612
9.0,2023.0,1871.0,5329.0,0.211,1.445,0.786,0.284,Federated States of Micronesia,8.6062347,151.832744331612
10.0,2023.0,2282.0,5158.0,0.17,1.46,0.719,0.285,Federated States of Micronesia,8.6062347,151.832744331612
11.0,2023.0,3318.0,3882.0,0.168,1.424,0.724,0.291,Federated States of Micronesia,8.6062347,151.832744331612
12.0,2023.0,3224.0,4216.0,0.165,1.46,0.764,0.309,Federated States of Micronesia,8.6062347,151.832744331612
1.0,2024.0,2581.0,4859.0,0.136,1.514,0.766,0.291,Federated States of Micronesia,8.6062347,151.832744331612
2.0,2024.0,1037.0,5923.0,0.14,1.591,0.769,0.307,Federated States of Micronesia,8.6062347,151.832744331612
3.0,2024.0,2529.0,4911.0,0.206,1.644,0.807,0.303,Federated States of Micronesia,8.6062347,151.832744331612
4.0,2024.0,3289.0,3911.0,0.349,1.591,0.907,0.29,Federated States of Micronesia,8.6062347,151.832744331612
5.0,2024.0,3149.0,4291.0,0.346,1.636,0.83,0.258,Federated States of Micronesia,8.6062347,151.832744331612
6.0,2024.0,3494.0,3706.0,0.278,1.519,0.808,0.256,Federated States of Micronesia,8.6062347,151.832744331612
7.0,2024.0,4560.0,2880.0,0.242,1.402,0.787,0.229,Federated States of Micronesia,8.6062347,151.832744331612
8.0,2024.0,5218.0,2222.0,0.142,1.476,0.737,0.301,Federated States of Micronesia,8.6062347,151.832744331612
9.0,2024.0,5461.0,1739.0,0.2,1.453,0.859,0.292,Federated States of Micronesia,8.6062347,151.832744331612
10.0,2024.0,5790.0,1650.0,0.301,1.66,0.874,0.292,Federated States of Micronesia,8.6062347,151.832744331612
,,,,0.785,,,,Federated States of Micronesia,8.6062347,151.832744331612
,,,,1.795,,,512.0,Federated States of Micronesia,8.6062347,151.832744331612
,,,,-0.091,,,1136.0,Federated States of Micronesia,8.6062347,151.832744331612
,,,,,,0.2977,,Federated States of Micronesia,8.6062347,151.832744331612
9.0,1994.0,6720.0,480.0,0.18,0.929,0.611,0.2,Papua New Guinea,-5.6816069,144.2489081
10.0,1994.0,0.0,7440.0,0.108,1.032,0.659,0.187,Papua New Guinea,-5.6816069,144.2489081
11.0,1994.0,0.0,7200.0,0.108,1.075,0.68,0.22,Papua New Guinea,-5.6816069,144.2489081
12.0,1994.0,0.0,7440.0,-0.014,1.141,0.628,0.26,Papua New Guinea,-5.6816069,144.2489081
1.0,1995.0,0.0,7440.0,-0.049,1.036,0.593,0.231,Papua New Guinea,-5.6816069,144.2489081
2.0,1995.0,0.0,6720.0,0.138,0.996,0.613,0.188,Papua New Guinea,-5.6816069,144.2489081
3.0,1995.0,100.0,7340.0,0.26,1.0,0.731,0.161,Papua New Guinea,-5.6816069,144.2489081
4.0,1995.0,480.0,6720.0,0.237,1.096,0.729,0.188,Papua New Guinea,-5.6816069,144.2489081
3.0,1996.0,2024.0,5416.0,0.288,1.027,0.768,0.158,Papua New Guinea,-5.6816069,144.2489081
4.0,1996.0,0.0,7200.0,0.304,1.103,0.782,0.169,Papua New Guinea,-5.6816069,144.2489081
5.0,1996.0,0.0,7440.0,0.284,1.119,0.756,0.202,Papua New Guinea,-5.6816069,144.2489081
6.0,1996.0,0.0,7200.0,0.125,1.125,0.706,0.229,Papua New Guinea,-5.6816069,144.2489081
7.0,1996.0,0.0,7440.0,0.13,1.129,0.712,0.225,Papua New Guinea,-5.6816069,144.2489081
8.0,1996.0,0.0,7440.0,0.193,1.064,0.715,0.184,Papua New Guinea,-5.6816069,144.2489081
9.0,1996.0,0.0,7200.0,0.249,1.07,0.758,0.156,Papua New Guinea,-5.6816069,144.2489081
10.0,1996.0,0.0,7440.0,0.287,1.112,0.754,0.182,Papua New Guinea,-5.6816069,144.2489081
11.0,1996.0,0.0,7200.0,0.233,1.206,0.786,0.217,Papua New Guinea,-5.6816069,144.2489081
12.0,1996.0,0.0,7440.0,0.19,1.259,0.779,0.238,Papua New Guinea,-5.6816069,144.2489081
1.0,1997.0,0.0,7440.0,0.133,1.137,0.7,0.217,Papua New Guinea,-5.6816069,144.2489081
2.0,1997.0,0.0,6720.0,0.192,1.184,0.783,0.194,Papua New Guinea,-5.6816069,144.2489081
3.0,1997.0,0.0,7440.0,0.298,1.191,0.755,0.182,Papua New Guinea,-5.6816069,144.2489081
4.0,1997.0,0.0,7200.0,0.193,1.021,0.688,0.186,Papua New Guinea,-5.6816069,144.2489081
5.0,1997.0,0.0,7440.0,0.139,1.061,0.65,0.205,Papua New Guinea,-5.6816069,144.2489081
6.0,1997.0,0.0,7200.0,0.091,1.076,0.642,0.23,Papua New Guinea,-5.6816069,144.2489081
7.0,1997.0,0.0,7440.0,0.067,1.019,0.628,0.232,Papua New Guinea,-5.6816069,144.2489081
8.0,1997.0,0.0,7440.0,0.041,0.977,0.574,0.205,Papua New Guinea,-5.6816069,144.2489081
9.0,1997.0,0.0,7200.0,-0.024,0.808,0.496,0.161,Papua New Guinea,-5.6816069,144.2489081
10.0,1997.0,0.0,7440.0,0.063,0.815,0.499,0.159,Papua New Guinea,-5.6816069,144.2489081
11.0,1997.0,0.0,7200.0,0.02,0.896,0.481,0.206,Papua New Guinea,-5.6816069,144.2489081
12.0,1997.0,0.0,7440.0,-0.075,0.917,0.489,0.237,Papua New Guinea,-5.6816069,144.2489081
1.0,1998.0,0.0,7440.0,-0.053,0.916,0.485,0.221,Papua New Guinea,-5.6816069,144.2489081
2.0,1998.0,0.0,6720.0,-0.026,0.876,0.51,0.193,Papua New Guinea,-5.6816069,144.2489081
3.0,1998.0,0.0,7440.0,0.063,0.919,0.569,0.162,Papua New Guinea,-5.6816069,144.2489081
4.0,1998.0,240.0,6960.0,0.086,1.003,0.604,0.183,Papua New Guinea,-5.6816069,144.2489081
5.0,1998.0,0.0,7440.0,0.04,1.005,0.61,0.22,Papua New Guinea,-5.6816069,144.2489081
6.0,1998.0,0.0,7200.0,0.074,1.035,0.619,0.221,Papua New Guinea,-5.6816069,144.2489081
7.0,1998.0,0.0,7440.0,0.058,0.995,0.599,0.211,Papua New Guinea,-5.6816069,144.2489081
8.0,1998.0,0.0,7440.0,0.118,0.983,0.605,0.19,Papua New Guinea,-5.6816069,144.2489081
9.0,1998.0,0.0,7200.0,0.08,0.97,0.642,0.181,Papua New Guinea,-5.6816069,144.2489081
10.0,1998.0,0.0,7440.0,0.176,1.021,0.689,0.175,Papua New Guinea,-5.6816069,144.2489081
11.0,1998.0,0.0,7200.0,0.187,1.141,0.729,0.211,Papua New Guinea,-5.6816069,144.2489081
12.0,1998.0,0.0,7440.0,0.173,1.191,0.739,0.24,Papua New Guinea,-5.6816069,144.2489081
1.0,1999.0,0.0,7440.0,0.166,1.211,0.763,0.237,Papua New Guinea,-5.6816069,144.2489081
2.0,1999.0,0.0,6720.0,0.261,1.227,0.843,0.194,Papua New Guinea,-5.6816069,144.2489081
3.0,1999.0,0.0,7440.0,0.351,1.113,0.821,0.16,Papua New Guinea,-5.6816069,144.2489081
4.0,1999.0,0.0,7200.0,0.299,1.165,0.803,0.17,Papua New Guinea,-5.6816069,144.2489081
5.0,1999.0,0.0,7440.0,0.195,1.165,0.764,0.215,Papua New Guinea,-5.6816069,144.2489081
6.0,1999.0,0.0,7200.0,0.126,1.179,0.717,0.241,Papua New Guinea,-5.6816069,144.2489081
7.0,1999.0,0.0,7440.0,0.067,1.138,0.713,0.24,Papua New Guinea,-5.6816069,144.2489081
8.0,1999.0,0.0,7440.0,0.108,1.11,0.706,0.199,Papua New Guinea,-5.6816069,144.2489081
9.0,1999.0,0.0,7200.0,0.189,1.189,0.752,0.179,Papua New Guinea,-5.6816069,144.2489081
10.0,1999.0,0.0,7440.0,0.206,1.141,0.762,0.191,Papua New Guinea,-5.6816069,144.2489081
11.0,1999.0,0.0,7200.0,0.236,1.228,0.818,0.214,Papua New Guinea,-5.6816069,144.2489081
12.0,1999.0,0.0,7440.0,0.13,1.265,0.806,0.241,Papua New Guinea,-5.6816069,144.2489081
1.0,2000.0,0.0,7440.0,0.194,1.237,0.81,0.236,Papua New Guinea,-5.6816069,144.2489081
2.0,2000.0,0.0,6960.0,0.261,1.273,0.832,0.207,Papua New Guinea,-5.6816069,144.2489081
3.0,2000.0,0.0,7440.0,0.342,1.159,0.854,0.173,Papua New Guinea,-5.6816069,144.2489081
4.0,2000.0,0.0,7200.0,0.291,1.17,0.834,0.177,Papua New Guinea,-5.6816069,144.2489081
5.0,2000.0,0.0,7440.0,0.299,1.217,0.8,0.205,Papua New Guinea,-5.6816069,144.2489081
6.0,2000.0,0.0,7200.0,0.165,1.193,0.76,0.244,Papua New Guinea,-5.6816069,144.2489081
7.0,2000.0,0.0,7440.0,0.076,1.227,0.743,0.254,Papua New Guinea,-5.6816069,144.2489081
8.0,2000.0,0.0,7440.0,0.088,1.136,0.72,0.22,Papua New Guinea,-5.6816069,144.2489081
9.0,2000.0,0.0,7200.0,0.145,1.073,0.706,0.18,Papua New Guinea,-5.6816069,144.2489081
10.0,2000.0,0.0,7440.0,0.217,1.112,0.773,0.196,Papua New Guinea,-5.6816069,144.2489081
11.0,2000.0,0.0,7200.0,0.221,1.219,0.8,0.225,Papua New Guinea,-5.6816069,144.2489081
12.0,2000.0,0.0,7440.0,0.145,1.234,0.803,0.247,Papua New Guinea,-5.6816069,144.2489081
1.0,2001.0,0.0,7440.0,0.156,1.294,0.81,0.236,Papua New Guinea,-5.6816069,144.2489081
2.0,2001.0,0.0,6720.0,0.232,1.337,0.858,0.213,Papua New Guinea,-5.6816069,144.2489081
3.0,2001.0,0.0,7440.0,0.29,1.197,0.841,0.185,Papua New Guinea,-5.6816069,144.2489081
4.0,2001.0,0.0,7200.0,0.283,1.196,0.831,0.204,Papua New Guinea,-5.6816069,144.2489081
5.0,2001.0,0.0,7440.0,0.164,1.215,0.778,0.226,Papua New Guinea,-5.6816069,144.2489081
6.0,2001.0,0.0,7200.0,0.077,1.207,0.743,0.251,Papua New Guinea,-5.6816069,144.2489081
7.0,2001.0,0.0,7440.0,-0.006,1.099,0.668,0.252,Papua New Guinea,-5.6816069,144.2489081
8.0,2001.0,0.0,7440.0,0.088,1.228,0.708,0.231,Papua New Guinea,-5.6816069,144.2489081
9.0,2001.0,0.0,7200.0,0.176,1.052,0.722,0.184,Papua New Guinea,-5.6816069,144.2489081
10.0,2001.0,0.0,7440.0,0.226,1.222,0.769,0.191,Papua New Guinea,-5.6816069,144.2489081
11.0,2001.0,0.0,7200.0,0.21,1.274,0.792,0.226,Papua New Guinea,-5.6816069,144.2489081
12.0,2001.0,0.0,7440.0,0.059,1.203,0.74,0.275,Papua New Guinea,-5.6816069,144.2489081
1.0,2002.0,0.0,7440.0,0.035,1.121,0.659,0.261,Papua New Guinea,-5.6816069,144.2489081
2.0,2002.0,0.0,6720.0,0.107,1.128,0.713,0.223,Papua New Guinea,-5.6816069,144.2489081
3.0,2002.0,0.0,7440.0,0.137,1.068,0.724,0.186,Papua New Guinea,-5.6816069,144.2489081
4.0,2002.0,0.0,7200.0,0.221,1.086,0.736,0.199,Papua New Guinea,-5.6816069,144.2489081
5.0,2002.0,0.0,7440.0,0.141,1.124,0.734,0.24,Papua New Guinea,-5.6816069,144.2489081
6.0,2002.0,0.0,7200.0,0.134,1.148,0.729,0.254,Papua New Guinea,-5.6816069,144.2489081
7.0,2002.0,0.0,7440.0,0.062,1.118,0.692,0.239,Papua New Guinea,-5.6816069,144.2489081
8.0,2002.0,0.0,7440.0,0.097,1.066,0.675,0.225,Papua New Guinea,-5.6816069,144.2489081
9.0,2002.0,0.0,7200.0,0.019,0.994,0.637,0.215,Papua New Guinea,-5.6816069,144.2489081
10.0,2002.0,0.0,7440.0,0.023,0.965,0.605,0.21,Papua New Guinea,-5.6816069,144.2489081
11.0,2002.0,0.0,7200.0,0.026,1.028,0.61,0.227,Papua New Guinea,-5.6816069,144.2489081
12.0,2002.0,0.0,7440.0,-0.019,1.056,0.59,0.265,Papua New Guinea,-5.6816069,144.2489081
1.0,2003.0,0.0,7440.0,-0.022,1.05,0.6,0.265,Papua New Guinea,-5.6816069,144.2489081
2.0,2003.0,3414.0,3306.0,0.045,1.036,0.624,0.22,Papua New Guinea,-5.6816069,144.2489081
3.0,2003.0,0.0,7440.0,0.107,1.038,0.682,0.198,Papua New Guinea,-5.6816069,144.2489081
4.0,2003.0,0.0,7200.0,0.17,1.122,0.738,0.194,Papua New Guinea,-5.6816069,144.2489081
5.0,2003.0,0.0,7440.0,0.158,1.189,0.761,0.233,Papua New Guinea,-5.6816069,144.2489081
6.0,2003.0,0.0,7200.0,0.074,1.153,0.721,0.264,Papua New Guinea,-5.6816069,144.2489081
7.0,2003.0,0.0,7440.0,0.059,1.173,0.724,0.258,Papua New Guinea,-5.6816069,144.2489081
8.0,2003.0,386.0,7054.0,0.048,1.112,0.708,0.226,Papua New Guinea,-5.6816069,144.2489081
9.0,2003.0,0.0,7200.0,0.05,1.088,0.742,0.21,Papua New Guinea,-5.6816069,144.2489081
10.0,2003.0,264.0,7176.0,0.163,1.191,0.783,0.227,Papua New Guinea,-5.6816069,144.2489081
11.0,2003.0,0.0,7200.0,0.074,1.199,0.766,0.246,Papua New Guinea,-5.6816069,144.2489081
12.0,2003.0,0.0,7440.0,0.038,1.288,0.776,0.268,Papua New Guinea,-5.6816069,144.2489081
1.0,2004.0,0.0,7440.0,-0.014,1.237,0.718,0.262,Papua New Guinea,-5.6816069,144.2489081
2.0,2004.0,0.0,6960.0,0.029,1.167,0.729,0.232,Papua New Guinea,-5.6816069,144.2489081
3.0,2004.0,0.0,7440.0,0.193,1.169,0.805,0.207,Papua New Guinea,-5.6816069,144.2489081
4.0,2004.0,0.0,7200.0,0.139,1.142,0.768,0.215,Papua New Guinea,-5.6816069,144.2489081
5.0,2004.0,0.0,7440.0,0.123,1.177,0.757,0.24,Papua New Guinea,-5.6816069,144.2489081
6.0,2004.0,0.0,7200.0,0.07,1.235,0.744,0.268,Papua New Guinea,-5.6816069,144.2489081
7.0,2004.0,0.0,7440.0,-0.023,1.171,0.688,0.279,Papua New Guinea,-5.6816069,144.2489081
8.0,2004.0,0.0,7440.0,0.003,1.119,0.678,0.235,Papua New Guinea,-5.6816069,144.2489081
9.0,2004.0,0.0,7200.0,0.064,1.046,0.695,0.204,Papua New Guinea,-5.6816069,144.2489081
10.0,2004.0,0.0,7440.0,0.125,1.123,0.732,0.216,Papua New Guinea,-5.6816069,144.2489081
11.0,2004.0,0.0,7200.0,0.087,1.199,0.739,0.257,Papua New Guinea,-5.6816069,144.2489081
12.0,2004.0,0.0,7440.0,-0.031,1.232,0.727,0.28,Papua New Guinea,-5.6816069,144.2489081
1.0,2005.0,0.0,7440.0,0.024,1.276,0.73,0.262,Papua New Guinea,-5.6816069,144.2489081
2.0,2005.0,0.0,6720.0,-0.056,1.166,0.702,0.241,Papua New Guinea,-5.6816069,144.2489081
3.0,2005.0,0.0,7440.0,0.034,1.107,0.695,0.217,Papua New Guinea,-5.6816069,144.2489081
4.0,2005.0,0.0,7200.0,0.085,1.142,0.747,0.228,Papua New Guinea,-5.6816069,144.2489081
5.0,2005.0,0.0,7440.0,0.1,1.225,0.748,0.246,Papua New Guinea,-5.6816069,144.2489081
6.0,2005.0,0.0,7200.0,-0.012,1.129,0.717,0.269,Papua New Guinea,-5.6816069,144.2489081
7.0,2005.0,0.0,7440.0,0.043,1.223,0.728,0.264,Papua New Guinea,-5.6816069,144.2489081
8.0,2005.0,0.0,7440.0,0.029,1.134,0.703,0.24,Papua New Guinea,-5.6816069,144.2489081
9.0,2005.0,0.0,7200.0,0.111,1.154,0.746,0.209,Papua New Guinea,-5.6816069,144.2489081
10.0,2005.0,0.0,7440.0,0.115,1.221,0.76,0.218,Papua New Guinea,-5.6816069,144.2489081
11.0,2005.0,0.0,7200.0,0.23,1.27,0.811,0.252,Papua New Guinea,-5.6816069,144.2489081
12.0,2005.0,0.0,7440.0,0.098,1.311,0.783,0.291,Papua New Guinea,-5.6816069,144.2489081
1.0,2006.0,0.0,7440.0,0.109,1.356,0.819,0.279,Papua New Guinea,-5.6816069,144.2489081
2.0,2006.0,0.0,6720.0,0.248,1.242,0.831,0.222,Papua New Guinea,-5.6816069,144.2489081
3.0,2006.0,0.0,7440.0,0.264,1.206,0.843,0.195,Papua New Guinea,-5.6816069,144.2489081
4.0,2006.0,0.0,7200.0,0.265,1.259,0.809,0.221,Papua New Guinea,-5.6816069,144.2489081
5.0,2006.0,0.0,7440.0,0.126,1.288,0.774,0.268,Papua New Guinea,-5.6816069,144.2489081
6.0,2006.0,0.0,7200.0,0.085,1.201,0.749,0.279,Papua New Guinea,-5.6816069,144.2489081
7.0,2006.0,0.0,7440.0,0.042,1.232,0.696,0.259,Papua New Guinea,-5.6816069,144.2489081
8.0,2006.0,0.0,7440.0,0.041,1.211,0.675,0.24,Papua New Guinea,-5.6816069,144.2489081
9.0,2006.0,0.0,7200.0,0.024,1.065,0.693,0.221,Papua New Guinea,-5.6816069,144.2489081
10.0,2006.0,0.0,7440.0,0.052,1.119,0.704,0.229,Papua New Guinea,-5.6816069,144.2489081
11.0,2006.0,0.0,7200.0,0.023,1.206,0.677,0.259,Papua New Guinea,-5.6816069,144.2489081
12.0,2006.0,0.0,7440.0,-0.018,1.183,0.672,0.289,Papua New Guinea,-5.6816069,144.2489081
1.0,2007.0,0.0,7440.0,0.002,1.193,0.693,0.283,Papua New Guinea,-5.6816069,144.2489081
2.0,2007.0,0.0,6720.0,0.052,1.141,0.707,0.241,Papua New Guinea,-5.6816069,144.2489081
3.0,2007.0,0.0,7440.0,0.188,1.126,0.769,0.203,Papua New Guinea,-5.6816069,144.2489081
4.0,2007.0,0.0,7200.0,0.215,1.175,0.769,0.211,Papua New Guinea,-5.6816069,144.2489081
5.0,2007.0,0.0,7440.0,0.098,1.181,0.77,0.247,Papua New Guinea,-5.6816069,144.2489081
6.0,2007.0,0.0,7200.0,0.129,1.219,0.755,0.264,Papua New Guinea,-5.6816069,144.2489081
7.0,2007.0,0.0,7440.0,0.034,1.219,0.734,0.265,Papua New Guinea,-5.6816069,144.2489081
8.0,2007.0,0.0,7440.0,0.13,1.24,0.764,0.227,Papua New Guinea,-5.6816069,144.2489081
9.0,2007.0,0.0,7200.0,0.167,1.133,0.77,0.21,Papua New Guinea,-5.6816069,144.2489081
10.0,2007.0,0.0,7440.0,0.128,1.208,0.772,0.239,Papua New Guinea,-5.6816069,144.2489081
11.0,2007.0,0.0,7200.0,0.143,1.353,0.854,0.264,Papua New Guinea,-5.6816069,144.2489081
12.0,2007.0,0.0,7440.0,0.124,1.315,0.813,0.254,Papua New Guinea,-5.6816069,144.2489081
1.0,2008.0,0.0,7440.0,0.144,1.29,0.85,0.258,Papua New Guinea,-5.6816069,144.2489081
2.0,2008.0,0.0,6960.0,0.163,1.316,0.845,0.235,Papua New Guinea,-5.6816069,144.2489081
3.0,2008.0,0.0,7440.0,0.275,1.228,0.869,0.206,Papua New Guinea,-5.6816069,144.2489081
4.0,2008.0,0.0,7200.0,0.259,1.274,0.844,0.223,Papua New Guinea,-5.6816069,144.2489081
5.0,2008.0,0.0,7440.0,0.216,1.273,0.8,0.243,Papua New Guinea,-5.6816069,144.2489081
6.0,2008.0,525.0,6675.0,0.043,1.272,0.757,0.278,Papua New Guinea,-5.6816069,144.2489081
7.0,2008.0,0.0,7440.0,-0.04,1.282,0.734,0.285,Papua New Guinea,-5.6816069,144.2489081
8.0,2008.0,0.0,7440.0,0.088,1.193,0.749,0.234,Papua New Guinea,-5.6816069,144.2489081
9.0,2008.0,0.0,7200.0,0.157,1.12,0.758,0.205,Papua New Guinea,-5.6816069,144.2489081
10.0,2008.0,0.0,7440.0,0.135,1.188,0.757,0.223,Papua New Guinea,-5.6816069,144.2489081
11.0,2008.0,0.0,7200.0,0.132,1.235,0.772,0.26,Papua New Guinea,-5.6816069,144.2489081
12.0,2008.0,0.0,7440.0,0.064,1.334,0.818,0.273,Papua New Guinea,-5.6816069,144.2489081
1.0,2009.0,0.0,7440.0,0.111,1.381,0.831,0.253,Papua New Guinea,-5.6816069,144.2489081
2.0,2009.0,0.0,6720.0,0.264,1.35,0.868,0.222,Papua New Guinea,-5.6816069,144.2489081
3.0,2009.0,3778.0,3662.0,0.257,1.204,0.845,0.216,Papua New Guinea,-5.6816069,144.2489081
4.0,2009.0,275.0,6925.0,0.192,1.198,0.812,0.229,Papua New Guinea,-5.6816069,144.2489081
5.0,2009.0,0.0,7440.0,0.105,1.245,0.786,0.253,Papua New Guinea,-5.6816069,144.2489081
6.0,2009.0,0.0,7200.0,0.036,1.206,0.745,0.266,Papua New Guinea,-5.6816069,144.2489081
7.0,2009.0,3354.0,4086.0,0.043,1.184,0.724,0.265,Papua New Guinea,-5.6816069,144.2489081
8.0,2009.0,751.0,6689.0,0.079,1.213,0.713,0.221,Papua New Guinea,-5.6816069,144.2489081
9.0,2009.0,0.0,7200.0,0.12,1.118,0.726,0.2,Papua New Guinea,-5.6816069,144.2489081
10.0,2009.0,0.0,7440.0,0.205,1.067,0.726,0.196,Papua New Guinea,-5.6816069,144.2489081
11.0,2009.0,0.0,7200.0,0.116,1.235,0.732,0.258,Papua New Guinea,-5.6816069,144.2489081
12.0,2009.0,0.0,7440.0,-0.028,1.223,0.697,0.286,Papua New Guinea,-5.6816069,144.2489081
1.0,2010.0,0.0,7440.0,0.028,1.15,0.674,0.26,Papua New Guinea,-5.6816069,144.2489081
2.0,2010.0,0.0,6720.0,0.034,1.064,0.651,0.217,Papua New Guinea,-5.6816069,144.2489081
3.0,2010.0,0.0,7440.0,0.159,1.072,0.725,0.185,Papua New Guinea,-5.6816069,144.2489081
4.0,2010.0,0.0,7200.0,0.211,1.135,0.748,0.205,Papua New Guinea,-5.6816069,144.2489081
5.0,2010.0,0.0,7440.0,0.165,1.219,0.758,0.252,Papua New Guinea,-5.6816069,144.2489081
6.0,2010.0,0.0,7200.0,0.125,1.304,0.75,0.259,Papua New Guinea,-5.6816069,144.2489081
7.0,2010.0,0.0,7440.0,0.076,1.296,0.762,0.242,Papua New Guinea,-5.6816069,144.2489081
8.0,2010.0,0.0,7440.0,0.177,1.207,0.778,0.212,Papua New Guinea,-5.6816069,144.2489081
9.0,2010.0,0.0,7200.0,0.238,1.153,0.789,0.199,Papua New Guinea,-5.6816069,144.2489081
10.0,2010.0,0.0,7440.0,0.318,1.235,0.84,0.209,Papua New Guinea,-5.6816069,144.2489081
11.0,2010.0,0.0,7200.0,0.264,1.37,0.851,0.24,Papua New Guinea,-5.6816069,144.2489081
12.0,2010.0,0.0,7440.0,0.227,1.37,0.865,0.268,Papua New Guinea,-5.6816069,144.2489081
1.0,2011.0,0.0,7440.0,0.237,1.34,0.885,0.249,Papua New Guinea,-5.6816069,144.2489081
2.0,2011.0,1612.0,5108.0,0.302,1.308,0.887,0.201,Papua New Guinea,-5.6816069,144.2489081
3.0,2011.0,0.0,7440.0,-0.083,2.079,0.899,0.199,Papua New Guinea,-5.6816069,144.2489081
4.0,2011.0,0.0,7200.0,0.36,1.287,0.897,0.194,Papua New Guinea,-5.6816069,144.2489081
5.0,2011.0,0.0,7440.0,0.262,1.324,0.842,0.233,Papua New Guinea,-5.6816069,144.2489081
6.0,2011.0,0.0,7200.0,0.155,1.222,0.81,0.251,Papua New Guinea,-5.6816069,144.2489081
7.0,2011.0,0.0,7440.0,0.134,1.199,0.782,0.236,Papua New Guinea,-5.6816069,144.2489081
8.0,2011.0,0.0,7440.0,0.177,1.182,0.759,0.19,Papua New Guinea,-5.6816069,144.2489081
9.0,2011.0,4431.0,2769.0,0.223,1.11,0.799,0.209,Papua New Guinea,-5.6816069,144.2489081
10.0,2011.0,4357.0,3083.0,0.304,1.236,0.853,0.239,Papua New Guinea,-5.6816069,144.2489081
11.0,2011.0,0.0,7200.0,0.209,1.278,0.844,0.234,Papua New Guinea,-5.6816069,144.2489081
12.0,2011.0,0.0,7440.0,0.236,1.348,0.862,0.239,Papua New Guinea,-5.6816069,144.2489081
1.0,2012.0,0.0,7440.0,0.249,1.342,0.879,0.23,Papua New Guinea,-5.6816069,144.2489081
2.0,2012.0,0.0,6960.0,0.313,1.267,0.89,0.199,Papua New Guinea,-5.6816069,144.2489081
3.0,2012.0,0.0,7440.0,0.367,1.261,0.888,0.18,Papua New Guinea,-5.6816069,144.2489081
4.0,2012.0,0.0,7200.0,0.283,1.178,0.825,0.198,Papua New Guinea,-5.6816069,144.2489081
5.0,2012.0,0.0,7440.0,0.223,1.234,0.82,0.224,Papua New Guinea,-5.6816069,144.2489081
6.0,2012.0,0.0,7200.0,0.168,1.225,0.791,0.251,Papua New Guinea,-5.6816069,144.2489081
7.0,2012.0,5040.0,2400.0,0.12,1.214,0.792,0.264,Papua New Guinea,-5.6816069,144.2489081
8.0,2012.0,2412.0,5028.0,0.17,1.19,0.757,0.212,Papua New Guinea,-5.6816069,144.2489081
9.0,2012.0,0.0,7200.0,0.236,1.065,0.757,0.166,Papua New Guinea,-5.6816069,144.2489081
10.0,2012.0,0.0,7440.0,0.195,1.148,0.756,0.191,Papua New Guinea,-5.6816069,144.2489081
11.0,2012.0,0.0,7200.0,0.205,1.25,0.803,0.234,Papua New Guinea,-5.6816069,144.2489081
12.0,2012.0,0.0,7440.0,0.15,1.281,0.797,0.251,Papua New Guinea,-5.6816069,144.2489081
1.0,2013.0,0.0,7440.0,0.182,1.321,0.835,0.231,Papua New Guinea,-5.6816069,144.2489081
2.0,2013.0,0.0,6720.0,0.167,1.24,0.809,0.194,Papua New Guinea,-5.6816069,144.2489081
3.0,2013.0,0.0,7440.0,0.303,1.25,0.872,0.165,Papua New Guinea,-5.6816069,144.2489081
4.0,2013.0,0.0,7200.0,0.331,1.237,0.858,0.2,Papua New Guinea,-5.6816069,144.2489081
5.0,2013.0,0.0,7440.0,0.229,1.243,0.833,0.226,Papua New Guinea,-5.6816069,144.2489081
6.0,2013.0,0.0,7200.0,0.144,1.253,0.812,0.242,Papua New Guinea,-5.6816069,144.2489081
7.0,2013.0,0.0,7440.0,0.141,1.227,0.782,0.236,Papua New Guinea,-5.6816069,144.2489081
8.0,2013.0,0.0,7440.0,0.205,1.212,0.768,0.204,Papua New Guinea,-5.6816069,144.2489081
9.0,2013.0,0.0,7200.0,0.257,1.163,0.804,0.183,Papua New Guinea,-5.6816069,144.2489081
10.0,2013.0,0.0,7440.0,0.317,1.186,0.826,0.18,Papua New Guinea,-5.6816069,144.2489081
11.0,2013.0,0.0,7200.0,0.285,1.249,0.831,0.22,Papua New Guinea,-5.6816069,144.2489081
12.0,2013.0,0.0,7440.0,0.197,1.269,0.814,0.252,Papua New Guinea,-5.6816069,144.2489081
1.0,2014.0,0.0,7440.0,0.218,1.42,0.835,0.24,Papua New Guinea,-5.6816069,144.2489081
2.0,2014.0,0.0,6720.0,0.295,1.192,0.82,0.185,Papua New Guinea,-5.6816069,144.2489081
3.0,2014.0,0.0,7440.0,0.288,1.053,0.773,0.16,Papua New Guinea,-5.6816069,144.2489081
4.0,2014.0,0.0,7200.0,0.313,1.072,0.793,0.173,Papua New Guinea,-5.6816069,144.2489081
5.0,2014.0,0.0,7440.0,0.228,1.143,0.733,0.22,Papua New Guinea,-5.6816069,144.2489081
6.0,2014.0,0.0,7200.0,0.209,1.186,0.762,0.226,Papua New Guinea,-5.6816069,144.2489081
7.0,2014.0,0.0,7440.0,0.192,1.195,0.771,0.212,Papua New Guinea,-5.6816069,144.2489081
8.0,2014.0,6323.0,1117.0,0.308,1.075,0.795,0.147,Papua New Guinea,-5.6816069,144.2489081
12.0,2014.0,1966.0,5474.0,0.238,1.272,0.817,0.235,Papua New Guinea,-5.6816069,144.2489081
1.0,2015.0,0.0,7440.0,0.19,1.245,0.784,0.232,Papua New Guinea,-5.6816069,144.2489081
2.0,2015.0,0.0,6720.0,0.201,1.131,0.755,0.19,Papua New Guinea,-5.6816069,144.2489081
3.0,2015.0,0.0,7440.0,0.236,1.087,0.752,0.162,Papua New Guinea,-5.6816069,144.2489081
4.0,2015.0,0.0,7200.0,0.266,1.083,0.738,0.168,Papua New Guinea,-5.6816069,144.2489081
5.0,2015.0,0.0,7440.0,0.193,1.108,0.715,0.205,Papua New Guinea,-5.6816069,144.2489081
6.0,2015.0,0.0,7200.0,0.19,1.146,0.705,0.234,Papua New Guinea,-5.6816069,144.2489081
7.0,2015.0,0.0,7440.0,0.097,1.159,0.668,0.236,Papua New Guinea,-5.6816069,144.2489081
8.0,2015.0,0.0,7440.0,0.107,1.065,0.642,0.195,Papua New Guinea,-5.6816069,144.2489081
9.0,2015.0,0.0,7200.0,0.142,0.964,0.649,0.16,Papua New Guinea,-5.6816069,144.2489081
10.0,2015.0,0.0,7440.0,0.15,1.027,0.667,0.186,Papua New Guinea,-5.6816069,144.2489081
11.0,2015.0,0.0,7200.0,0.132,1.086,0.679,0.221,Papua New Guinea,-5.6816069,144.2489081
12.0,2015.0,0.0,7440.0,0.095,1.092,0.643,0.231,Papua New Guinea,-5.6816069,144.2489081
1.0,2016.0,0.0,7440.0,0.057,0.995,0.608,0.217,Papua New Guinea,-5.6816069,144.2489081
2.0,2016.0,0.0,6960.0,0.113,1.0,0.633,0.19,Papua New Guinea,-5.6816069,144.2489081
3.0,2016.0,0.0,7440.0,0.2,0.965,0.686,0.164,Papua New Guinea,-5.6816069,144.2489081
4.0,2016.0,0.0,7200.0,0.231,1.104,0.706,0.179,Papua New Guinea,-5.6816069,144.2489081
5.0,2016.0,0.0,7440.0,0.198,1.137,0.728,0.204,Papua New Guinea,-5.6816069,144.2489081
6.0,2016.0,0.0,7200.0,0.184,1.214,0.763,0.231,Papua New Guinea,-5.6816069,144.2489081
7.0,2016.0,0.0,7440.0,0.15,1.177,0.743,0.229,Papua New Guinea,-5.6816069,144.2489081
8.0,2016.0,801.0,6639.0,0.176,1.087,0.767,0.199,Papua New Guinea,-5.6816069,144.2489081
9.0,2016.0,2296.0,4904.0,0.378,1.05,0.808,0.143,Papua New Guinea,-5.6816069,144.2489081
10.0,2016.0,0.0,7440.0,0.347,1.214,0.854,0.172,Papua New Guinea,-5.6816069,144.2489081
11.0,2016.0,0.0,7200.0,0.348,1.27,0.873,0.214,Papua New Guinea,-5.6816069,144.2489081
12.0,2016.0,5084.0,2356.0,0.391,1.2,0.838,0.214,Papua New Guinea,-5.6816069,144.2489081
3.0,2017.0,4795.0,2645.0,0.513,1.157,0.93,0.144,Papua New Guinea,-5.6816069,144.2489081
4.0,2017.0,0.0,7200.0,0.387,1.19,0.872,0.178,Papua New Guinea,-5.6816069,144.2489081
5.0,2017.0,0.0,7440.0,0.281,1.222,0.831,0.211,Papua New Guinea,-5.6816069,144.2489081
6.0,2017.0,0.0,7200.0,0.184,1.233,0.807,0.224,Papua New Guinea,-5.6816069,144.2489081
7.0,2017.0,0.0,7440.0,0.162,1.285,0.759,0.222,Papua New Guinea,-5.6816069,144.2489081
8.0,2017.0,0.0,7440.0,0.199,1.198,0.767,0.195,Papua New Guinea,-5.6816069,144.2489081
9.0,2017.0,0.0,7200.0,0.272,1.143,0.796,0.165,Papua New Guinea,-5.6816069,144.2489081
10.0,2017.0,0.0,7440.0,0.342,1.195,0.849,0.178,Papua New Guinea,-5.6816069,144.2489081
11.0,2017.0,0.0,7200.0,0.278,1.23,0.864,0.208,Papua New Guinea,-5.6816069,144.2489081
12.0,2017.0,219.0,7221.0,0.212,1.333,0.83,0.247,Papua New Guinea,-5.6816069,144.2489081
1.0,2018.0,0.0,7440.0,0.169,1.378,0.869,0.25,Papua New Guinea,-5.6816069,144.2489081
2.0,2018.0,0.0,6720.0,0.279,1.277,0.873,0.196,Papua New Guinea,-5.6816069,144.2489081
3.0,2018.0,0.0,7440.0,0.353,1.195,0.86,0.164,Papua New Guinea,-5.6816069,144.2489081
4.0,2018.0,0.0,7200.0,0.365,1.32,0.856,0.172,Papua New Guinea,-5.6816069,144.2489081
5.0,2018.0,0.0,7440.0,0.34,1.217,0.859,0.209,Papua New Guinea,-5.6816069,144.2489081
6.0,2018.0,0.0,7200.0,0.25,1.24,0.837,0.234,Papua New Guinea,-5.6816069,144.2489081
7.0,2018.0,0.0,7440.0,0.307,1.315,0.845,0.224,Papua New Guinea,-5.6816069,144.2489081
8.0,2018.0,0.0,7440.0,0.233,1.249,0.827,0.197,Papua New Guinea,-5.6816069,144.2489081
9.0,2018.0,224.0,6976.0,0.289,1.213,0.832,0.179,Papua New Guinea,-5.6816069,144.2489081
10.0,2018.0,0.0,7440.0,0.324,1.312,0.92,0.2,Papua New Guinea,-5.6816069,144.2489081
11.0,2018.0,0.0,7200.0,0.2,1.343,0.839,0.231,Papua New Guinea,-5.6816069,144.2489081
12.0,2018.0,0.0,7440.0,0.23,1.299,0.821,0.247,Papua New Guinea,-5.6816069,144.2489081
1.0,2019.0,0.0,7440.0,0.128,1.243,0.788,0.245,Papua New Guinea,-5.6816069,144.2489081
2.0,2019.0,0.0,6720.0,0.176,1.16,0.753,0.211,Papua New Guinea,-5.6816069,144.2489081
3.0,2019.0,0.0,7440.0,0.274,1.145,0.813,0.185,Papua New Guinea,-5.6816069,144.2489081
4.0,2019.0,0.0,7200.0,0.297,1.142,0.784,0.183,Papua New Guinea,-5.6816069,144.2489081
5.0,2019.0,0.0,7440.0,0.243,1.149,0.773,0.209,Papua New Guinea,-5.6816069,144.2489081
6.0,2019.0,0.0,7200.0,0.19,1.172,0.752,0.239,Papua New Guinea,-5.6816069,144.2489081
7.0,2019.0,0.0,7440.0,0.175,1.155,0.734,0.242,Papua New Guinea,-5.6816069,144.2489081
8.0,2019.0,0.0,7440.0,0.163,1.111,0.749,0.214,Papua New Guinea,-5.6816069,144.2489081
9.0,2019.0,0.0,7200.0,0.245,1.048,0.774,0.175,Papua New Guinea,-5.6816069,144.2489081
10.0,2019.0,0.0,7440.0,0.278,1.201,0.815,0.197,Papua New Guinea,-5.6816069,144.2489081
11.0,2019.0,0.0,7200.0,0.22,1.24,0.838,0.233,Papua New Guinea,-5.6816069,144.2489081
12.0,2019.0,0.0,7440.0,0.203,1.227,0.79,0.259,Papua New Guinea,-5.6816069,144.2489081
1.0,2020.0,0.0,7440.0,0.143,1.181,0.739,0.246,Papua New Guinea,-5.6816069,144.2489081
2.0,2020.0,0.0,6960.0,0.174,1.203,0.741,0.218,Papua New Guinea,-5.6816069,144.2489081
3.0,2020.0,0.0,7440.0,0.193,1.128,0.791,0.196,Papua New Guinea,-5.6816069,144.2489081
4.0,2020.0,0.0,7200.0,0.269,1.177,0.823,0.197,Papua New Guinea,-5.6816069,144.2489081
5.0,2020.0,0.0,7440.0,0.298,1.219,0.847,0.228,Papua New Guinea,-5.6816069,144.2489081
6.0,2020.0,6080.0,1120.0,0.322,1.227,0.845,0.224,Papua New Guinea,-5.6816069,144.2489081
8.0,2020.0,1653.0,5787.0,0.238,1.188,0.826,0.211,Papua New Guinea,-5.6816069,144.2489081
9.0,2020.0,221.0,6979.0,0.315,1.22,0.853,0.189,Papua New Guinea,-5.6816069,144.2489081
10.0,2020.0,0.0,7440.0,0.262,1.334,0.875,0.191,Papua New Guinea,-5.6816069,144.2489081
11.0,2020.0,0.0,7200.0,0.255,1.276,0.877,0.235,Papua New Guinea,-5.6816069,144.2489081
12.0,2020.0,0.0,7440.0,0.244,1.342,0.894,0.262,Papua New Guinea,-5.6816069,144.2489081
1.0,2021.0,0.0,7440.0,0.327,1.405,0.926,0.251,Papua New Guinea,-5.6816069,144.2489081
2.0,2021.0,0.0,6720.0,0.328,1.362,0.946,0.215,Papua New Guinea,-5.6816069,144.2489081
3.0,2021.0,0.0,7440.0,0.32,1.253,0.91,0.186,Papua New Guinea,-5.6816069,144.2489081
4.0,2021.0,0.0,7200.0,0.32,1.285,0.9,0.213,Papua New Guinea,-5.6816069,144.2489081
5.0,2021.0,0.0,7440.0,0.177,1.276,0.843,0.247,Papua New Guinea,-5.6816069,144.2489081
6.0,2021.0,0.0,7200.0,0.112,1.273,0.809,0.264,Papua New Guinea,-5.6816069,144.2489081
7.0,2021.0,0.0,7440.0,0.2,1.325,0.836,0.245,Papua New Guinea,-5.6816069,144.2489081
8.0,2021.0,0.0,7440.0,0.207,1.283,0.823,0.227,Papua New Guinea,-5.6816069,144.2489081
9.0,2021.0,0.0,7200.0,0.253,1.262,0.859,0.207,Papua New Guinea,-5.6816069,144.2489081
10.0,2021.0,0.0,7440.0,0.262,1.271,0.884,0.212,Papua New Guinea,-5.6816069,144.2489081
11.0,2021.0,0.0,7200.0,0.237,1.336,0.894,0.237,Papua New Guinea,-5.6816069,144.2489081
12.0,2021.0,0.0,7440.0,0.235,1.519,0.913,0.271,Papua New Guinea,-5.6816069,144.2489081
1.0,2022.0,0.0,7440.0,0.117,1.454,0.873,0.282,Papua New Guinea,-5.6816069,144.2489081
2.0,2022.0,0.0,6720.0,0.269,1.33,0.899,0.234,Papua New Guinea,-5.6816069,144.2489081
3.0,2022.0,0.0,7440.0,0.326,1.316,0.928,0.201,Papua New Guinea,-5.6816069,144.2489081
4.0,2022.0,0.0,7200.0,0.337,1.344,0.936,0.2,Papua New Guinea,-5.6816069,144.2489081
5.0,2022.0,0.0,7440.0,0.255,1.355,0.885,0.244,Papua New Guinea,-5.6816069,144.2489081
6.0,2022.0,0.0,7200.0,0.119,1.356,0.856,0.272,Papua New Guinea,-5.6816069,144.2489081
7.0,2022.0,0.0,7440.0,0.182,1.384,0.89,0.261,Papua New Guinea,-5.6816069,144.2489081
8.0,2022.0,0.0,7440.0,0.237,1.403,0.882,0.223,Papua New Guinea,-5.6816069,144.2489081
9.0,2022.0,0.0,7200.0,0.268,1.28,0.896,0.205,Papua New Guinea,-5.6816069,144.2489081
10.0,2022.0,0.0,7440.0,0.329,1.32,0.911,0.224,Papua New Guinea,-5.6816069,144.2489081
11.0,2022.0,0.0,7200.0,0.262,1.356,0.922,0.251,Papua New Guinea,-5.6816069,144.2489081
12.0,2022.0,1259.0,6181.0,0.301,1.414,0.973,0.25,Papua New Guinea,-5.6816069,144.2489081
1.0,2023.0,4619.0,2821.0,0.25,1.45,0.937,0.263,Papua New Guinea,-5.6816069,144.2489081
2.0,2023.0,6.0,6714.0,0.291,1.424,0.963,0.235,Papua New Guinea,-5.6816069,144.2489081
3.0,2023.0,52.0,7388.0,0.356,1.304,0.902,0.204,Papua New Guinea,-5.6816069,144.2489081
4.0,2023.0,1043.0,6157.0,0.326,1.275,0.887,0.216,Papua New Guinea,-5.6816069,144.2489081
5.0,2023.0,2.0,7438.0,0.245,1.401,0.864,0.231,Papua New Guinea,-5.6816069,144.2489081
6.0,2023.0,8.0,7192.0,0.165,1.226,0.809,0.26,Papua New Guinea,-5.6816069,144.2489081
7.0,2023.0,13.0,7427.0,0.068,1.321,0.784,0.275,Papua New Guinea,-5.6816069,144.2489081
8.0,2023.0,75.0,7365.0,0.092,1.189,0.731,0.241,Papua New Guinea,-5.6816069,144.2489081
9.0,2023.0,15.0,7185.0,0.19,1.101,0.766,0.201,Papua New Guinea,-5.6816069,144.2489081
10.0,2023.0,97.0,7343.0,0.154,1.167,0.759,0.22,Papua New Guinea,-5.6816069,144.2489081
11.0,2023.0,395.0,6805.0,0.113,1.174,0.734,0.258,Papua New Guinea,-5.6816069,144.2489081
12.0,2023.0,1.0,7439.0,0.09,1.231,0.697,0.275,Papua New Guinea,-5.6816069,144.2489081
1.0,2024.0,6.0,7434.0,0.071,1.252,0.737,0.263,Papua New Guinea,-5.6816069,144.2489081
2.0,2024.0,4437.0,2523.0,0.121,1.299,0.77,0.279,Papua New Guinea,-5.6816069,144.2489081
3.0,2024.0,49.0,7391.0,0.249,1.249,0.837,0.205,Papua New Guinea,-5.6816069,144.2489081
4.0,2024.0,0.0,7200.0,0.308,1.261,0.851,0.22,Papua New Guinea,-5.6816069,144.2489081
5.0,2024.0,0.0,7440.0,0.227,1.288,0.823,0.255,Papua New Guinea,-5.6816069,144.2489081
6.0,2024.0,0.0,7200.0,0.134,1.31,0.816,0.272,Papua New Guinea,-5.6816069,144.2489081
7.0,2024.0,4381.0,3059.0,0.176,1.218,0.821,0.281,Papua New Guinea,-5.6816069,144.2489081
8.0,2024.0,7344.0,96.0,0.314,1.056,0.685,0.29,Papua New Guinea,-5.6816069,144.2489081
,,,,0.769,,,,Papua New Guinea,-5.6816069,144.2489081
,,,,2.079,,,1600.0,Papua New Guinea,-5.6816069,144.2489081
,,,,-0.083,,,1630.0,Papua New Guinea,-5.6816069,144.2489081
,,,,,,0.24,,Papua New Guinea,-5.6816069,144.2489081
2.0,1993.0,4560.0,2160.0,0.642,0.642,0.993,0.203,Cook Islands,-19.99697155,-157.785871406208
3.0,1993.0,0.0,7440.0,0.546,0.546,1.08,0.224,Cook Islands,-19.99697155,-157.785871406208
4.0,1993.0,0.0,7200.0,0.508,0.508,0.974,0.211,Cook Islands,-19.99697155,-157.785871406208
5.0,1993.0,0.0,7440.0,0.575,0.575,1.075,0.207,Cook Islands,-19.99697155,-157.785871406208
6.0,1993.0,0.0,7200.0,0.47,0.47,0.885,0.207,Cook Islands,-19.99697155,-157.785871406208
7.0,1993.0,0.0,7440.0,0.476,0.476,0.917,0.208,Cook Islands,-19.99697155,-157.785871406208
8.0,1993.0,0.0,7440.0,0.506,0.506,0.964,0.214,Cook Islands,-19.99697155,-157.785871406208
9.0,1993.0,0.0,7200.0,0.42,0.42,0.918,0.211,Cook Islands,-19.99697155,-157.785871406208
10.0,1993.0,0.0,7440.0,0.538,0.538,1.021,0.212,Cook Islands,-19.99697155,-157.785871406208
11.0,1993.0,0.0,7200.0,0.596,0.596,1.079,0.205,Cook Islands,-19.99697155,-157.785871406208
12.0,1993.0,0.0,7440.0,0.681,0.681,1.08,0.205,Cook Islands,-19.99697155,-157.785871406208
1.0,1994.0,0.0,7440.0,0.701,0.701,1.152,0.215,Cook Islands,-19.99697155,-157.785871406208
2.0,1994.0,0.0,6720.0,0.64,0.64,1.101,0.206,Cook Islands,-19.99697155,-157.785871406208
3.0,1994.0,0.0,7440.0,0.595,0.595,1.091,0.222,Cook Islands,-19.99697155,-157.785871406208
4.0,1994.0,0.0,7200.0,0.589,0.589,1.081,0.214,Cook Islands,-19.99697155,-157.785871406208
5.0,1994.0,0.0,7440.0,0.584,0.584,1.029,0.212,Cook Islands,-19.99697155,-157.785871406208
6.0,1994.0,0.0,7200.0,0.509,0.509,0.898,0.212,Cook Islands,-19.99697155,-157.785871406208
7.0,1994.0,0.0,7440.0,0.551,0.551,0.986,0.212,Cook Islands,-19.99697155,-157.785871406208
8.0,1994.0,0.0,7440.0,0.537,0.537,0.937,0.205,Cook Islands,-19.99697155,-157.785871406208
9.0,1994.0,0.0,7200.0,0.515,0.515,1.008,0.212,Cook Islands,-19.99697155,-157.785871406208
10.0,1994.0,0.0,7440.0,0.485,0.485,0.979,0.206,Cook Islands,-19.99697155,-157.785871406208
11.0,1994.0,0.0,7200.0,0.425,0.425,0.868,0.218,Cook Islands,-19.99697155,-157.785871406208
12.0,1994.0,480.0,6960.0,0.563,0.563,1.029,0.214,Cook Islands,-19.99697155,-157.785871406208
1.0,1995.0,0.0,7440.0,0.538,0.538,1.176,0.211,Cook Islands,-19.99697155,-157.785871406208
2.0,1995.0,0.0,6720.0,0.459,0.459,0.952,0.212,Cook Islands,-19.99697155,-157.785871406208
3.0,1995.0,90.0,7350.0,0.468,0.468,0.928,0.21,Cook Islands,-19.99697155,-157.785871406208
4.0,1995.0,480.0,6720.0,0.49,0.49,0.963,0.219,Cook Islands,-19.99697155,-157.785871406208
5.0,1995.0,0.0,7440.0,0.575,0.575,1.046,0.203,Cook Islands,-19.99697155,-157.785871406208
6.0,1995.0,61.0,7139.0,0.552,0.552,1.012,0.206,Cook Islands,-19.99697155,-157.785871406208
7.0,1995.0,1440.0,6000.0,0.525,0.525,0.944,0.206,Cook Islands,-19.99697155,-157.785871406208
8.0,1995.0,0.0,7440.0,0.519,0.519,0.912,0.21,Cook Islands,-19.99697155,-157.785871406208
9.0,1995.0,0.0,7200.0,0.508,0.508,0.936,0.215,Cook Islands,-19.99697155,-157.785871406208
10.0,1995.0,0.0,7440.0,0.46,0.46,0.923,0.212,Cook Islands,-19.99697155,-157.785871406208
11.0,1995.0,0.0,7200.0,0.482,0.482,0.964,0.217,Cook Islands,-19.99697155,-157.785871406208
12.0,1995.0,0.0,7440.0,0.635,0.635,1.101,0.218,Cook Islands,-19.99697155,-157.785871406208
1.0,1996.0,228.0,7212.0,0.66,0.66,1.122,0.212,Cook Islands,-19.99697155,-157.785871406208
2.0,1996.0,719.0,6241.0,0.642,0.642,1.082,0.22,Cook Islands,-19.99697155,-157.785871406208
3.0,1996.0,0.0,7440.0,0.545,0.545,0.965,0.205,Cook Islands,-19.99697155,-157.785871406208
4.0,1996.0,360.0,6840.0,0.529,0.529,0.935,0.206,Cook Islands,-19.99697155,-157.785871406208
5.0,1996.0,0.0,7440.0,0.583,0.583,1.012,0.197,Cook Islands,-19.99697155,-157.785871406208
6.0,1996.0,0.0,7200.0,0.564,0.564,1.055,0.209,Cook Islands,-19.99697155,-157.785871406208
7.0,1996.0,0.0,7440.0,0.537,0.537,0.944,0.212,Cook Islands,-19.99697155,-157.785871406208
8.0,1996.0,0.0,7440.0,0.556,0.556,1.07,0.221,Cook Islands,-19.99697155,-157.785871406208
9.0,1996.0,0.0,7200.0,0.636,0.636,1.083,0.219,Cook Islands,-19.99697155,-157.785871406208
10.0,1996.0,251.0,7189.0,0.574,0.574,1.079,0.216,Cook Islands,-19.99697155,-157.785871406208
11.0,1996.0,0.0,7200.0,0.544,0.544,0.963,0.211,Cook Islands,-19.99697155,-157.785871406208
12.0,1996.0,0.0,7440.0,0.614,0.614,1.023,0.212,Cook Islands,-19.99697155,-157.785871406208
1.0,1997.0,0.0,7440.0,0.638,0.638,1.127,0.211,Cook Islands,-19.99697155,-157.785871406208
2.0,1997.0,0.0,6720.0,0.656,0.656,1.073,0.209,Cook Islands,-19.99697155,-157.785871406208
3.0,1997.0,0.0,7440.0,0.691,0.691,1.202,0.214,Cook Islands,-19.99697155,-157.785871406208
4.0,1997.0,0.0,7200.0,0.642,0.642,1.109,0.211,Cook Islands,-19.99697155,-157.785871406208
5.0,1997.0,0.0,7440.0,0.575,0.575,0.983,0.208,Cook Islands,-19.99697155,-157.785871406208
6.0,1997.0,0.0,7200.0,0.598,0.598,1.033,0.216,Cook Islands,-19.99697155,-157.785871406208
7.0,1997.0,0.0,7440.0,0.591,0.591,1.046,0.211,Cook Islands,-19.99697155,-157.785871406208
8.0,1997.0,0.0,7440.0,0.616,0.616,1.143,0.213,Cook Islands,-19.99697155,-157.785871406208
9.0,1997.0,0.0,7200.0,0.592,0.592,1.14,0.221,Cook Islands,-19.99697155,-157.785871406208
10.0,1997.0,0.0,7440.0,0.492,0.492,1.03,0.212,Cook Islands,-19.99697155,-157.785871406208
11.0,1997.0,0.0,7200.0,0.573,0.573,1.061,0.209,Cook Islands,-19.99697155,-157.785871406208
12.0,1997.0,0.0,7440.0,0.516,0.516,1.623,0.24,Cook Islands,-19.99697155,-157.785871406208
1.0,1998.0,0.0,7440.0,0.563,0.563,1.006,0.218,Cook Islands,-19.99697155,-157.785871406208
2.0,1998.0,0.0,6720.0,0.521,0.521,1.002,0.203,Cook Islands,-19.99697155,-157.785871406208
3.0,1998.0,0.0,7440.0,0.481,0.481,0.999,0.221,Cook Islands,-19.99697155,-157.785871406208
4.0,1998.0,0.0,7200.0,0.459,0.459,1.026,0.217,Cook Islands,-19.99697155,-157.785871406208
5.0,1998.0,0.0,7440.0,0.497,0.497,0.956,0.216,Cook Islands,-19.99697155,-157.785871406208
6.0,1998.0,2663.0,4537.0,0.479,0.479,0.945,0.235,Cook Islands,-19.99697155,-157.785871406208
7.0,1998.0,0.0,7440.0,0.488,0.488,0.892,0.213,Cook Islands,-19.99697155,-157.785871406208
8.0,1998.0,0.0,7440.0,0.474,0.474,0.853,0.208,Cook Islands,-19.99697155,-157.785871406208
9.0,1998.0,0.0,7200.0,0.454,0.454,0.921,0.211,Cook Islands,-19.99697155,-157.785871406208
10.0,1998.0,1971.0,5469.0,0.469,0.469,1.013,0.223,Cook Islands,-19.99697155,-157.785871406208
11.0,1998.0,2871.0,4329.0,0.53,0.53,0.879,0.186,Cook Islands,-19.99697155,-157.785871406208
12.0,1998.0,0.0,7440.0,0.487,0.487,1.005,0.221,Cook Islands,-19.99697155,-157.785871406208
1.0,1999.0,0.0,7440.0,0.594,0.594,1.023,0.218,Cook Islands,-19.99697155,-157.785871406208
2.0,1999.0,0.0,6720.0,0.677,0.677,1.14,0.213,Cook Islands,-19.99697155,-157.785871406208
3.0,1999.0,0.0,7440.0,0.634,0.634,1.086,0.214,Cook Islands,-19.99697155,-157.785871406208
4.0,1999.0,0.0,7200.0,0.544,0.544,1.028,0.211,Cook Islands,-19.99697155,-157.785871406208
5.0,1999.0,0.0,7440.0,0.58,0.58,1.106,0.211,Cook Islands,-19.99697155,-157.785871406208
6.0,1999.0,0.0,7200.0,0.622,0.622,1.075,0.209,Cook Islands,-19.99697155,-157.785871406208
7.0,1999.0,0.0,7440.0,0.661,0.661,1.166,0.218,Cook Islands,-19.99697155,-157.785871406208
8.0,1999.0,0.0,7440.0,0.689,0.689,1.125,0.212,Cook Islands,-19.99697155,-157.785871406208
9.0,1999.0,0.0,7200.0,0.644,0.644,1.14,0.217,Cook Islands,-19.99697155,-157.785871406208
10.0,1999.0,0.0,7440.0,0.622,0.622,1.132,0.218,Cook Islands,-19.99697155,-157.785871406208
11.0,1999.0,0.0,7200.0,0.552,0.552,1.041,0.21,Cook Islands,-19.99697155,-157.785871406208
12.0,1999.0,0.0,7440.0,0.654,0.654,1.188,0.204,Cook Islands,-19.99697155,-157.785871406208
1.0,2000.0,0.0,7440.0,0.634,0.634,1.071,0.202,Cook Islands,-19.99697155,-157.785871406208
2.0,2000.0,0.0,6960.0,0.576,0.576,1.019,0.208,Cook Islands,-19.99697155,-157.785871406208
3.0,2000.0,0.0,7440.0,0.603,0.603,1.078,0.21,Cook Islands,-19.99697155,-157.785871406208
4.0,2000.0,0.0,7200.0,0.664,0.664,1.135,0.211,Cook Islands,-19.99697155,-157.785871406208
5.0,2000.0,0.0,7440.0,0.608,0.608,1.076,0.2,Cook Islands,-19.99697155,-157.785871406208
6.0,2000.0,0.0,7200.0,0.541,0.541,1.023,0.206,Cook Islands,-19.99697155,-157.785871406208
7.0,2000.0,0.0,7440.0,0.526,0.526,1.044,0.214,Cook Islands,-19.99697155,-157.785871406208
8.0,2000.0,0.0,7440.0,0.508,0.508,0.948,0.218,Cook Islands,-19.99697155,-157.785871406208
9.0,2000.0,0.0,7200.0,0.552,0.552,0.988,0.214,Cook Islands,-19.99697155,-157.785871406208
10.0,2000.0,0.0,7440.0,0.529,0.529,0.935,0.209,Cook Islands,-19.99697155,-157.785871406208
11.0,2000.0,0.0,7200.0,0.429,0.429,0.884,0.198,Cook Islands,-19.99697155,-157.785871406208
12.0,2000.0,0.0,7440.0,0.537,0.537,1.074,0.212,Cook Islands,-19.99697155,-157.785871406208
1.0,2001.0,0.0,7440.0,0.612,0.612,1.076,0.206,Cook Islands,-19.99697155,-157.785871406208
2.0,2001.0,0.0,6720.0,0.633,0.633,1.089,0.21,Cook Islands,-19.99697155,-157.785871406208
3.0,2001.0,0.0,7440.0,0.649,0.649,1.117,0.209,Cook Islands,-19.99697155,-157.785871406208
4.0,2001.0,0.0,7200.0,0.598,0.598,1.077,0.21,Cook Islands,-19.99697155,-157.785871406208
5.0,2001.0,0.0,7440.0,0.518,0.518,0.946,0.212,Cook Islands,-19.99697155,-157.785871406208
6.0,2001.0,0.0,7200.0,0.572,0.572,1.03,0.211,Cook Islands,-19.99697155,-157.785871406208
7.0,2001.0,0.0,7440.0,0.563,0.563,1.0,0.21,Cook Islands,-19.99697155,-157.785871406208
8.0,2001.0,0.0,7440.0,0.56,0.56,1.019,0.202,Cook Islands,-19.99697155,-157.785871406208
9.0,2001.0,0.0,7200.0,0.568,0.568,1.005,0.207,Cook Islands,-19.99697155,-157.785871406208
10.0,2001.0,0.0,7440.0,0.511,0.511,1.014,0.21,Cook Islands,-19.99697155,-157.785871406208
11.0,2001.0,0.0,7200.0,0.463,0.463,0.895,0.213,Cook Islands,-19.99697155,-157.785871406208
12.0,2001.0,0.0,7440.0,0.474,0.474,0.982,0.207,Cook Islands,-19.99697155,-157.785871406208
1.0,2002.0,0.0,7440.0,0.464,0.464,0.966,0.212,Cook Islands,-19.99697155,-157.785871406208
2.0,2002.0,0.0,6720.0,0.519,0.519,0.969,0.205,Cook Islands,-19.99697155,-157.785871406208
3.0,2002.0,0.0,7440.0,0.581,0.581,1.075,0.22,Cook Islands,-19.99697155,-157.785871406208
4.0,2002.0,0.0,7200.0,0.607,0.607,1.073,0.21,Cook Islands,-19.99697155,-157.785871406208
5.0,2002.0,0.0,7440.0,0.572,0.572,1.012,0.201,Cook Islands,-19.99697155,-157.785871406208
6.0,2002.0,0.0,7200.0,0.52,0.52,0.898,0.201,Cook Islands,-19.99697155,-157.785871406208
7.0,2002.0,0.0,7440.0,0.555,0.555,1.024,0.202,Cook Islands,-19.99697155,-157.785871406208
8.0,2002.0,0.0,7440.0,0.513,0.513,0.995,0.206,Cook Islands,-19.99697155,-157.785871406208
9.0,2002.0,0.0,7200.0,0.487,0.487,0.901,0.208,Cook Islands,-19.99697155,-157.785871406208
10.0,2002.0,0.0,7440.0,0.6,0.6,1.107,0.202,Cook Islands,-19.99697155,-157.785871406208
11.0,2002.0,0.0,7200.0,0.617,0.617,1.09,0.205,Cook Islands,-19.99697155,-157.785871406208
12.0,2002.0,0.0,7440.0,0.564,0.564,1.074,0.206,Cook Islands,-19.99697155,-157.785871406208
1.0,2003.0,0.0,7440.0,0.6,0.6,0.976,0.198,Cook Islands,-19.99697155,-157.785871406208
2.0,2003.0,0.0,6720.0,0.597,0.597,1.035,0.208,Cook Islands,-19.99697155,-157.785871406208
3.0,2003.0,0.0,7440.0,0.544,0.544,1.016,0.205,Cook Islands,-19.99697155,-157.785871406208
4.0,2003.0,0.0,7200.0,0.558,0.558,1.041,0.205,Cook Islands,-19.99697155,-157.785871406208
5.0,2003.0,0.0,7440.0,0.511,0.511,1.023,0.198,Cook Islands,-19.99697155,-157.785871406208
6.0,2003.0,0.0,7200.0,0.53,0.53,0.957,0.201,Cook Islands,-19.99697155,-157.785871406208
7.0,2003.0,0.0,7440.0,0.539,0.539,1.001,0.199,Cook Islands,-19.99697155,-157.785871406208
8.0,2003.0,0.0,7440.0,0.573,0.573,1.011,0.202,Cook Islands,-19.99697155,-157.785871406208
9.0,2003.0,0.0,7200.0,0.551,0.551,1.002,0.205,Cook Islands,-19.99697155,-157.785871406208
10.0,2003.0,0.0,7440.0,0.546,0.546,1.078,0.212,Cook Islands,-19.99697155,-157.785871406208
11.0,2003.0,0.0,7200.0,0.567,0.567,1.033,0.199,Cook Islands,-19.99697155,-157.785871406208
12.0,2003.0,0.0,7440.0,0.595,0.595,1.067,0.196,Cook Islands,-19.99697155,-157.785871406208
1.0,2004.0,0.0,7440.0,0.606,0.606,1.05,0.199,Cook Islands,-19.99697155,-157.785871406208
2.0,2004.0,0.0,6960.0,0.586,0.586,1.006,0.198,Cook Islands,-19.99697155,-157.785871406208
3.0,2004.0,0.0,7440.0,0.604,0.604,1.037,0.192,Cook Islands,-19.99697155,-157.785871406208
4.0,2004.0,0.0,7200.0,0.574,0.574,1.074,0.198,Cook Islands,-19.99697155,-157.785871406208
5.0,2004.0,0.0,7440.0,0.579,0.579,1.022,0.194,Cook Islands,-19.99697155,-157.785871406208
6.0,2004.0,0.0,7200.0,0.508,0.508,0.966,0.198,Cook Islands,-19.99697155,-157.785871406208
7.0,2004.0,0.0,7440.0,0.492,0.492,0.979,0.2,Cook Islands,-19.99697155,-157.785871406208
8.0,2004.0,0.0,7440.0,0.555,0.555,0.996,0.202,Cook Islands,-19.99697155,-157.785871406208
9.0,2004.0,0.0,7200.0,0.558,0.558,0.987,0.205,Cook Islands,-19.99697155,-157.785871406208
10.0,2004.0,0.0,7440.0,0.553,0.553,0.999,0.205,Cook Islands,-19.99697155,-157.785871406208
11.0,2004.0,0.0,7200.0,0.504,0.504,0.942,0.197,Cook Islands,-19.99697155,-157.785871406208
12.0,2004.0,0.0,7440.0,0.516,0.516,0.933,0.195,Cook Islands,-19.99697155,-157.785871406208
1.0,2005.0,0.0,7440.0,0.569,0.569,1.007,0.204,Cook Islands,-19.99697155,-157.785871406208
2.0,2005.0,0.0,6720.0,0.619,0.619,1.382,0.22,Cook Islands,-19.99697155,-157.785871406208
3.0,2005.0,0.0,7440.0,0.596,0.596,1.107,0.209,Cook Islands,-19.99697155,-157.785871406208
4.0,2005.0,0.0,7200.0,0.66,0.66,1.088,0.205,Cook Islands,-19.99697155,-157.785871406208
5.0,2005.0,0.0,7440.0,0.506,0.506,0.909,0.199,Cook Islands,-19.99697155,-157.785871406208
6.0,2005.0,0.0,7200.0,0.465,0.465,0.89,0.201,Cook Islands,-19.99697155,-157.785871406208
7.0,2005.0,0.0,7440.0,0.558,0.558,1.054,0.204,Cook Islands,-19.99697155,-157.785871406208
8.0,2005.0,292.0,7148.0,0.543,0.543,1.032,0.201,Cook Islands,-19.99697155,-157.785871406208
9.0,2005.0,0.0,7200.0,0.558,0.558,1.008,0.2,Cook Islands,-19.99697155,-157.785871406208
10.0,2005.0,0.0,7440.0,0.571,0.571,1.059,0.205,Cook Islands,-19.99697155,-157.785871406208
11.0,2005.0,0.0,7200.0,0.625,0.625,1.038,0.198,Cook Islands,-19.99697155,-157.785871406208
12.0,2005.0,0.0,7440.0,0.547,0.547,0.994,0.198,Cook Islands,-19.99697155,-157.785871406208
1.0,2006.0,0.0,7440.0,0.617,0.617,1.235,0.213,Cook Islands,-19.99697155,-157.785871406208
2.0,2006.0,0.0,6720.0,0.727,0.727,1.202,0.2,Cook Islands,-19.99697155,-157.785871406208
3.0,2006.0,0.0,7440.0,0.674,0.674,1.198,0.215,Cook Islands,-19.99697155,-157.785871406208
4.0,2006.0,0.0,7200.0,0.684,0.684,1.143,0.205,Cook Islands,-19.99697155,-157.785871406208
5.0,2006.0,0.0,7440.0,0.684,0.684,1.073,0.194,Cook Islands,-19.99697155,-157.785871406208
6.0,2006.0,0.0,7200.0,0.656,0.656,1.04,0.187,Cook Islands,-19.99697155,-157.785871406208
7.0,2006.0,0.0,7440.0,0.656,0.656,1.098,0.192,Cook Islands,-19.99697155,-157.785871406208
8.0,2006.0,0.0,7440.0,0.62,0.62,1.04,0.198,Cook Islands,-19.99697155,-157.785871406208
9.0,2006.0,0.0,7200.0,0.639,0.639,1.12,0.203,Cook Islands,-19.99697155,-157.785871406208
10.0,2006.0,0.0,7440.0,0.57,0.57,1.108,0.211,Cook Islands,-19.99697155,-157.785871406208
11.0,2006.0,0.0,7200.0,0.581,0.581,1.002,0.207,Cook Islands,-19.99697155,-157.785871406208
12.0,2006.0,0.0,7440.0,0.725,0.725,1.134,0.202,Cook Islands,-19.99697155,-157.785871406208
1.0,2007.0,0.0,7440.0,0.763,0.763,1.179,0.197,Cook Islands,-19.99697155,-157.785871406208
2.0,2007.0,0.0,6720.0,0.687,0.687,1.169,0.204,Cook Islands,-19.99697155,-157.785871406208
3.0,2007.0,0.0,7440.0,0.659,0.659,1.129,0.201,Cook Islands,-19.99697155,-157.785871406208
4.0,2007.0,0.0,7200.0,0.613,0.613,1.182,0.206,Cook Islands,-19.99697155,-157.785871406208
5.0,2007.0,0.0,7440.0,0.64,0.64,1.129,0.195,Cook Islands,-19.99697155,-157.785871406208
6.0,2007.0,0.0,7200.0,0.591,0.591,1.028,0.193,Cook Islands,-19.99697155,-157.785871406208
7.0,2007.0,0.0,7440.0,0.539,0.539,0.954,0.196,Cook Islands,-19.99697155,-157.785871406208
8.0,2007.0,0.0,7440.0,0.624,0.624,1.083,0.203,Cook Islands,-19.99697155,-157.785871406208
9.0,2007.0,0.0,7200.0,0.626,0.626,1.124,0.209,Cook Islands,-19.99697155,-157.785871406208
10.0,2007.0,0.0,7440.0,0.618,0.618,1.186,0.21,Cook Islands,-19.99697155,-157.785871406208
11.0,2007.0,0.0,7200.0,0.69,0.69,1.26,0.206,Cook Islands,-19.99697155,-157.785871406208
12.0,2007.0,0.0,7440.0,0.663,0.663,1.181,0.206,Cook Islands,-19.99697155,-157.785871406208
1.0,2008.0,0.0,7440.0,0.621,0.621,1.169,0.203,Cook Islands,-19.99697155,-157.785871406208
2.0,2008.0,0.0,6960.0,0.623,0.623,1.052,0.205,Cook Islands,-19.99697155,-157.785871406208
3.0,2008.0,0.0,7440.0,0.638,0.638,1.112,0.201,Cook Islands,-19.99697155,-157.785871406208
4.0,2008.0,0.0,7200.0,0.651,0.651,1.157,0.196,Cook Islands,-19.99697155,-157.785871406208
5.0,2008.0,0.0,7440.0,0.674,0.674,1.158,0.198,Cook Islands,-19.99697155,-157.785871406208
6.0,2008.0,0.0,7200.0,0.639,0.639,1.112,0.204,Cook Islands,-19.99697155,-157.785871406208
7.0,2008.0,0.0,7440.0,0.59,0.59,1.01,0.203,Cook Islands,-19.99697155,-157.785871406208
8.0,2008.0,0.0,7440.0,0.565,0.565,0.979,0.206,Cook Islands,-19.99697155,-157.785871406208
9.0,2008.0,0.0,7200.0,0.626,0.626,1.071,0.205,Cook Islands,-19.99697155,-157.785871406208
10.0,2008.0,0.0,7440.0,0.654,0.654,1.145,0.203,Cook Islands,-19.99697155,-157.785871406208
11.0,2008.0,0.0,7200.0,0.64,0.64,1.16,0.203,Cook Islands,-19.99697155,-157.785871406208
12.0,2008.0,0.0,7440.0,0.648,0.648,1.116,0.202,Cook Islands,-19.99697155,-157.785871406208
1.0,2009.0,0.0,7440.0,0.667,0.667,1.16,0.204,Cook Islands,-19.99697155,-157.785871406208
2.0,2009.0,0.0,6720.0,0.687,0.687,1.146,0.211,Cook Islands,-19.99697155,-157.785871406208
3.0,2009.0,0.0,7440.0,0.71,0.71,1.144,0.214,Cook Islands,-19.99697155,-157.785871406208
4.0,2009.0,0.0,7200.0,0.61,0.61,1.098,0.21,Cook Islands,-19.99697155,-157.785871406208
5.0,2009.0,0.0,7440.0,0.548,0.548,0.994,0.208,Cook Islands,-19.99697155,-157.785871406208
6.0,2009.0,0.0,7200.0,0.576,0.576,1.06,0.209,Cook Islands,-19.99697155,-157.785871406208
7.0,2009.0,0.0,7440.0,0.613,0.613,1.124,0.205,Cook Islands,-19.99697155,-157.785871406208
8.0,2009.0,0.0,7440.0,0.603,0.603,1.107,0.204,Cook Islands,-19.99697155,-157.785871406208
9.0,2009.0,0.0,7200.0,0.623,0.623,1.065,0.205,Cook Islands,-19.99697155,-157.785871406208
10.0,2009.0,0.0,7440.0,0.611,0.611,1.072,0.2,Cook Islands,-19.99697155,-157.785871406208
11.0,2009.0,0.0,7200.0,0.547,0.547,1.011,0.203,Cook Islands,-19.99697155,-157.785871406208
12.0,2009.0,0.0,7440.0,0.645,0.645,1.086,0.212,Cook Islands,-19.99697155,-157.785871406208
1.0,2010.0,0.0,7440.0,0.691,0.691,1.185,0.215,Cook Islands,-19.99697155,-157.785871406208
2.0,2010.0,0.0,6720.0,0.642,0.642,1.169,0.212,Cook Islands,-19.99697155,-157.785871406208
3.0,2010.0,0.0,7440.0,0.577,0.577,1.112,0.222,Cook Islands,-19.99697155,-157.785871406208
4.0,2010.0,0.0,7200.0,0.619,0.619,1.059,0.211,Cook Islands,-19.99697155,-157.785871406208
5.0,2010.0,0.0,7440.0,0.465,0.465,0.931,0.208,Cook Islands,-19.99697155,-157.785871406208
6.0,2010.0,6848.0,352.0,0.505,0.505,0.854,0.207,Cook Islands,-19.99697155,-157.785871406208
7.0,2010.0,7440.0,0.0,7440.0,7440.0,,0.0,Cook Islands,-19.99697155,-157.785871406208
8.0,2010.0,7440.0,0.0,7440.0,7440.0,,0.0,Cook Islands,-19.99697155,-157.785871406208
9.0,2010.0,6439.0,761.0,0.595,0.595,0.936,0.207,Cook Islands,-19.99697155,-157.785871406208
10.0,2010.0,0.0,7440.0,0.562,0.562,1.054,0.214,Cook Islands,-19.99697155,-157.785871406208
11.0,2010.0,0.0,7200.0,0.593,0.593,1.017,0.212,Cook Islands,-19.99697155,-157.785871406208
12.0,2010.0,0.0,7440.0,0.638,0.638,1.027,0.212,Cook Islands,-19.99697155,-157.785871406208
1.0,2011.0,0.0,7440.0,0.643,0.643,1.177,0.21,Cook Islands,-19.99697155,-157.785871406208
2.0,2011.0,0.0,6720.0,0.613,0.613,1.093,0.21,Cook Islands,-19.99697155,-157.785871406208
3.0,2011.0,0.0,7440.0,0.64,0.64,1.126,0.203,Cook Islands,-19.99697155,-157.785871406208
4.0,2011.0,0.0,7200.0,0.672,0.672,1.163,0.203,Cook Islands,-19.99697155,-157.785871406208
5.0,2011.0,0.0,7440.0,0.626,0.626,1.059,0.202,Cook Islands,-19.99697155,-157.785871406208
6.0,2011.0,0.0,7200.0,0.604,0.604,1.008,0.202,Cook Islands,-19.99697155,-157.785871406208
7.0,2011.0,0.0,7440.0,0.688,0.688,1.098,0.205,Cook Islands,-19.99697155,-157.785871406208
8.0,2011.0,0.0,7440.0,0.715,0.715,1.225,0.208,Cook Islands,-19.99697155,-157.785871406208
9.0,2011.0,0.0,7200.0,0.658,0.658,1.134,0.209,Cook Islands,-19.99697155,-157.785871406208
10.0,2011.0,0.0,7440.0,0.658,0.658,1.187,0.212,Cook Islands,-19.99697155,-157.785871406208
11.0,2011.0,0.0,7200.0,0.732,0.732,1.139,0.201,Cook Islands,-19.99697155,-157.785871406208
12.0,2011.0,0.0,7440.0,0.681,0.681,1.169,0.205,Cook Islands,-19.99697155,-157.785871406208
1.0,2012.0,0.0,7440.0,0.708,0.708,1.121,0.205,Cook Islands,-19.99697155,-157.785871406208
2.0,2012.0,0.0,6960.0,0.718,0.718,1.162,0.208,Cook Islands,-19.99697155,-157.785871406208
3.0,2012.0,0.0,7440.0,0.662,0.662,1.152,0.211,Cook Islands,-19.99697155,-157.785871406208
4.0,2012.0,0.0,7200.0,0.635,0.635,1.136,0.213,Cook Islands,-19.99697155,-157.785871406208
5.0,2012.0,0.0,7440.0,0.712,0.712,1.15,0.21,Cook Islands,-19.99697155,-157.785871406208
6.0,2012.0,0.0,7200.0,0.646,0.646,1.087,0.214,Cook Islands,-19.99697155,-157.785871406208
7.0,2012.0,0.0,7440.0,0.619,0.619,1.04,0.21,Cook Islands,-19.99697155,-157.785871406208
8.0,2012.0,7189.0,251.0,0.617,0.617,0.953,0.21,Cook Islands,-19.99697155,-157.785871406208
9.0,2012.0,7200.0,0.0,7200.0,7200.0,,0.0,Cook Islands,-19.99697155,-157.785871406208
10.0,2012.0,4562.0,2878.0,0.66,0.66,1.105,0.207,Cook Islands,-19.99697155,-157.785871406208
11.0,2012.0,0.0,7200.0,0.668,0.668,1.108,0.208,Cook Islands,-19.99697155,-157.785871406208
12.0,2012.0,0.0,7440.0,0.7,0.7,1.236,0.218,Cook Islands,-19.99697155,-157.785871406208
1.0,2013.0,0.0,7440.0,0.54,0.54,0.994,0.21,Cook Islands,-19.99697155,-157.785871406208
2.0,2013.0,0.0,6720.0,0.576,0.576,0.978,0.21,Cook Islands,-19.99697155,-157.785871406208
3.0,2013.0,0.0,7440.0,0.62,0.62,1.102,0.215,Cook Islands,-19.99697155,-157.785871406208
4.0,2013.0,0.0,7200.0,0.609,0.609,1.045,0.214,Cook Islands,-19.99697155,-157.785871406208
5.0,2013.0,0.0,7440.0,0.561,0.561,1.031,0.212,Cook Islands,-19.99697155,-157.785871406208
6.0,2013.0,0.0,7200.0,0.603,0.603,1.049,0.209,Cook Islands,-19.99697155,-157.785871406208
7.0,2013.0,0.0,7440.0,0.564,0.564,0.999,0.21,Cook Islands,-19.99697155,-157.785871406208
8.0,2013.0,0.0,7440.0,0.582,0.582,1.018,0.212,Cook Islands,-19.99697155,-157.785871406208
9.0,2013.0,0.0,7200.0,0.633,0.633,1.084,0.211,Cook Islands,-19.99697155,-157.785871406208
10.0,2013.0,0.0,7440.0,0.64,0.64,1.107,0.215,Cook Islands,-19.99697155,-157.785871406208
11.0,2013.0,0.0,7200.0,0.59,0.59,1.091,0.213,Cook Islands,-19.99697155,-157.785871406208
12.0,2013.0,0.0,7440.0,0.549,0.549,0.976,0.211,Cook Islands,-19.99697155,-157.785871406208
1.0,2014.0,0.0,7440.0,0.654,0.654,1.126,0.224,Cook Islands,-19.99697155,-157.785871406208
2.0,2014.0,0.0,6720.0,0.646,0.646,1.144,0.222,Cook Islands,-19.99697155,-157.785871406208
3.0,2014.0,0.0,7440.0,0.643,0.643,1.126,0.225,Cook Islands,-19.99697155,-157.785871406208
4.0,2014.0,0.0,7200.0,0.604,0.604,1.058,0.211,Cook Islands,-19.99697155,-157.785871406208
5.0,2014.0,0.0,7440.0,0.565,0.565,0.969,0.204,Cook Islands,-19.99697155,-157.785871406208
6.0,2014.0,0.0,7200.0,0.584,0.584,1.008,0.202,Cook Islands,-19.99697155,-157.785871406208
7.0,2014.0,0.0,7440.0,0.653,0.653,1.145,0.21,Cook Islands,-19.99697155,-157.785871406208
8.0,2014.0,0.0,7440.0,0.596,0.596,1.093,0.212,Cook Islands,-19.99697155,-157.785871406208
9.0,2014.0,0.0,7200.0,0.606,0.606,1.071,0.214,Cook Islands,-19.99697155,-157.785871406208
10.0,2014.0,0.0,7440.0,0.641,0.641,1.11,0.214,Cook Islands,-19.99697155,-157.785871406208
11.0,2014.0,0.0,7200.0,0.565,0.565,1.04,0.215,Cook Islands,-19.99697155,-157.785871406208
12.0,2014.0,0.0,7440.0,0.647,0.647,1.101,0.214,Cook Islands,-19.99697155,-157.785871406208
1.0,2015.0,0.0,7440.0,0.582,0.582,1.069,0.216,Cook Islands,-19.99697155,-157.785871406208
2.0,2015.0,0.0,6720.0,0.612,0.612,1.153,0.22,Cook Islands,-19.99697155,-157.785871406208
3.0,2015.0,0.0,7440.0,0.694,0.694,1.214,0.209,Cook Islands,-19.99697155,-157.785871406208
4.0,2015.0,0.0,7200.0,0.665,0.665,1.138,0.203,Cook Islands,-19.99697155,-157.785871406208
5.0,2015.0,0.0,7440.0,0.626,0.626,1.119,0.203,Cook Islands,-19.99697155,-157.785871406208
6.0,2015.0,0.0,7200.0,0.616,0.616,1.033,0.203,Cook Islands,-19.99697155,-157.785871406208
7.0,2015.0,0.0,7440.0,0.501,0.501,0.95,0.208,Cook Islands,-19.99697155,-157.785871406208
8.0,2015.0,0.0,7440.0,0.577,0.577,1.03,0.219,Cook Islands,-19.99697155,-157.785871406208
9.0,2015.0,0.0,7200.0,0.561,0.561,1.046,0.221,Cook Islands,-19.99697155,-157.785871406208
10.0,2015.0,0.0,7440.0,0.617,0.617,1.125,0.227,Cook Islands,-19.99697155,-157.785871406208
11.0,2015.0,0.0,7200.0,0.564,0.564,1.029,0.212,Cook Islands,-19.99697155,-157.785871406208
12.0,2015.0,0.0,7440.0,0.588,0.588,1.073,0.218,Cook Islands,-19.99697155,-157.785871406208
1.0,2016.0,0.0,7440.0,0.67,0.67,1.163,0.21,Cook Islands,-19.99697155,-157.785871406208
2.0,2016.0,0.0,6960.0,0.69,0.69,1.141,0.216,Cook Islands,-19.99697155,-157.785871406208
3.0,2016.0,0.0,7440.0,0.687,0.687,1.224,0.224,Cook Islands,-19.99697155,-157.785871406208
4.0,2016.0,0.0,7200.0,0.548,0.548,1.016,0.215,Cook Islands,-19.99697155,-157.785871406208
5.0,2016.0,0.0,7440.0,0.614,0.614,1.092,0.213,Cook Islands,-19.99697155,-157.785871406208
6.0,2016.0,0.0,7200.0,0.54,0.54,1.015,0.213,Cook Islands,-19.99697155,-157.785871406208
7.0,2016.0,0.0,7440.0,0.61,0.61,1.02,0.214,Cook Islands,-19.99697155,-157.785871406208
8.0,2016.0,0.0,7440.0,0.684,0.684,1.179,0.211,Cook Islands,-19.99697155,-157.785871406208
9.0,2016.0,0.0,7200.0,0.624,0.624,1.126,0.215,Cook Islands,-19.99697155,-157.785871406208
10.0,2016.0,0.0,7440.0,0.693,0.693,1.187,0.213,Cook Islands,-19.99697155,-157.785871406208
11.0,2016.0,0.0,7200.0,0.578,0.578,1.072,0.211,Cook Islands,-19.99697155,-157.785871406208
12.0,2016.0,0.0,7440.0,0.677,0.677,1.148,0.22,Cook Islands,-19.99697155,-157.785871406208
1.0,2017.0,0.0,7440.0,0.694,0.694,1.141,0.214,Cook Islands,-19.99697155,-157.785871406208
2.0,2017.0,0.0,6720.0,0.673,0.673,1.087,0.215,Cook Islands,-19.99697155,-157.785871406208
3.0,2017.0,0.0,7440.0,0.593,0.593,1.09,0.216,Cook Islands,-19.99697155,-157.785871406208
4.0,2017.0,0.0,7200.0,0.663,0.663,1.2,0.225,Cook Islands,-19.99697155,-157.785871406208
5.0,2017.0,0.0,7440.0,0.623,0.623,1.09,0.216,Cook Islands,-19.99697155,-157.785871406208
6.0,2017.0,0.0,7200.0,0.595,0.595,1.096,0.215,Cook Islands,-19.99697155,-157.785871406208
7.0,2017.0,0.0,7440.0,0.654,0.654,1.121,0.213,Cook Islands,-19.99697155,-157.785871406208
8.0,2017.0,0.0,7440.0,0.683,0.683,1.122,0.213,Cook Islands,-19.99697155,-157.785871406208
9.0,2017.0,0.0,7200.0,0.631,0.631,1.1,0.217,Cook Islands,-19.99697155,-157.785871406208
10.0,2017.0,0.0,7440.0,0.567,0.567,0.994,0.208,Cook Islands,-19.99697155,-157.785871406208
11.0,2017.0,0.0,7200.0,0.591,0.591,1.039,0.21,Cook Islands,-19.99697155,-157.785871406208
12.0,2017.0,0.0,7440.0,0.66,0.66,1.165,0.214,Cook Islands,-19.99697155,-157.785871406208
1.0,2018.0,0.0,7440.0,0.612,0.612,1.112,0.211,Cook Islands,-19.99697155,-157.785871406208
2.0,2018.0,0.0,6720.0,0.628,0.628,1.113,0.215,Cook Islands,-19.99697155,-157.785871406208
3.0,2018.0,0.0,7440.0,0.624,0.624,1.049,0.208,Cook Islands,-19.99697155,-157.785871406208
4.0,2018.0,0.0,7200.0,0.565,0.565,0.976,0.2,Cook Islands,-19.99697155,-157.785871406208
5.0,2018.0,0.0,7440.0,0.547,0.547,0.976,0.199,Cook Islands,-19.99697155,-157.785871406208
6.0,2018.0,0.0,7200.0,0.626,0.626,1.133,0.2,Cook Islands,-19.99697155,-157.785871406208
7.0,2018.0,0.0,7440.0,0.559,0.559,1.024,0.207,Cook Islands,-19.99697155,-157.785871406208
8.0,2018.0,0.0,7440.0,0.54,0.54,1.011,0.21,Cook Islands,-19.99697155,-157.785871406208
9.0,2018.0,0.0,7200.0,0.611,0.611,1.015,0.213,Cook Islands,-19.99697155,-157.785871406208
10.0,2018.0,0.0,7440.0,0.634,0.634,1.104,0.212,Cook Islands,-19.99697155,-157.785871406208
11.0,2018.0,0.0,7200.0,0.655,0.655,1.133,0.215,Cook Islands,-19.99697155,-157.785871406208
12.0,2018.0,0.0,7440.0,0.671,0.671,1.113,0.21,Cook Islands,-19.99697155,-157.785871406208
1.0,2019.0,0.0,7440.0,0.718,0.718,1.188,0.212,Cook Islands,-19.99697155,-157.785871406208
2.0,2019.0,0.0,6720.0,0.683,0.683,1.171,0.218,Cook Islands,-19.99697155,-157.785871406208
3.0,2019.0,0.0,7440.0,0.701,0.701,1.165,0.201,Cook Islands,-19.99697155,-157.785871406208
4.0,2019.0,0.0,7200.0,0.66,0.66,1.055,0.203,Cook Islands,-19.99697155,-157.785871406208
5.0,2019.0,0.0,7440.0,0.667,0.667,1.129,0.2,Cook Islands,-19.99697155,-157.785871406208
6.0,2019.0,0.0,7200.0,0.651,0.651,1.063,0.197,Cook Islands,-19.99697155,-157.785871406208
7.0,2019.0,0.0,7440.0,0.638,0.638,1.056,0.205,Cook Islands,-19.99697155,-157.785871406208
8.0,2019.0,0.0,7440.0,0.613,0.613,1.068,0.213,Cook Islands,-19.99697155,-157.785871406208
9.0,2019.0,0.0,7200.0,0.644,0.644,1.102,0.22,Cook Islands,-19.99697155,-157.785871406208
10.0,2019.0,0.0,7440.0,0.629,0.629,1.214,0.226,Cook Islands,-19.99697155,-157.785871406208
11.0,2019.0,0.0,7200.0,0.682,0.682,1.16,0.213,Cook Islands,-19.99697155,-157.785871406208
12.0,2019.0,0.0,7440.0,0.639,0.639,1.015,0.205,Cook Islands,-19.99697155,-157.785871406208
1.0,2020.0,0.0,7440.0,0.651,0.651,1.105,0.207,Cook Islands,-19.99697155,-157.785871406208
2.0,2020.0,0.0,6960.0,0.701,0.701,1.204,0.205,Cook Islands,-19.99697155,-157.785871406208
3.0,2020.0,0.0,7440.0,0.714,0.714,1.197,0.212,Cook Islands,-19.99697155,-157.785871406208
4.0,2020.0,0.0,7200.0,0.677,0.677,1.257,0.218,Cook Islands,-19.99697155,-157.785871406208
5.0,2020.0,0.0,7440.0,0.612,0.612,1.025,0.201,Cook Islands,-19.99697155,-157.785871406208
6.0,2020.0,0.0,7200.0,0.647,0.647,1.066,0.202,Cook Islands,-19.99697155,-157.785871406208
7.0,2020.0,0.0,7440.0,0.635,0.635,1.042,0.204,Cook Islands,-19.99697155,-157.785871406208
8.0,2020.0,0.0,7440.0,0.578,0.578,0.992,0.201,Cook Islands,-19.99697155,-157.785871406208
9.0,2020.0,0.0,7200.0,0.641,0.641,1.127,0.204,Cook Islands,-19.99697155,-157.785871406208
10.0,2020.0,0.0,7440.0,0.638,0.638,1.17,0.207,Cook Islands,-19.99697155,-157.785871406208
11.0,2020.0,0.0,7200.0,0.561,0.561,1.055,0.203,Cook Islands,-19.99697155,-157.785871406208
12.0,2020.0,0.0,7440.0,0.581,0.581,1.001,0.199,Cook Islands,-19.99697155,-157.785871406208
1.0,2021.0,0.0,7440.0,0.632,0.632,1.071,0.203,Cook Islands,-19.99697155,-157.785871406208
2.0,2021.0,0.0,6720.0,0.714,0.714,1.121,0.2,Cook Islands,-19.99697155,-157.785871406208
3.0,2021.0,0.0,7440.0,0.721,0.721,1.235,0.215,Cook Islands,-19.99697155,-157.785871406208
4.0,2021.0,0.0,7200.0,0.736,0.736,1.227,0.21,Cook Islands,-19.99697155,-157.785871406208
5.0,2021.0,0.0,7440.0,0.728,0.728,1.258,0.209,Cook Islands,-19.99697155,-157.785871406208
6.0,2021.0,0.0,7200.0,0.727,0.727,1.165,0.193,Cook Islands,-19.99697155,-157.785871406208
7.0,2021.0,0.0,7440.0,0.726,0.726,1.166,0.195,Cook Islands,-19.99697155,-157.785871406208
8.0,2021.0,0.0,7440.0,0.729,0.729,1.143,0.198,Cook Islands,-19.99697155,-157.785871406208
9.0,2021.0,0.0,7200.0,0.67,0.67,1.059,0.193,Cook Islands,-19.99697155,-157.785871406208
10.0,2021.0,0.0,7440.0,0.691,0.691,1.189,0.199,Cook Islands,-19.99697155,-157.785871406208
11.0,2021.0,0.0,7200.0,0.703,0.703,1.174,0.201,Cook Islands,-19.99697155,-157.785871406208
12.0,2021.0,0.0,7440.0,0.736,0.736,1.236,0.201,Cook Islands,-19.99697155,-157.785871406208
1.0,2022.0,0.0,7440.0,0.744,0.744,1.201,0.21,Cook Islands,-19.99697155,-157.785871406208
2.0,2022.0,0.0,6720.0,0.662,0.662,1.06,0.2,Cook Islands,-19.99697155,-157.785871406208
3.0,2022.0,0.0,7440.0,0.728,0.728,1.157,0.205,Cook Islands,-19.99697155,-157.785871406208
4.0,2022.0,0.0,7200.0,0.817,0.817,1.261,0.208,Cook Islands,-19.99697155,-157.785871406208
5.0,2022.0,2.0,7438.0,0.773,0.773,1.219,0.201,Cook Islands,-19.99697155,-157.785871406208
6.0,2022.0,0.0,7200.0,0.771,0.771,1.172,0.191,Cook Islands,-19.99697155,-157.785871406208
7.0,2022.0,0.0,7440.0,0.765,0.765,1.179,0.189,Cook Islands,-19.99697155,-157.785871406208
8.0,2022.0,1.0,7439.0,0.712,0.712,1.143,0.193,Cook Islands,-19.99697155,-157.785871406208
9.0,2022.0,0.0,7200.0,0.7,0.7,1.248,0.202,Cook Islands,-19.99697155,-157.785871406208
10.0,2022.0,0.0,7440.0,0.704,0.704,1.142,0.203,Cook Islands,-19.99697155,-157.785871406208
11.0,2022.0,0.0,7200.0,0.643,0.643,1.064,0.199,Cook Islands,-19.99697155,-157.785871406208
12.0,2022.0,0.0,7440.0,0.71,0.71,1.148,0.194,Cook Islands,-19.99697155,-157.785871406208
1.0,2023.0,0.0,7440.0,0.684,0.684,1.086,0.196,Cook Islands,-19.99697155,-157.785871406208
2.0,2023.0,1.0,6719.0,0.734,0.734,1.206,0.201,Cook Islands,-19.99697155,-157.785871406208
3.0,2023.0,348.0,7092.0,0.687,0.687,1.088,0.194,Cook Islands,-19.99697155,-157.785871406208
4.0,2023.0,28.0,7172.0,0.667,0.667,1.123,0.195,Cook Islands,-19.99697155,-157.785871406208
5.0,2023.0,6.0,7434.0,0.703,0.703,1.114,0.189,Cook Islands,-19.99697155,-157.785871406208
6.0,2023.0,2.0,7198.0,0.668,0.668,1.047,0.19,Cook Islands,-19.99697155,-157.785871406208
7.0,2023.0,0.0,7440.0,0.682,0.682,1.084,0.194,Cook Islands,-19.99697155,-157.785871406208
8.0,2023.0,2.0,7438.0,0.67,0.67,1.126,0.201,Cook Islands,-19.99697155,-157.785871406208
9.0,2023.0,0.0,7200.0,0.668,0.668,1.165,0.207,Cook Islands,-19.99697155,-157.785871406208
10.0,2023.0,0.0,7440.0,0.677,0.677,1.165,0.204,Cook Islands,-19.99697155,-157.785871406208
11.0,2023.0,162.0,7038.0,0.668,0.668,1.082,0.194,Cook Islands,-19.99697155,-157.785871406208
12.0,2023.0,9.0,7431.0,0.697,0.697,1.114,0.196,Cook Islands,-19.99697155,-157.785871406208
1.0,2024.0,0.0,7440.0,0.74,0.74,1.139,0.199,Cook Islands,-19.99697155,-157.785871406208
2.0,2024.0,0.0,6960.0,0.717,0.717,1.241,0.213,Cook Islands,-19.99697155,-157.785871406208
3.0,2024.0,1.0,7439.0,0.73,0.73,1.359,0.21,Cook Islands,-19.99697155,-157.785871406208
4.0,2024.0,0.0,7200.0,0.741,0.741,1.278,0.202,Cook Islands,-19.99697155,-157.785871406208
5.0,2024.0,0.0,7440.0,0.692,0.692,1.216,0.201,Cook Islands,-19.99697155,-157.785871406208
6.0,2024.0,0.0,7200.0,0.657,0.657,1.063,0.196,Cook Islands,-19.99697155,-157.785871406208
7.0,2024.0,0.0,7440.0,0.663,0.663,1.122,0.202,Cook Islands,-19.99697155,-157.785871406208
8.0,2024.0,0.0,7440.0,0.606,0.606,1.096,0.199,Cook Islands,-19.99697155,-157.785871406208
9.0,2024.0,1.0,7199.0,0.631,0.631,1.047,0.202,Cook Islands,-19.99697155,-157.785871406208
10.0,2024.0,0.0,7440.0,0.614,0.614,1.151,0.203,Cook Islands,-19.99697155,-157.785871406208
11.0,2024.0,0.0,7200.0,0.605,0.605,1.05,0.205,Cook Islands,-19.99697155,-157.785871406208
5.0,1993.0,3360.0,4080.0,0.966,0.966,1.819,0.394,Marshall Islands,8.230817,167.795322370453
6.0,1993.0,240.0,6960.0,1.025,1.025,1.921,0.411,Marshall Islands,8.230817,167.795322370453
7.0,1993.0,401.0,7039.0,1.016,1.016,2.012,0.429,Marshall Islands,8.230817,167.795322370453
8.0,1993.0,2261.0,5179.0,0.976,0.976,1.872,0.382,Marshall Islands,8.230817,167.795322370453
9.0,1993.0,0.0,7200.0,0.986,0.986,2.019,0.446,Marshall Islands,8.230817,167.795322370453
10.0,1993.0,0.0,7440.0,1.057,1.057,2.149,0.447,Marshall Islands,8.230817,167.795322370453
11.0,1993.0,0.0,7200.0,1.015,1.015,2.066,0.437,Marshall Islands,8.230817,167.795322370453
12.0,1993.0,0.0,7440.0,0.973,0.973,1.999,0.436,Marshall Islands,8.230817,167.795322370453
1.0,1994.0,0.0,7440.0,1.036,1.036,2.15,0.452,Marshall Islands,8.230817,167.795322370453
2.0,1994.0,0.0,6720.0,1.056,1.056,2.123,0.463,Marshall Islands,8.230817,167.795322370453
3.0,1994.0,0.0,7440.0,1.069,1.069,2.175,0.471,Marshall Islands,8.230817,167.795322370453
4.0,1994.0,0.0,7200.0,1.056,1.056,2.072,0.446,Marshall Islands,8.230817,167.795322370453
5.0,1994.0,0.0,7440.0,0.988,0.988,1.985,0.418,Marshall Islands,8.230817,167.795322370453
6.0,1994.0,0.0,7200.0,0.943,0.943,1.923,0.408,Marshall Islands,8.230817,167.795322370453
7.0,1994.0,0.0,7440.0,0.946,0.946,1.946,0.425,Marshall Islands,8.230817,167.795322370453
8.0,1994.0,0.0,7440.0,0.948,0.948,1.898,0.435,Marshall Islands,8.230817,167.795322370453
9.0,1994.0,0.0,7200.0,0.97,0.97,2.018,0.452,Marshall Islands,8.230817,167.795322370453
10.0,1994.0,0.0,7440.0,1.012,1.012,2.103,0.473,Marshall Islands,8.230817,167.795322370453
11.0,1994.0,0.0,7200.0,0.939,0.939,2.094,0.448,Marshall Islands,8.230817,167.795322370453
12.0,1994.0,0.0,7440.0,0.897,0.897,2.058,0.435,Marshall Islands,8.230817,167.795322370453
1.0,1995.0,0.0,7440.0,0.958,0.958,2.056,0.472,Marshall Islands,8.230817,167.795322370453
2.0,1995.0,0.0,6720.0,1.051,1.051,2.096,0.462,Marshall Islands,8.230817,167.795322370453
3.0,1995.0,840.0,6600.0,1.066,1.066,2.063,0.477,Marshall Islands,8.230817,167.795322370453
4.0,1995.0,480.0,6720.0,1.109,1.109,2.145,0.442,Marshall Islands,8.230817,167.795322370453
5.0,1995.0,0.0,7440.0,1.038,1.038,2.052,0.422,Marshall Islands,8.230817,167.795322370453
6.0,1995.0,0.0,7200.0,0.954,0.954,1.985,0.418,Marshall Islands,8.230817,167.795322370453
7.0,1995.0,960.0,6480.0,0.967,0.967,2.025,0.471,Marshall Islands,8.230817,167.795322370453
8.0,1995.0,0.0,7440.0,1.021,1.021,2.067,0.461,Marshall Islands,8.230817,167.795322370453
9.0,1995.0,0.0,7200.0,1.055,1.055,2.081,0.471,Marshall Islands,8.230817,167.795322370453
10.0,1995.0,0.0,7440.0,1.054,1.054,2.096,0.456,Marshall Islands,8.230817,167.795322370453
11.0,1995.0,0.0,7200.0,1.096,1.096,2.191,0.445,Marshall Islands,8.230817,167.795322370453
12.0,1995.0,0.0,7440.0,0.966,0.966,2.054,0.433,Marshall Islands,8.230817,167.795322370453
1.0,1996.0,0.0,7440.0,1.037,1.037,2.195,0.45,Marshall Islands,8.230817,167.795322370453
2.0,1996.0,0.0,6960.0,1.094,1.094,2.173,0.46,Marshall Islands,8.230817,167.795322370453
3.0,1996.0,0.0,7440.0,1.029,1.029,2.013,0.463,Marshall Islands,8.230817,167.795322370453
4.0,1996.0,0.0,7200.0,1.052,1.052,2.019,0.451,Marshall Islands,8.230817,167.795322370453
5.0,1996.0,10.0,7430.0,1.049,1.049,2.057,0.432,Marshall Islands,8.230817,167.795322370453
6.0,1996.0,10.0,7190.0,1.003,1.003,2.005,0.42,Marshall Islands,8.230817,167.795322370453
7.0,1996.0,50.0,7390.0,0.996,0.996,2.091,0.453,Marshall Islands,8.230817,167.795322370453
8.0,1996.0,30.0,7410.0,1.035,1.035,2.155,0.468,Marshall Islands,8.230817,167.795322370453
9.0,1996.0,0.0,7200.0,1.139,1.139,2.17,0.465,Marshall Islands,8.230817,167.795322370453
10.0,1996.0,0.0,7440.0,1.136,1.136,2.168,0.449,Marshall Islands,8.230817,167.795322370453
11.0,1996.0,0.0,7200.0,1.134,1.134,2.172,0.446,Marshall Islands,8.230817,167.795322370453
12.0,1996.0,0.0,7440.0,1.073,1.073,2.103,0.439,Marshall Islands,8.230817,167.795322370453
1.0,1997.0,0.0,7440.0,1.026,1.026,2.172,0.444,Marshall Islands,8.230817,167.795322370453
2.0,1997.0,0.0,6720.0,1.098,1.098,2.194,0.474,Marshall Islands,8.230817,167.795322370453
3.0,1997.0,0.0,7440.0,1.139,1.139,2.262,0.463,Marshall Islands,8.230817,167.795322370453
4.0,1997.0,0.0,7200.0,1.049,1.049,2.139,0.459,Marshall Islands,8.230817,167.795322370453
5.0,1997.0,0.0,7440.0,0.974,0.974,1.978,0.444,Marshall Islands,8.230817,167.795322370453
6.0,1997.0,0.0,7200.0,0.9,0.9,1.84,0.425,Marshall Islands,8.230817,167.795322370453
7.0,1997.0,0.0,7440.0,0.873,0.873,1.948,0.432,Marshall Islands,8.230817,167.795322370453
8.0,1997.0,763.0,6677.0,0.856,0.856,1.958,0.454,Marshall Islands,8.230817,167.795322370453
9.0,1997.0,3140.0,4060.0,0.836,0.836,1.937,0.495,Marshall Islands,8.230817,167.795322370453
10.0,1997.0,0.0,7440.0,0.834,0.834,1.891,0.465,Marshall Islands,8.230817,167.795322370453
11.0,1997.0,0.0,7200.0,0.74,0.74,1.762,0.441,Marshall Islands,8.230817,167.795322370453
12.0,1997.0,0.0,7440.0,0.716,0.716,1.748,0.442,Marshall Islands,8.230817,167.795322370453
1.0,1998.0,0.0,7440.0,0.788,0.788,1.935,0.463,Marshall Islands,8.230817,167.795322370453
2.0,1998.0,0.0,6720.0,0.994,0.994,2.182,0.455,Marshall Islands,8.230817,167.795322370453
3.0,1998.0,0.0,7440.0,1.071,1.071,2.118,0.471,Marshall Islands,8.230817,167.795322370453
4.0,1998.0,0.0,7200.0,1.071,1.071,2.109,0.451,Marshall Islands,8.230817,167.795322370453
5.0,1998.0,0.0,7440.0,1.056,1.056,2.073,0.437,Marshall Islands,8.230817,167.795322370453
6.0,1998.0,0.0,7200.0,1.127,1.127,2.058,0.415,Marshall Islands,8.230817,167.795322370453
7.0,1998.0,0.0,7440.0,1.086,1.086,2.023,0.405,Marshall Islands,8.230817,167.795322370453
8.0,1998.0,0.0,7440.0,1.091,1.091,2.103,0.42,Marshall Islands,8.230817,167.795322370453
9.0,1998.0,0.0,7200.0,1.113,1.113,2.176,0.445,Marshall Islands,8.230817,167.795322370453
10.0,1998.0,0.0,7440.0,1.123,1.123,2.216,0.449,Marshall Islands,8.230817,167.795322370453
11.0,1998.0,0.0,7200.0,1.076,1.076,2.149,0.451,Marshall Islands,8.230817,167.795322370453
12.0,1998.0,0.0,7440.0,1.069,1.069,2.19,0.453,Marshall Islands,8.230817,167.795322370453
1.0,1999.0,0.0,7440.0,1.033,1.033,2.059,0.442,Marshall Islands,8.230817,167.795322370453
2.0,1999.0,0.0,6720.0,1.05,1.05,2.046,0.441,Marshall Islands,8.230817,167.795322370453
3.0,1999.0,0.0,7440.0,1.058,1.058,2.076,0.468,Marshall Islands,8.230817,167.795322370453
4.0,1999.0,0.0,7200.0,1.049,1.049,2.088,0.451,Marshall Islands,8.230817,167.795322370453
5.0,1999.0,0.0,7440.0,1.024,1.024,2.068,0.432,Marshall Islands,8.230817,167.795322370453
6.0,1999.0,0.0,7200.0,1.025,1.025,2.057,0.412,Marshall Islands,8.230817,167.795322370453
7.0,1999.0,0.0,7440.0,0.977,0.977,1.983,0.421,Marshall Islands,8.230817,167.795322370453
8.0,1999.0,6412.0,1028.0,0.953,0.953,1.884,0.541,Marshall Islands,8.230817,167.795322370453
9.0,1999.0,1665.0,5535.0,1.016,1.016,2.077,0.49,Marshall Islands,8.230817,167.795322370453
10.0,1999.0,0.0,7440.0,1.036,1.036,2.018,0.444,Marshall Islands,8.230817,167.795322370453
11.0,1999.0,0.0,7200.0,1.083,1.083,2.18,0.446,Marshall Islands,8.230817,167.795322370453
12.0,1999.0,273.0,7167.0,1.029,1.029,2.152,0.437,Marshall Islands,8.230817,167.795322370453
1.0,2000.0,5315.0,2125.0,1.075,1.075,1.854,0.369,Marshall Islands,8.230817,167.795322370453
2.0,2000.0,5.0,6955.0,0.968,0.968,1.999,0.459,Marshall Islands,8.230817,167.795322370453
3.0,2000.0,0.0,7440.0,1.112,1.112,2.101,0.453,Marshall Islands,8.230817,167.795322370453
4.0,2000.0,0.0,7200.0,1.107,1.107,2.044,0.46,Marshall Islands,8.230817,167.795322370453
5.0,2000.0,0.0,7440.0,1.106,1.106,2.184,0.449,Marshall Islands,8.230817,167.795322370453
6.0,2000.0,0.0,7200.0,1.057,1.057,2.109,0.423,Marshall Islands,8.230817,167.795322370453
7.0,2000.0,0.0,7440.0,1.045,1.045,2.102,0.434,Marshall Islands,8.230817,167.795322370453
8.0,2000.0,0.0,7440.0,1.026,1.026,2.04,0.445,Marshall Islands,8.230817,167.795322370453
9.0,2000.0,0.0,7200.0,1.002,1.002,1.991,0.445,Marshall Islands,8.230817,167.795322370453
10.0,2000.0,0.0,7440.0,1.172,1.172,2.147,0.449,Marshall Islands,8.230817,167.795322370453
11.0,2000.0,0.0,7200.0,1.175,1.175,2.142,0.439,Marshall Islands,8.230817,167.795322370453
12.0,2000.0,0.0,7440.0,1.123,1.123,2.181,0.437,Marshall Islands,8.230817,167.795322370453
1.0,2001.0,0.0,7440.0,1.032,1.032,2.112,0.436,Marshall Islands,8.230817,167.795322370453
2.0,2001.0,0.0,6720.0,1.152,1.152,2.334,0.457,Marshall Islands,8.230817,167.795322370453
3.0,2001.0,0.0,7440.0,1.111,1.111,2.192,0.455,Marshall Islands,8.230817,167.795322370453
4.0,2001.0,0.0,7200.0,1.089,1.089,2.101,0.451,Marshall Islands,8.230817,167.795322370453
5.0,2001.0,0.0,7440.0,1.071,1.071,2.022,0.42,Marshall Islands,8.230817,167.795322370453
6.0,2001.0,0.0,7200.0,1.026,1.026,1.976,0.412,Marshall Islands,8.230817,167.795322370453
7.0,2001.0,0.0,7440.0,0.987,0.987,1.991,0.4,Marshall Islands,8.230817,167.795322370453
8.0,2001.0,0.0,7440.0,0.996,0.996,2.063,0.429,Marshall Islands,8.230817,167.795322370453
9.0,2001.0,0.0,7200.0,1.043,1.043,2.101,0.447,Marshall Islands,8.230817,167.795322370453
10.0,2001.0,286.0,7154.0,1.125,1.125,2.135,0.45,Marshall Islands,8.230817,167.795322370453
11.0,2001.0,0.0,7200.0,1.089,1.089,2.046,0.442,Marshall Islands,8.230817,167.795322370453
12.0,2001.0,0.0,7440.0,1.091,1.091,2.05,0.425,Marshall Islands,8.230817,167.795322370453
1.0,2002.0,0.0,7440.0,1.08,1.08,2.157,0.433,Marshall Islands,8.230817,167.795322370453
2.0,2002.0,0.0,6720.0,1.059,1.059,2.184,0.434,Marshall Islands,8.230817,167.795322370453
3.0,2002.0,0.0,7440.0,1.074,1.074,2.202,0.474,Marshall Islands,8.230817,167.795322370453
4.0,2002.0,0.0,7200.0,1.089,1.089,2.098,0.444,Marshall Islands,8.230817,167.795322370453
5.0,2002.0,0.0,7440.0,1.043,1.043,1.926,0.408,Marshall Islands,8.230817,167.795322370453
6.0,2002.0,0.0,7200.0,0.994,0.994,1.881,0.4,Marshall Islands,8.230817,167.795322370453
7.0,2002.0,0.0,7440.0,0.984,0.984,1.904,0.394,Marshall Islands,8.230817,167.795322370453
8.0,2002.0,0.0,7440.0,0.967,0.967,2.001,0.416,Marshall Islands,8.230817,167.795322370453
9.0,2002.0,3330.0,3870.0,0.948,0.948,2.101,0.457,Marshall Islands,8.230817,167.795322370453
10.0,2002.0,1482.0,5958.0,0.939,0.939,1.998,0.428,Marshall Islands,8.230817,167.795322370453
11.0,2002.0,0.0,7200.0,0.969,0.969,2.026,0.452,Marshall Islands,8.230817,167.795322370453
12.0,2002.0,0.0,7440.0,0.938,0.938,1.975,0.43,Marshall Islands,8.230817,167.795322370453
1.0,2003.0,0.0,7440.0,1.031,1.031,1.987,0.425,Marshall Islands,8.230817,167.795322370453
2.0,2003.0,0.0,6720.0,1.129,1.129,2.191,0.439,Marshall Islands,8.230817,167.795322370453
3.0,2003.0,0.0,7440.0,1.11,1.11,2.202,0.47,Marshall Islands,8.230817,167.795322370453
4.0,2003.0,0.0,7200.0,1.121,1.121,2.203,0.46,Marshall Islands,8.230817,167.795322370453
5.0,2003.0,0.0,7440.0,1.114,1.114,2.203,0.429,Marshall Islands,8.230817,167.795322370453
6.0,2003.0,0.0,7200.0,1.008,1.008,1.928,0.399,Marshall Islands,8.230817,167.795322370453
7.0,2003.0,0.0,7440.0,1.023,1.023,2.0,0.416,Marshall Islands,8.230817,167.795322370453
8.0,2003.0,0.0,7440.0,1.024,1.024,2.033,0.437,Marshall Islands,8.230817,167.795322370453
9.0,2003.0,0.0,7200.0,1.064,1.064,2.126,0.462,Marshall Islands,8.230817,167.795322370453
10.0,2003.0,0.0,7440.0,1.071,1.071,2.132,0.451,Marshall Islands,8.230817,167.795322370453
11.0,2003.0,0.0,7200.0,1.02,1.02,2.154,0.443,Marshall Islands,8.230817,167.795322370453
12.0,2003.0,0.0,7440.0,1.066,1.066,2.133,0.417,Marshall Islands,8.230817,167.795322370453
1.0,2004.0,0.0,7440.0,1.079,1.079,2.124,0.418,Marshall Islands,8.230817,167.795322370453
2.0,2004.0,0.0,6960.0,1.131,1.131,2.121,0.452,Marshall Islands,8.230817,167.795322370453
3.0,2004.0,0.0,7440.0,1.121,1.121,2.149,0.448,Marshall Islands,8.230817,167.795322370453
4.0,2004.0,0.0,7200.0,1.079,1.079,2.092,0.449,Marshall Islands,8.230817,167.795322370453
5.0,2004.0,0.0,7440.0,1.066,1.066,2.147,0.432,Marshall Islands,8.230817,167.795322370453
6.0,2004.0,0.0,7200.0,1.061,1.061,2.053,0.397,Marshall Islands,8.230817,167.795322370453
7.0,2004.0,0.0,7440.0,1.063,1.063,2.015,0.403,Marshall Islands,8.230817,167.795322370453
8.0,2004.0,0.0,7440.0,1.023,1.023,2.076,0.447,Marshall Islands,8.230817,167.795322370453
9.0,2004.0,0.0,7200.0,1.046,1.046,1.983,0.445,Marshall Islands,8.230817,167.795322370453
10.0,2004.0,0.0,7440.0,1.085,1.085,2.065,0.45,Marshall Islands,8.230817,167.795322370453
11.0,2004.0,0.0,7200.0,1.1,1.1,2.131,0.419,Marshall Islands,8.230817,167.795322370453
12.0,2004.0,0.0,7440.0,1.032,1.032,2.088,0.406,Marshall Islands,8.230817,167.795322370453
1.0,2005.0,0.0,7440.0,1.047,1.047,2.11,0.425,Marshall Islands,8.230817,167.795322370453
2.0,2005.0,270.0,6450.0,1.054,1.054,2.093,0.46,Marshall Islands,8.230817,167.795322370453
3.0,2005.0,0.0,7440.0,1.067,1.067,2.173,0.457,Marshall Islands,8.230817,167.795322370453
4.0,2005.0,0.0,7200.0,1.044,1.044,2.04,0.446,Marshall Islands,8.230817,167.795322370453
5.0,2005.0,0.0,7440.0,1.069,1.069,2.033,0.414,Marshall Islands,8.230817,167.795322370453
6.0,2005.0,0.0,7200.0,1.011,1.011,1.936,0.398,Marshall Islands,8.230817,167.795322370453
7.0,2005.0,0.0,7440.0,1.02,1.02,2.097,0.406,Marshall Islands,8.230817,167.795322370453
8.0,2005.0,0.0,7440.0,1.023,1.023,2.13,0.422,Marshall Islands,8.230817,167.795322370453
9.0,2005.0,0.0,7200.0,1.089,1.089,2.209,0.464,Marshall Islands,8.230817,167.795322370453
10.0,2005.0,0.0,7440.0,1.091,1.091,2.096,0.455,Marshall Islands,8.230817,167.795322370453
11.0,2005.0,0.0,7200.0,1.088,1.088,2.055,0.426,Marshall Islands,8.230817,167.795322370453
12.0,2005.0,0.0,7440.0,1.081,1.081,2.119,0.415,Marshall Islands,8.230817,167.795322370453
1.0,2006.0,0.0,7440.0,1.087,1.087,2.241,0.442,Marshall Islands,8.230817,167.795322370453
2.0,2006.0,0.0,6720.0,1.151,1.151,2.322,0.444,Marshall Islands,8.230817,167.795322370453
3.0,2006.0,0.0,7440.0,1.104,1.104,2.34,0.493,Marshall Islands,8.230817,167.795322370453
4.0,2006.0,0.0,7200.0,1.064,1.064,2.092,0.458,Marshall Islands,8.230817,167.795322370453
5.0,2006.0,0.0,7440.0,1.024,1.024,1.907,0.413,Marshall Islands,8.230817,167.795322370453
6.0,2006.0,0.0,7200.0,0.997,0.997,1.887,0.393,Marshall Islands,8.230817,167.795322370453
7.0,2006.0,1164.0,6276.0,0.976,0.976,1.945,0.401,Marshall Islands,8.230817,167.795322370453
8.0,2006.0,0.0,7440.0,0.988,0.988,2.084,0.426,Marshall Islands,8.230817,167.795322370453
9.0,2006.0,918.0,6282.0,1.022,1.022,2.131,0.427,Marshall Islands,8.230817,167.795322370453
10.0,2006.0,0.0,7440.0,1.079,1.079,2.168,0.446,Marshall Islands,8.230817,167.795322370453
11.0,2006.0,0.0,7200.0,0.994,0.994,2.047,0.423,Marshall Islands,8.230817,167.795322370453
12.0,2006.0,0.0,7440.0,0.948,0.948,1.88,0.408,Marshall Islands,8.230817,167.795322370453
1.0,2007.0,0.0,7440.0,1.081,1.081,2.098,0.428,Marshall Islands,8.230817,167.795322370453
2.0,2007.0,0.0,6720.0,1.094,1.094,2.226,0.443,Marshall Islands,8.230817,167.795322370453
3.0,2007.0,550.0,6890.0,1.129,1.129,2.194,0.454,Marshall Islands,8.230817,167.795322370453
4.0,2007.0,217.0,6983.0,1.194,1.194,2.259,0.441,Marshall Islands,8.230817,167.795322370453
5.0,2007.0,0.0,7440.0,1.124,1.124,2.144,0.414,Marshall Islands,8.230817,167.795322370453
6.0,2007.0,0.0,7200.0,1.105,1.105,2.08,0.392,Marshall Islands,8.230817,167.795322370453
7.0,2007.0,0.0,7440.0,1.11,1.11,2.057,0.418,Marshall Islands,8.230817,167.795322370453
8.0,2007.0,0.0,7440.0,1.053,1.053,2.071,0.448,Marshall Islands,8.230817,167.795322370453
9.0,2007.0,0.0,7200.0,1.156,1.156,2.325,0.461,Marshall Islands,8.230817,167.795322370453
10.0,2007.0,0.0,7440.0,1.204,1.204,2.214,0.452,Marshall Islands,8.230817,167.795322370453
11.0,2007.0,0.0,7200.0,1.144,1.144,2.193,0.421,Marshall Islands,8.230817,167.795322370453
12.0,2007.0,0.0,7440.0,1.138,1.138,2.117,0.4,Marshall Islands,8.230817,167.795322370453
1.0,2008.0,0.0,7440.0,1.124,1.124,2.123,0.421,Marshall Islands,8.230817,167.795322370453
2.0,2008.0,0.0,6960.0,1.125,1.125,2.175,0.462,Marshall Islands,8.230817,167.795322370453
3.0,2008.0,0.0,7440.0,1.095,1.095,2.134,0.451,Marshall Islands,8.230817,167.795322370453
4.0,2008.0,0.0,7200.0,1.108,1.108,2.158,0.449,Marshall Islands,8.230817,167.795322370453
5.0,2008.0,0.0,7440.0,1.072,1.072,2.136,0.426,Marshall Islands,8.230817,167.795322370453
6.0,2008.0,0.0,7200.0,1.048,1.048,2.044,0.401,Marshall Islands,8.230817,167.795322370453
7.0,2008.0,0.0,7440.0,1.038,1.038,2.03,0.419,Marshall Islands,8.230817,167.795322370453
8.0,2008.0,0.0,7440.0,1.035,1.035,2.082,0.451,Marshall Islands,8.230817,167.795322370453
9.0,2008.0,0.0,7200.0,1.045,1.045,2.067,0.457,Marshall Islands,8.230817,167.795322370453
10.0,2008.0,0.0,7440.0,1.124,1.124,2.19,0.451,Marshall Islands,8.230817,167.795322370453
11.0,2008.0,0.0,7200.0,1.083,1.083,2.109,0.407,Marshall Islands,8.230817,167.795322370453
12.0,2008.0,0.0,7440.0,1.12,1.12,2.137,0.406,Marshall Islands,8.230817,167.795322370453
1.0,2009.0,0.0,7440.0,1.101,1.101,2.183,0.438,Marshall Islands,8.230817,167.795322370453
2.0,2009.0,0.0,6720.0,1.106,1.106,2.241,0.462,Marshall Islands,8.230817,167.795322370453
3.0,2009.0,0.0,7440.0,1.119,1.119,2.133,0.466,Marshall Islands,8.230817,167.795322370453
4.0,2009.0,0.0,7200.0,1.097,1.097,2.015,0.428,Marshall Islands,8.230817,167.795322370453
5.0,2009.0,0.0,7440.0,1.051,1.051,2.022,0.402,Marshall Islands,8.230817,167.795322370453
6.0,2009.0,0.0,7200.0,1.061,1.061,2.036,0.393,Marshall Islands,8.230817,167.795322370453
7.0,2009.0,0.0,7440.0,1.047,1.047,2.113,0.401,Marshall Islands,8.230817,167.795322370453
8.0,2009.0,0.0,7440.0,1.024,1.024,2.095,0.429,Marshall Islands,8.230817,167.795322370453
9.0,2009.0,0.0,7200.0,1.048,1.048,2.04,0.443,Marshall Islands,8.230817,167.795322370453
10.0,2009.0,0.0,7440.0,1.054,1.054,2.014,0.451,Marshall Islands,8.230817,167.795322370453
11.0,2009.0,0.0,7200.0,0.99,0.99,1.964,0.436,Marshall Islands,8.230817,167.795322370453
12.0,2009.0,0.0,7440.0,0.978,0.978,2.003,0.425,Marshall Islands,8.230817,167.795322370453
1.0,2010.0,0.0,7440.0,1.009,1.009,2.157,0.45,Marshall Islands,8.230817,167.795322370453
2.0,2010.0,0.0,6720.0,1.042,1.042,2.189,0.446,Marshall Islands,8.230817,167.795322370453
3.0,2010.0,0.0,7440.0,1.147,1.147,2.234,0.481,Marshall Islands,8.230817,167.795322370453
4.0,2010.0,0.0,7200.0,1.144,1.144,2.102,0.437,Marshall Islands,8.230817,167.795322370453
5.0,2010.0,0.0,7440.0,1.115,1.115,2.034,0.409,Marshall Islands,8.230817,167.795322370453
6.0,2010.0,0.0,7200.0,1.074,1.074,2.004,0.389,Marshall Islands,8.230817,167.795322370453
7.0,2010.0,0.0,7440.0,1.056,1.056,2.067,0.417,Marshall Islands,8.230817,167.795322370453
8.0,2010.0,0.0,7440.0,1.086,1.086,2.159,0.433,Marshall Islands,8.230817,167.795322370453
9.0,2010.0,0.0,7200.0,1.175,1.175,2.285,0.445,Marshall Islands,8.230817,167.795322370453
10.0,2010.0,0.0,7440.0,1.111,1.111,2.143,0.438,Marshall Islands,8.230817,167.795322370453
11.0,2010.0,0.0,7200.0,1.176,1.176,2.213,0.429,Marshall Islands,8.230817,167.795322370453
12.0,2010.0,0.0,7440.0,1.107,1.107,2.146,0.428,Marshall Islands,8.230817,167.795322370453
1.0,2011.0,0.0,7440.0,1.167,1.167,2.196,0.438,Marshall Islands,8.230817,167.795322370453
2.0,2011.0,0.0,6720.0,1.237,1.237,2.405,0.463,Marshall Islands,8.230817,167.795322370453
3.0,2011.0,0.0,7440.0,1.128,1.128,2.243,0.471,Marshall Islands,8.230817,167.795322370453
4.0,2011.0,0.0,7200.0,1.104,1.104,2.162,0.441,Marshall Islands,8.230817,167.795322370453
5.0,2011.0,0.0,7440.0,1.109,1.109,2.093,0.415,Marshall Islands,8.230817,167.795322370453
6.0,2011.0,0.0,7200.0,1.095,1.095,2.019,0.409,Marshall Islands,8.230817,167.795322370453
7.0,2011.0,0.0,7440.0,1.11,1.11,2.087,0.422,Marshall Islands,8.230817,167.795322370453
8.0,2011.0,0.0,7440.0,1.099,1.099,2.133,0.455,Marshall Islands,8.230817,167.795322370453
9.0,2011.0,0.0,7200.0,1.159,1.159,2.285,0.457,Marshall Islands,8.230817,167.795322370453
10.0,2011.0,0.0,7440.0,1.214,1.214,2.211,0.444,Marshall Islands,8.230817,167.795322370453
11.0,2011.0,0.0,7200.0,1.147,1.147,2.193,0.416,Marshall Islands,8.230817,167.795322370453
12.0,2011.0,0.0,7440.0,1.131,1.131,2.114,0.418,Marshall Islands,8.230817,167.795322370453
1.0,2012.0,0.0,7440.0,1.139,1.139,2.144,0.438,Marshall Islands,8.230817,167.795322370453
2.0,2012.0,0.0,6960.0,1.141,1.141,2.153,0.475,Marshall Islands,8.230817,167.795322370453
3.0,2012.0,0.0,7440.0,1.195,1.195,2.197,0.455,Marshall Islands,8.230817,167.795322370453
4.0,2012.0,0.0,7200.0,1.196,1.196,2.262,0.446,Marshall Islands,8.230817,167.795322370453
5.0,2012.0,0.0,7440.0,1.172,1.172,2.209,0.421,Marshall Islands,8.230817,167.795322370453
6.0,2012.0,0.0,7200.0,1.195,1.195,2.198,0.418,Marshall Islands,8.230817,167.795322370453
7.0,2012.0,0.0,7440.0,1.148,1.148,2.147,0.434,Marshall Islands,8.230817,167.795322370453
8.0,2012.0,0.0,7440.0,1.127,1.127,2.149,0.461,Marshall Islands,8.230817,167.795322370453
9.0,2012.0,0.0,7200.0,1.116,1.116,2.102,0.457,Marshall Islands,8.230817,167.795322370453
10.0,2012.0,0.0,7440.0,1.101,1.101,2.157,0.452,Marshall Islands,8.230817,167.795322370453
11.0,2012.0,0.0,7200.0,1.12,1.12,2.185,0.439,Marshall Islands,8.230817,167.795322370453
12.0,2012.0,1696.0,5744.0,1.103,1.103,2.135,0.441,Marshall Islands,8.230817,167.795322370453
1.0,2013.0,0.0,7440.0,1.112,1.112,2.17,0.441,Marshall Islands,8.230817,167.795322370453
2.0,2013.0,0.0,6720.0,1.066,1.066,2.058,0.446,Marshall Islands,8.230817,167.795322370453
3.0,2013.0,0.0,7440.0,1.139,1.139,2.147,0.47,Marshall Islands,8.230817,167.795322370453
4.0,2013.0,0.0,7200.0,1.094,1.094,2.134,0.456,Marshall Islands,8.230817,167.795322370453
5.0,2013.0,0.0,7440.0,1.094,1.094,2.118,0.432,Marshall Islands,8.230817,167.795322370453
6.0,2013.0,0.0,7200.0,1.081,1.081,2.09,0.426,Marshall Islands,8.230817,167.795322370453
7.0,2013.0,0.0,7440.0,1.046,1.046,2.151,0.427,Marshall Islands,8.230817,167.795322370453
8.0,2013.0,0.0,7440.0,1.066,1.066,2.174,0.45,Marshall Islands,8.230817,167.795322370453
9.0,2013.0,0.0,7200.0,1.11,1.11,2.085,0.444,Marshall Islands,8.230817,167.795322370453
10.0,2013.0,0.0,7440.0,1.123,1.123,2.044,0.444,Marshall Islands,8.230817,167.795322370453
11.0,2013.0,0.0,7200.0,1.176,1.176,2.181,0.445,Marshall Islands,8.230817,167.795322370453
12.0,2013.0,0.0,7440.0,1.077,1.077,2.153,0.454,Marshall Islands,8.230817,167.795322370453
1.0,2014.0,0.0,7440.0,1.161,1.161,2.185,0.468,Marshall Islands,8.230817,167.795322370453
2.0,2014.0,0.0,6720.0,1.171,1.171,2.309,0.454,Marshall Islands,8.230817,167.795322370453
3.0,2014.0,0.0,7440.0,1.134,1.134,2.246,0.477,Marshall Islands,8.230817,167.795322370453
4.0,2014.0,0.0,7200.0,1.064,1.064,1.973,0.433,Marshall Islands,8.230817,167.795322370453
5.0,2014.0,0.0,7440.0,1.023,1.023,2.0,0.424,Marshall Islands,8.230817,167.795322370453
6.0,2014.0,0.0,7200.0,1.044,1.044,2.039,0.426,Marshall Islands,8.230817,167.795322370453
7.0,2014.0,0.0,7440.0,1.038,1.038,2.109,0.439,Marshall Islands,8.230817,167.795322370453
8.0,2014.0,0.0,7440.0,1.042,1.042,2.121,0.441,Marshall Islands,8.230817,167.795322370453
9.0,2014.0,0.0,7200.0,1.098,1.098,2.133,0.466,Marshall Islands,8.230817,167.795322370453
10.0,2014.0,0.0,7440.0,1.099,1.099,2.132,0.458,Marshall Islands,8.230817,167.795322370453
11.0,2014.0,0.0,7200.0,1.021,1.021,2.057,0.45,Marshall Islands,8.230817,167.795322370453
12.0,2014.0,0.0,7440.0,0.991,0.991,2.062,0.451,Marshall Islands,8.230817,167.795322370453
1.0,2015.0,0.0,7440.0,1.053,1.053,2.154,0.451,Marshall Islands,8.230817,167.795322370453
2.0,2015.0,0.0,6720.0,1.089,1.089,2.229,0.464,Marshall Islands,8.230817,167.795322370453
3.0,2015.0,0.0,7440.0,1.078,1.078,2.166,0.487,Marshall Islands,8.230817,167.795322370453
4.0,2015.0,0.0,7200.0,1.056,1.056,2.107,0.473,Marshall Islands,8.230817,167.795322370453
5.0,2015.0,0.0,7440.0,0.999,0.999,2.007,0.444,Marshall Islands,8.230817,167.795322370453
6.0,2015.0,0.0,7200.0,0.965,0.965,1.91,0.438,Marshall Islands,8.230817,167.795322370453
7.0,2015.0,0.0,7440.0,0.898,0.898,1.955,0.439,Marshall Islands,8.230817,167.795322370453
8.0,2015.0,0.0,7440.0,0.897,0.897,1.979,0.464,Marshall Islands,8.230817,167.795322370453
9.0,2015.0,0.0,7200.0,0.917,0.917,1.999,0.465,Marshall Islands,8.230817,167.795322370453
10.0,2015.0,0.0,7440.0,0.936,0.936,1.915,0.459,Marshall Islands,8.230817,167.795322370453
11.0,2015.0,0.0,7200.0,0.918,0.918,1.995,0.434,Marshall Islands,8.230817,167.795322370453
12.0,2015.0,0.0,7440.0,0.926,0.926,1.907,0.431,Marshall Islands,8.230817,167.795322370453
1.0,2016.0,0.0,7440.0,0.977,0.977,1.996,0.428,Marshall Islands,8.230817,167.795322370453
2.0,2016.0,0.0,6960.0,1.097,1.097,2.138,0.466,Marshall Islands,8.230817,167.795322370453
3.0,2016.0,0.0,7440.0,1.196,1.196,2.265,0.456,Marshall Islands,8.230817,167.795322370453
4.0,2016.0,0.0,7200.0,1.147,1.147,2.177,0.445,Marshall Islands,8.230817,167.795322370453
5.0,2016.0,0.0,7440.0,1.11,1.11,2.114,0.427,Marshall Islands,8.230817,167.795322370453
6.0,2016.0,0.0,7200.0,1.172,1.172,2.161,0.428,Marshall Islands,8.230817,167.795322370453
7.0,2016.0,0.0,7440.0,1.15,1.15,2.135,0.429,Marshall Islands,8.230817,167.795322370453
8.0,2016.0,0.0,7440.0,1.168,1.168,2.152,0.436,Marshall Islands,8.230817,167.795322370453
9.0,2016.0,0.0,7200.0,1.273,1.273,2.309,0.46,Marshall Islands,8.230817,167.795322370453
10.0,2016.0,0.0,7440.0,1.309,1.309,2.366,0.469,Marshall Islands,8.230817,167.795322370453
11.0,2016.0,0.0,7200.0,1.158,1.158,2.255,0.45,Marshall Islands,8.230817,167.795322370453
12.0,2016.0,0.0,7440.0,1.119,1.119,2.232,0.442,Marshall Islands,8.230817,167.795322370453
1.0,2017.0,0.0,7440.0,1.113,1.113,2.147,0.443,Marshall Islands,8.230817,167.795322370453
2.0,2017.0,0.0,6720.0,1.123,1.123,2.189,0.452,Marshall Islands,8.230817,167.795322370453
3.0,2017.0,0.0,7440.0,1.155,1.155,2.245,0.48,Marshall Islands,8.230817,167.795322370453
4.0,2017.0,0.0,7200.0,1.162,1.162,2.194,0.466,Marshall Islands,8.230817,167.795322370453
5.0,2017.0,0.0,7440.0,1.109,1.109,2.162,0.432,Marshall Islands,8.230817,167.795322370453
6.0,2017.0,0.0,7200.0,1.06,1.06,2.057,0.415,Marshall Islands,8.230817,167.795322370453
7.0,2017.0,0.0,7440.0,1.07,1.07,2.103,0.409,Marshall Islands,8.230817,167.795322370453
8.0,2017.0,0.0,7440.0,1.084,1.084,2.071,0.422,Marshall Islands,8.230817,167.795322370453
9.0,2017.0,0.0,7200.0,1.184,1.184,2.165,0.449,Marshall Islands,8.230817,167.795322370453
10.0,2017.0,0.0,7440.0,1.269,1.269,2.196,0.451,Marshall Islands,8.230817,167.795322370453
11.0,2017.0,0.0,7200.0,1.194,1.194,2.291,0.448,Marshall Islands,8.230817,167.795322370453
12.0,2017.0,0.0,7440.0,1.225,1.225,2.271,0.439,Marshall Islands,8.230817,167.795322370453
1.0,2018.0,0.0,7440.0,1.239,1.239,2.284,0.439,Marshall Islands,8.230817,167.795322370453
2.0,2018.0,0.0,6720.0,1.202,1.202,2.283,0.436,Marshall Islands,8.230817,167.795322370453
3.0,2018.0,0.0,7440.0,1.182,1.182,2.196,0.473,Marshall Islands,8.230817,167.795322370453
4.0,2018.0,0.0,7200.0,1.17,1.17,2.143,0.454,Marshall Islands,8.230817,167.795322370453
5.0,2018.0,0.0,7440.0,1.097,1.097,2.046,0.436,Marshall Islands,8.230817,167.795322370453
6.0,2018.0,0.0,7200.0,1.016,1.016,2.097,0.434,Marshall Islands,8.230817,167.795322370453
7.0,2018.0,0.0,7440.0,1.032,1.032,2.082,0.431,Marshall Islands,8.230817,167.795322370453
8.0,2018.0,0.0,7440.0,1.058,1.058,2.128,0.439,Marshall Islands,8.230817,167.795322370453
9.0,2018.0,0.0,7200.0,1.154,1.154,2.228,0.47,Marshall Islands,8.230817,167.795322370453
10.0,2018.0,0.0,7440.0,1.197,1.197,2.155,0.451,Marshall Islands,8.230817,167.795322370453
11.0,2018.0,0.0,7200.0,1.12,1.12,2.146,0.446,Marshall Islands,8.230817,167.795322370453
12.0,2018.0,0.0,7440.0,1.086,1.086,2.146,0.433,Marshall Islands,8.230817,167.795322370453
1.0,2019.0,0.0,7440.0,1.146,1.146,2.239,0.435,Marshall Islands,8.230817,167.795322370453
2.0,2019.0,0.0,6720.0,1.135,1.135,2.251,0.46,Marshall Islands,8.230817,167.795322370453
3.0,2019.0,0.0,7440.0,1.133,1.133,2.21,0.442,Marshall Islands,8.230817,167.795322370453
4.0,2019.0,0.0,7200.0,1.12,1.12,2.089,0.444,Marshall Islands,8.230817,167.795322370453
5.0,2019.0,0.0,7440.0,1.181,1.181,2.107,0.425,Marshall Islands,8.230817,167.795322370453
6.0,2019.0,0.0,7200.0,1.145,1.145,2.061,0.402,Marshall Islands,8.230817,167.795322370453
7.0,2019.0,0.0,7440.0,1.121,1.121,2.118,0.404,Marshall Islands,8.230817,167.795322370453
8.0,2019.0,0.0,7440.0,1.129,1.129,2.267,0.455,Marshall Islands,8.230817,167.795322370453
9.0,2019.0,0.0,7200.0,1.233,1.233,2.405,0.479,Marshall Islands,8.230817,167.795322370453
10.0,2019.0,0.0,7440.0,1.191,1.191,2.257,0.469,Marshall Islands,8.230817,167.795322370453
11.0,2019.0,0.0,7200.0,1.163,1.163,2.144,0.434,Marshall Islands,8.230817,167.795322370453
12.0,2019.0,0.0,7440.0,1.141,1.141,2.101,0.432,Marshall Islands,8.230817,167.795322370453
1.0,2020.0,0.0,7440.0,1.138,1.138,2.174,0.426,Marshall Islands,8.230817,167.795322370453
2.0,2020.0,333.0,6627.0,1.16,1.16,2.292,0.465,Marshall Islands,8.230817,167.795322370453
3.0,2020.0,0.0,7440.0,1.117,1.117,2.273,0.452,Marshall Islands,8.230817,167.795322370453
4.0,2020.0,0.0,7200.0,1.087,1.087,2.139,0.442,Marshall Islands,8.230817,167.795322370453
5.0,2020.0,0.0,7440.0,1.097,1.097,2.178,0.429,Marshall Islands,8.230817,167.795322370453
6.0,2020.0,0.0,7200.0,1.065,1.065,2.017,0.413,Marshall Islands,8.230817,167.795322370453
7.0,2020.0,0.0,7440.0,1.077,1.077,1.985,0.407,Marshall Islands,8.230817,167.795322370453
8.0,2020.0,0.0,7440.0,1.123,1.123,2.163,0.423,Marshall Islands,8.230817,167.795322370453
9.0,2020.0,0.0,7200.0,1.176,1.176,2.262,0.442,Marshall Islands,8.230817,167.795322370453
10.0,2020.0,0.0,7440.0,1.231,1.231,2.275,0.461,Marshall Islands,8.230817,167.795322370453
11.0,2020.0,0.0,7200.0,1.184,1.184,2.224,0.437,Marshall Islands,8.230817,167.795322370453
12.0,2020.0,0.0,7440.0,1.14,1.14,2.211,0.419,Marshall Islands,8.230817,167.795322370453
1.0,2021.0,0.0,7440.0,1.15,1.15,2.151,0.434,Marshall Islands,8.230817,167.795322370453
2.0,2021.0,0.0,6720.0,1.122,1.122,2.236,0.445,Marshall Islands,8.230817,167.795322370453
3.0,2021.0,0.0,7440.0,1.13,1.13,2.202,0.476,Marshall Islands,8.230817,167.795322370453
4.0,2021.0,0.0,7200.0,1.11,1.11,2.181,0.453,Marshall Islands,8.230817,167.795322370453
5.0,2021.0,0.0,7440.0,1.12,1.12,2.136,0.421,Marshall Islands,8.230817,167.795322370453
6.0,2021.0,817.0,6383.0,1.076,1.076,2.03,0.395,Marshall Islands,8.230817,167.795322370453
7.0,2021.0,0.0,7440.0,1.095,1.095,2.096,0.39,Marshall Islands,8.230817,167.795322370453
8.0,2021.0,0.0,7440.0,1.104,1.104,2.061,0.407,Marshall Islands,8.230817,167.795322370453
9.0,2021.0,0.0,7200.0,1.264,1.264,2.217,0.444,Marshall Islands,8.230817,167.795322370453
10.0,2021.0,0.0,7440.0,1.314,1.314,2.387,0.438,Marshall Islands,8.230817,167.795322370453
11.0,2021.0,0.0,7200.0,1.157,1.157,2.285,0.442,Marshall Islands,8.230817,167.795322370453
12.0,2021.0,0.0,7440.0,1.147,1.147,2.252,0.429,Marshall Islands,8.230817,167.795322370453
1.0,2022.0,1462.0,5978.0,1.15,1.15,2.201,0.455,Marshall Islands,8.230817,167.795322370453
2.0,2022.0,75.0,6645.0,1.206,1.206,2.202,0.434,Marshall Islands,8.230817,167.795322370453
3.0,2022.0,240.0,7200.0,1.242,1.242,2.293,0.476,Marshall Islands,8.230817,167.795322370453
4.0,2022.0,669.0,6531.0,1.165,1.165,2.199,0.463,Marshall Islands,8.230817,167.795322370453
5.0,2022.0,793.0,6647.0,1.066,1.066,2.057,0.42,Marshall Islands,8.230817,167.795322370453
6.0,2022.0,5.0,7195.0,1.042,1.042,2.032,0.396,Marshall Islands,8.230817,167.795322370453
7.0,2022.0,5672.0,1768.0,1.072,1.072,1.808,0.355,Marshall Islands,8.230817,167.795322370453
8.0,2022.0,7440.0,0.0,7440.0,7440.0,,0.0,Marshall Islands,8.230817,167.795322370453
9.0,2022.0,7200.0,0.0,7200.0,7200.0,,0.0,Marshall Islands,8.230817,167.795322370453
10.0,2022.0,7440.0,0.0,7440.0,7440.0,,0.0,Marshall Islands,8.230817,167.795322370453
11.0,2022.0,7200.0,0.0,7200.0,7200.0,,0.0,Marshall Islands,8.230817,167.795322370453
12.0,2022.0,7440.0,0.0,7440.0,7440.0,,0.0,Marshall Islands,8.230817,167.795322370453
1.0,2023.0,7440.0,0.0,7440.0,7440.0,,0.0,Marshall Islands,8.230817,167.795322370453
2.0,2023.0,5116.0,1604.0,1.191,1.191,2.243,0.417,Marshall Islands,8.230817,167.795322370453
3.0,2023.0,0.0,7440.0,1.129,1.129,2.222,0.443,Marshall Islands,8.230817,167.795322370453
4.0,2023.0,1.0,7199.0,1.126,1.126,2.074,0.443,Marshall Islands,8.230817,167.795322370453
5.0,2023.0,28.0,7412.0,1.102,1.102,2.074,0.421,Marshall Islands,8.230817,167.795322370453
6.0,2023.0,5124.0,2076.0,1.138,1.138,1.82,0.307,Marshall Islands,8.230817,167.795322370453
7.0,2023.0,1.0,7439.0,1.136,1.136,2.093,0.395,Marshall Islands,8.230817,167.795322370453
8.0,2023.0,60.0,7380.0,1.117,1.117,2.227,0.445,Marshall Islands,8.230817,167.795322370453
9.0,2023.0,4110.0,3090.0,1.088,1.088,2.163,0.408,Marshall Islands,8.230817,167.795322370453
10.0,2023.0,7440.0,0.0,7440.0,7440.0,,0.0,Marshall Islands,8.230817,167.795322370453
11.0,2023.0,5102.0,2098.0,1.028,1.028,1.999,0.498,Marshall Islands,8.230817,167.795322370453
12.0,2023.0,0.0,7440.0,1.012,1.012,1.966,0.402,Marshall Islands,8.230817,167.795322370453
1.0,2024.0,0.0,7440.0,1.038,1.038,2.094,0.421,Marshall Islands,8.230817,167.795322370453
2.0,2024.0,0.0,6960.0,1.084,1.084,2.247,0.454,Marshall Islands,8.230817,167.795322370453
3.0,2024.0,0.0,7440.0,1.117,1.117,2.275,0.456,Marshall Islands,8.230817,167.795322370453
4.0,2024.0,0.0,7200.0,1.126,1.126,2.167,0.437,Marshall Islands,8.230817,167.795322370453
5.0,2024.0,0.0,7440.0,1.086,1.086,2.123,0.414,Marshall Islands,8.230817,167.795322370453
6.0,2024.0,0.0,7200.0,1.067,1.067,1.946,0.394,Marshall Islands,8.230817,167.795322370453
7.0,2024.0,0.0,7440.0,1.082,1.082,2.101,0.395,Marshall Islands,8.230817,167.795322370453
8.0,2024.0,0.0,7440.0,1.062,1.062,2.151,0.426,Marshall Islands,8.230817,167.795322370453
9.0,2024.0,0.0,7200.0,1.162,1.162,2.29,0.465,Marshall Islands,8.230817,167.795322370453
10.0,2024.0,1.0,7439.0,1.17,1.17,2.301,0.458,Marshall Islands,8.230817,167.795322370453
11.0,2024.0,1.0,7199.0,1.104,1.104,2.19,0.426,Marshall Islands,8.230817,167.795322370453
1.0,2015.0,7440.0,0.0,,,,,NIUE,-19.05,-169.92
2.0,2015.0,6720.0,0.0,,,,,NIUE,-19.05,-169.92
3.0,2015.0,7440.0,0.0,,,,,NIUE,-19.05,-169.92
4.0,2015.0,7200.0,0.0,,,,,NIUE,-19.05,-169.92
5.0,2015.0,7440.0,0.0,,,,,NIUE,-19.05,-169.92
6.0,2015.0,7200.0,0.0,,,,,NIUE,-19.05,-169.92
7.0,2015.0,7440.0,0.0,,,,,NIUE,-19.05,-169.92
8.0,2015.0,1168.0,6272.0,0.106,1.369,0.766,0.311,NIUE,-19.05,-169.92
9.0,2015.0,0.0,7200.0,0.088,1.387,0.765,0.324,NIUE,-19.05,-169.92
10.0,2015.0,0.0,7440.0,0.1,1.501,0.781,0.325,NIUE,-19.05,-169.92
11.0,2015.0,0.0,7200.0,0.275,1.557,0.889,0.309,NIUE,-19.05,-169.92
12.0,2015.0,0.0,7440.0,0.217,1.346,0.754,0.302,NIUE,-19.05,-169.92
1.0,2016.0,0.0,7440.0,0.361,1.741,0.917,0.298,NIUE,-19.05,-169.92
2.0,2016.0,0.0,6960.0,0.288,1.422,0.843,0.291,NIUE,-19.05,-169.92
3.0,2016.0,0.0,7440.0,0.306,1.49,0.876,0.29,NIUE,-19.05,-169.92
4.0,2016.0,0.0,7200.0,0.279,1.512,0.853,0.279,NIUE,-19.05,-169.92
5.0,2016.0,0.0,7440.0,0.206,1.477,0.833,0.293,NIUE,-19.05,-169.92
6.0,2016.0,0.0,7200.0,0.108,1.355,0.746,0.297,NIUE,-19.05,-169.92
7.0,2016.0,0.0,7440.0,0.206,1.364,0.755,0.301,NIUE,-19.05,-169.92
8.0,2016.0,0.0,7440.0,0.202,1.293,0.749,0.299,NIUE,-19.05,-169.92
9.0,2016.0,0.0,7200.0,0.19,1.384,0.79,0.3,NIUE,-19.05,-169.92
10.0,2016.0,0.0,7440.0,0.198,1.482,0.832,0.301,NIUE,-19.05,-169.92
11.0,2016.0,0.0,7200.0,0.173,1.536,0.857,0.311,NIUE,-19.05,-169.92
12.0,2016.0,248.0,7192.0,0.147,1.501,0.833,0.314,NIUE,-19.05,-169.92
1.0,2017.0,0.0,7440.0,0.262,1.484,0.862,0.303,NIUE,-19.05,-169.92
2.0,2017.0,1261.0,5459.0,0.312,1.85,0.877,0.297,NIUE,-19.05,-169.92
3.0,2017.0,0.0,7440.0,0.258,1.396,0.792,0.296,NIUE,-19.05,-169.92
4.0,2017.0,0.0,7200.0,0.218,1.442,0.807,0.295,NIUE,-19.05,-169.92
5.0,2017.0,0.0,7440.0,0.092,1.384,0.78,0.303,NIUE,-19.05,-169.92
6.0,2017.0,291.0,6909.0,0.059,1.395,0.723,0.31,NIUE,-19.05,-169.92
7.0,2017.0,317.0,7123.0,0.178,1.473,0.803,0.315,NIUE,-19.05,-169.92
8.0,2017.0,0.0,7440.0,0.292,1.457,0.856,0.307,NIUE,-19.05,-169.92
9.0,2017.0,0.0,7200.0,0.286,1.411,0.844,0.306,NIUE,-19.05,-169.92
10.0,2017.0,0.0,7440.0,0.258,1.418,0.844,0.304,NIUE,-19.05,-169.92
11.0,2017.0,0.0,7200.0,0.243,1.533,0.897,0.311,NIUE,-19.05,-169.92
12.0,2017.0,0.0,7440.0,0.214,1.644,0.88,0.325,NIUE,-19.05,-169.92
1.0,2018.0,0.0,7440.0,0.18,1.551,0.81,0.311,NIUE,-19.05,-169.92
2.0,2018.0,0.0,6720.0,0.159,1.541,0.817,0.307,NIUE,-19.05,-169.92
3.0,2018.0,0.0,7440.0,0.246,1.46,0.876,0.302,NIUE,-19.05,-169.92
4.0,2018.0,0.0,7200.0,0.266,1.464,0.838,0.295,NIUE,-19.05,-169.92
5.0,2018.0,0.0,7440.0,0.183,1.386,0.793,0.288,NIUE,-19.05,-169.92
6.0,2018.0,0.0,7200.0,0.212,1.484,0.802,0.295,NIUE,-19.05,-169.92
7.0,2018.0,0.0,7440.0,0.171,1.491,0.818,0.303,NIUE,-19.05,-169.92
8.0,2018.0,0.0,7440.0,0.236,1.6,0.877,0.314,NIUE,-19.05,-169.92
9.0,2018.0,0.0,7200.0,0.302,1.54,0.893,0.319,NIUE,-19.05,-169.92
10.0,2018.0,0.0,7440.0,0.277,1.467,0.853,0.321,NIUE,-19.05,-169.92
11.0,2018.0,0.0,7200.0,0.324,1.505,0.927,0.317,NIUE,-19.05,-169.92
12.0,2018.0,0.0,7440.0,0.222,1.498,0.857,0.318,NIUE,-19.05,-169.92
1.0,2019.0,0.0,7440.0,0.195,1.495,0.853,0.312,NIUE,-19.05,-169.92
2.0,2019.0,0.0,6720.0,0.251,1.73,0.934,0.33,NIUE,-19.05,-169.92
3.0,2019.0,740.0,6700.0,0.208,1.445,0.839,0.297,NIUE,-19.05,-169.92
4.0,2019.0,0.0,7200.0,0.21,1.32,0.756,0.288,NIUE,-19.05,-169.92
5.0,2019.0,0.0,7440.0,0.237,1.285,0.747,0.285,NIUE,-19.05,-169.92
6.0,2019.0,0.0,7200.0,0.239,1.358,0.767,0.282,NIUE,-19.05,-169.92
7.0,2019.0,0.0,7440.0,0.123,1.429,0.788,0.298,NIUE,-19.05,-169.92
8.0,2019.0,1845.0,5595.0,0.202,1.472,0.843,0.328,NIUE,-19.05,-169.92
9.0,2019.0,7.0,7193.0,0.119,1.432,0.758,0.322,NIUE,-19.05,-169.92
10.0,2019.0,0.0,7440.0,0.146,1.489,0.792,0.32,NIUE,-19.05,-169.92
11.0,2019.0,0.0,7200.0,0.147,1.395,0.773,0.311,NIUE,-19.05,-169.92
12.0,2019.0,0.0,7440.0,0.149,1.936,0.751,0.317,NIUE,-19.05,-169.92
1.0,2020.0,3254.0,4186.0,0.216,2.794,0.824,0.331,NIUE,-19.05,-169.92
2.0,2020.0,6960.0,0.0,,,,,NIUE,-19.05,-169.92
3.0,2020.0,7440.0,0.0,,,,,NIUE,-19.05,-169.92
4.0,2020.0,7200.0,0.0,,,,,NIUE,-19.05,-169.92
5.0,2020.0,7440.0,0.0,,,,,NIUE,-19.05,-169.92
6.0,2020.0,7200.0,0.0,,,,,NIUE,-19.05,-169.92
7.0,2020.0,7440.0,0.0,,,,,NIUE,-19.05,-169.92
8.0,2020.0,7440.0,0.0,,,,,NIUE,-19.05,-169.92
9.0,2020.0,7200.0,0.0,,,,,NIUE,-19.05,-169.92
10.0,2020.0,7440.0,0.0,,,,,NIUE,-19.05,-169.92
11.0,2020.0,7200.0,0.0,,,,,NIUE,-19.05,-169.92
12.0,2020.0,7440.0,0.0,,,,,NIUE,-19.05,-169.92
1.0,2021.0,7440.0,0.0,,,,,NIUE,-19.05,-169.92
2.0,2021.0,6720.0,0.0,,,,,NIUE,-19.05,-169.92
3.0,2021.0,7440.0,0.0,,,,,NIUE,-19.05,-169.92
4.0,2021.0,7200.0,0.0,,,,,NIUE,-19.05,-169.92
5.0,2021.0,7440.0,0.0,,,,,NIUE,-19.05,-169.92
6.0,2021.0,7200.0,0.0,,,,,NIUE,-19.05,-169.92
7.0,2021.0,7440.0,0.0,,,,,NIUE,-19.05,-169.92
8.0,2021.0,7440.0,0.0,,,,,NIUE,-19.05,-169.92
9.0,2021.0,7200.0,0.0,,,,,NIUE,-19.05,-169.92
10.0,2021.0,7440.0,0.0,,,,,NIUE,-19.05,-169.92
11.0,2021.0,7200.0,0.0,,,,,NIUE,-19.05,-169.92
12.0,2021.0,7440.0,0.0,,,,,NIUE,-19.05,-169.92
1.0,2022.0,7440.0,0.0,,,,,NIUE,-19.05,-169.92
2.0,2022.0,6720.0,0.0,,,,,NIUE,-19.05,-169.92
3.0,2022.0,7440.0,0.0,,,,,NIUE,-19.05,-169.92
4.0,2022.0,7200.0,0.0,,,,,NIUE,-19.05,-169.92
5.0,2022.0,7440.0,0.0,,,,,NIUE,-19.05,-169.92
6.0,2022.0,7200.0,0.0,,,,,NIUE,-19.05,-169.92
7.0,2022.0,7440.0,0.0,,,,,NIUE,-19.05,-169.92
8.0,2022.0,7440.0,0.0,,,,,NIUE,-19.05,-169.92
9.0,2022.0,7200.0,0.0,,,,,NIUE,-19.05,-169.92
10.0,2022.0,7440.0,0.0,,,,,NIUE,-19.05,-169.92
11.0,2022.0,7200.0,0.0,,,,,NIUE,-19.05,-169.92
12.0,2022.0,7440.0,0.0,,,,,NIUE,-19.05,-169.92
1.0,2023.0,7440.0,0.0,,,,,NIUE,-19.05,-169.92
2.0,2023.0,6720.0,0.0,,,,,NIUE,-19.05,-169.92
3.0,2023.0,7440.0,0.0,,,,,NIUE,-19.05,-169.92
4.0,2023.0,7200.0,0.0,,,,,NIUE,-19.05,-169.92
5.0,2023.0,7440.0,0.0,,,,,NIUE,-19.05,-169.92
6.0,2023.0,7200.0,0.0,,,,,NIUE,-19.05,-169.92
7.0,2023.0,7440.0,0.0,,,,,NIUE,-19.05,-169.92
8.0,2023.0,7440.0,0.0,,,,,NIUE,-19.05,-169.92
9.0,2023.0,7200.0,0.0,,,,,NIUE,-19.05,-169.92
10.0,2023.0,7440.0,0.0,,,,,NIUE,-19.05,-169.92
11.0,2023.0,7200.0,0.0,,,,,NIUE,-19.05,-169.92
12.0,2023.0,1726.0,5714.0,0.307,1.467,0.864,0.309,NIUE,-19.05,-169.92
1.0,2024.0,1138.0,6302.0,0.365,1.571,0.946,0.296,NIUE,-19.05,-169.92
2.0,2024.0,391.0,6569.0,0.413,1.579,0.959,0.284,NIUE,-19.05,-169.92
3.0,2024.0,10.0,7430.0,0.299,1.633,0.852,0.279,NIUE,-19.05,-169.92
4.0,2024.0,2.0,7198.0,0.288,1.486,0.861,0.282,NIUE,-19.05,-169.92
5.0,2024.0,41.0,7399.0,0.32,1.769,0.894,0.294,NIUE,-19.05,-169.92
6.0,2024.0,2.0,7198.0,0.277,1.413,0.845,0.294,NIUE,-19.05,-169.92
7.0,2024.0,3.0,7437.0,0.251,1.614,0.825,0.298,NIUE,-19.05,-169.92
8.0,2024.0,9.0,7431.0,0.233,1.418,0.814,0.294,NIUE,-19.05,-169.92
9.0,2024.0,4.0,7196.0,0.242,1.467,0.846,0.296,NIUE,-19.05,-169.92
10.0,2024.0,66.0,7374.0,0.249,1.587,0.871,0.297,NIUE,-19.05,-169.92
11.0,2024.0,0.0,7200.0,0.273,1.544,0.876,0.29,NIUE,-19.05,-169.92
12.0,2024.0,1.0,7439.0,0.281,1.45,0.861,0.285,NIUE,-19.05,-169.92
1.0,2025.0,4.0,7436.0,0.307,1.869,0.886,0.307,NIUE,-19.05,-169.92
,,,4992.0,,,,,NIUE,-19.05,-169.92
,,,,,,,,NIUE,-19.05,-169.92
,,,,,,,,NIUE,-19.05,-169.92
,,,,,,,,NIUE,-19.05,-169.92
,,,,,,,,NIUE,-19.05,-169.92
,,,,,,,,NIUE,-19.05,-169.92
,,,,,,,,NIUE,-19.05,-169.92
,,,,,0.047,,,NIUE,-19.05,-169.92
